"month","stock","momentum","reversal","inv_vol","composite","fwd_return","port_return","ic"
2021-01-29,"INFY.NS",0.901114692651832,0.103660613517358,55.9787860642972,4.33333333333333,-0.00602765595446299,-0.055011165774012,-0.186292027594694
2021-01-29,"TCS.NS",0.437904466509322,0.0498571594173557,71.6463422558969,7.33333333333333,-0.0780576930511417,-0.055011165774012,-0.186292027594694
2021-01-29,"WIPRO.NS",0.635716287652311,0.0946577490761925,52.7124207688905,2.33333333333333,-0.0265717309076222,-0.055011165774012,-0.186292027594694
2021-01-29,"HCLTECH.NS",0.867011021910431,0.13433656840849,50.1926266179617,0.666666666666667,-0.0203586370366485,-0.055011165774012,-0.186292027594694
2021-01-29,"TECHM.NS",0.501130194855785,0.0726331157496059,49.7230437738339,2,-0.0243165126322815,-0.055011165774012,-0.186292027594694
2021-01-29,"HDFCBANK.NS",0.198154948467952,0.00209309084003456,60.9438851372405,6.33333333333333,0.0390384737396922,-0.055011165774012,-0.186292027594694
2021-01-29,"ICICIBANK.NS",-0.00752871152792356,0.102968295087497,54.4064483974879,-1,-0.0100197981680084,-0.055011165774012,-0.186292027594694
2021-01-29,"KOTAKBANK.NS",0.380608053178608,0.0638375923203457,62.4300390629515,5.66666666666667,-0.0117402182425872,-0.055011165774012,-0.186292027594694
2021-01-29,"AXISBANK.NS",-0.122435877252052,0.0278307268964669,42.9112502216716,-0.666666666666667,0.0217805682124029,-0.055011165774012,-0.186292027594694
2021-01-29,"SBIN.NS",-0.14556204476935,0.108445853222321,43.0161702621137,-5,0.255712861765813,-0.055011165774012,-0.186292027594694
2021-01-29,"SUNPHARMA.NS",0.444484497305855,0.098266463042143,51.3585922537922,0.666666666666667,0.0163482831337748,-0.055011165774012,-0.186292027594694
2021-01-29,"DRREDDY.NS",0.897914501482026,0.077571290617769,59.2623244611108,6.66666666666667,-0.0003612784592128,-0.055011165774012,-0.186292027594694
2021-01-29,"CIPLA.NS",0.732240872936184,0.0851640898413969,56.6881927178515,4.66666666666667,-0.0239956504273821,-0.055011165774012,-0.186292027594694
2021-01-29,"DIVISLAB.NS",1.17670044121454,0.0610784969649786,54.6008964021747,7.66666666666667,-0.029015919036901,-0.055011165774012,-0.186292027594694
2021-01-29,"APOLLOHOSP.NS",0.87288911843903,-0.0203817058509512,43.9808362710361,6,0.148357416900457,-0.055011165774012,-0.186292027594694
2021-01-29,"MARUTI.NS",0.126242010547631,0.0771506049554416,53.4469055783326,0.666666666666667,-0.0721167383893697,-0.055011165774012,-0.186292027594694
2021-01-29,"BAJAJ-AUTO.NS",0.173139078044958,0.0617822827980607,56.8691784624141,3.66666666666667,-0.0767979976035293,-0.055011165774012,-0.186292027594694
2021-01-29,"EICHERMOT.NS",0.209309774777068,-0.00071078113431165,49.5904043419606,3,-0.121093133188665,-0.055011165774012,-0.186292027594694
2021-01-29,"HEROMOTOCO.NS",0.561598510106715,-8.03671743177326e-05,59.5459597334869,8.33333333333333,-0.0153128725445322,-0.055011165774012,-0.186292027594694
2021-02-26,"INFY.NS",0.774667159515012,-0.0169780766218107,64.3408840801528,9,0.0797550376608364,0.0821993205218164,0.5838457035097
2021-02-26,"TCS.NS",0.592302718878881,0.0645507359468447,65.7637976050193,5,0.0867417311819123,0.0821993205218164,0.5838457035097
2021-02-26,"WIPRO.NS",0.839104987874861,0.0792051632706401,52.3315296768042,3.33333333333333,-0.000603315148590567,0.0821993205218164,0.5838457035097
2021-02-26,"HCLTECH.NS",0.737429266914237,-0.0345362674973569,54.9206643210411,7.66666666666667,0.0562155593732728,0.0821993205218164,0.5838457035097
2021-02-26,"TECHM.NS",0.411814139699942,-0.0169231703843143,51.3797194557886,2,0.0592412945160217,0.0821993205218164,0.5838457035097
2021-02-26,"HDFCBANK.NS",0.218966615121058,-0.0242448024791498,51.7980402351863,2.33333333333333,-0.0418563657115948,0.0821993205218164,0.5838457035097
2021-02-26,"ICICIBANK.NS",0.0316802418282074,0.0180093199198108,40.7083245813342,-2,-0.0431495047227965,0.0821993205218164,0.5838457035097
2021-02-26,"KOTAKBANK.NS",0.173576374138779,-0.140969405028709,54.2055954588063,5.33333333333333,-0.0500705016017506,0.0821993205218164,0.5838457035097
2021-02-26,"AXISBANK.NS",-0.0426225812856372,0.0626804716873703,37.9763920983518,-3.66666666666667,-0.0426873885856146,0.0821993205218164,0.5838457035097
2021-02-26,"SBIN.NS",-0.0939602710095736,0.00966361075909554,34.5436725210965,-3,-0.0776046761729754,0.0821993205218164,0.5838457035097
2021-02-26,"SUNPHARMA.NS",0.42013713649414,-0.0168553977956331,55.1468539054539,5,-0.0110018327016569,0.0821993205218164,0.5838457035097
2021-02-26,"DRREDDY.NS",0.540848210728155,-0.121848416103496,57.8360185998777,7.66666666666667,0.0140567142217479,0.0821993205218164,0.5838457035097
2021-02-26,"CIPLA.NS",0.843086565342777,-0.000846862213363742,60.273202185476,8.66666666666667,0.0320333584672897,0.0821993205218164,0.5838457035097
2021-02-26,"DIVISLAB.NS",0.775439764646835,-0.12449825325732,59.6615331391117,10.3333333333333,0.0465832417214884,0.0821993205218164,0.5838457035097
2021-02-26,"APOLLOHOSP.NS",0.706630934670945,0.060624980667924,41.3075557777007,1.33333333333333,-0.0579328592791479,0.0821993205218164,0.5838457035097
2021-02-26,"MARUTI.NS",0.11605575483384,-0.0630126273911793,50.7398727952622,1.66666666666667,-0.0222094953188929,0.0821993205218164,0.5838457035097
2021-02-26,"BAJAJ-AUTO.NS",0.337192374920358,0.150678528984672,52.568594363993,-0.666666666666667,-0.0376110908879431,0.0821993205218164,0.5838457035097
2021-02-26,"EICHERMOT.NS",0.420114731801416,0.079285746081052,53.9916738065133,0.666666666666667,0.0186999692048829,0.0821993205218164,0.5838457035097
2021-02-26,"HEROMOTOCO.NS",0.5934126107663,0.0494417198333688,51.9487338999417,2.66666666666667,-0.130320359102659,0.0821993205218164,0.5838457035097
2021-03-31,"INFY.NS",0.850035035157194,-0.00602765595446299,59.8263249728243,6.66666666666667,-0.0222711180806618,0.0554653515446964,0.202898726827317
2021-03-31,"TCS.NS",0.543131372126677,-0.0780576930511417,62.8898750453611,9,-0.0408690114102806,0.0554653515446964,0.202898726827317
2021-03-31,"WIPRO.NS",0.919179145530245,-0.0265717309076222,50.8050817169059,7,0.183357355847069,0.0554653515446964,0.202898726827317
2021-03-31,"HCLTECH.NS",0.844599113217827,-0.0203586370366485,51.0624939096084,5.33333333333333,-0.0875779621243507,0.0554653515446964,0.202898726827317
2021-03-31,"TECHM.NS",0.467693584198868,-0.0243165126322815,48.9121932577297,3,-0.0320012342530131,0.0554653515446964,0.202898726827317
2021-03-31,"HDFCBANK.NS",0.2828470775372,0.0390384737396922,48.3570782349334,-1.33333333333333,-0.0500756582563026,0.0554653515446964,0.202898726827317
2021-03-31,"ICICIBANK.NS",0.0589308833106847,-0.0100197981680084,39.8935512648876,-2,0.0102623381997921,0.0554653515446964,0.202898726827317
2021-03-31,"KOTAKBANK.NS",0.199809874404574,-0.0117402182425872,51.4443160842137,1.66666666666667,-0.030894198214195,0.0554653515446964,0.202898726827317
2021-03-31,"AXISBANK.NS",-0.00542686450992402,0.0217805682124029,38.0998211961028,-4.33333333333333,0.00266469644689948,0.0554653515446964,0.202898726827317
2021-03-31,"SBIN.NS",0.119326890491536,0.255712861765813,34.9576005256193,-5,-0.0462701630301979,0.0554653515446964,0.202898726827317
2021-03-31,"SUNPHARMA.NS",0.604592757735509,0.0163482831337748,57.7886276407915,4,0.0715512736529893,0.0554653515446964,0.202898726827317
2021-03-31,"DRREDDY.NS",0.654506887893279,-0.0003612784592128,55.0546138564636,4.33333333333333,0.125434532874371,0.0554653515446964,0.202898726827317
2021-03-31,"CIPLA.NS",0.988767417327168,-0.0239956504273821,60.5264359528894,9.66666666666667,0.112489257484449,0.0554653515446964,0.202898726827317
2021-03-31,"DIVISLAB.NS",0.602166305720385,-0.029015919036901,59.4232940726673,7.33333333333333,0.123406448469663,0.0554653515446964,0.202898726827317
2021-03-31,"APOLLOHOSP.NS",0.911254049306188,0.148357416900457,38.4315252725336,0.666666666666667,0.104853099772268,0.0554653515446964,0.202898726827317
2021-03-31,"MARUTI.NS",0.155590114024676,-0.0721167383893697,53.8001319110803,4,-0.0676280874957361,0.0554653515446964,0.202898726827317
2021-03-31,"BAJAJ-AUTO.NS",0.403014277287004,-0.0767979976035293,48.3319832457675,3.33333333333333,0.0242314242206538,0.0554653515446964,0.202898726827317
2021-03-31,"EICHERMOT.NS",0.494818362412603,-0.121093133188665,54.0595757218721,7,-0.07962297953496,0.0554653515446964,0.202898726827317
2021-03-31,"HEROMOTOCO.NS",0.766966786477521,-0.0153128725445322,48.1234956391821,3,-0.0463281774324797,0.0554653515446964,0.202898726827317
2021-04-30,"INFY.NS",1.30757608259477,0.0797550376608364,73.5599144840082,6,0.0419657690748391,-0.0630357388144882,-0.32394567017131
2021-04-30,"TCS.NS",0.824547774871426,0.0867417311819123,62.8304393438564,3,0.0453091326154701,-0.0630357388144882,-0.32394567017131
2021-04-30,"WIPRO.NS",1.15302024466953,-0.000603315148590567,48.6356627823032,4,0.106083727373808,-0.0630357388144882,-0.32394567017131
2021-04-30,"HCLTECH.NS",1.45411919014056,0.0562155593732728,57.6536098594827,5,0.0413132658653397,-0.0630357388144882,-0.32394567017131
2021-04-30,"TECHM.NS",1.04687616966446,0.0592412945160217,54.5352377954649,3,0.0667745167871932,-0.0630357388144882,-0.32394567017131
2021-04-30,"HDFCBANK.NS",0.682222147676107,-0.0418563657115948,45.676137846381,1.66666666666667,0.0716885237387575,-0.0630357388144882,-0.32394567017131
2021-04-30,"ICICIBANK.NS",0.583938336929078,-0.0431495047227965,35.9083375081988,0.333333333333333,0.110598909239842,-0.0630357388144882,-0.32394567017131
2021-04-30,"KOTAKBANK.NS",0.406146004526601,-0.0500705016017506,47.2705661302797,1,0.0476687181668549,-0.0630357388144882,-0.32394567017131
2021-04-30,"AXISBANK.NS",0.718835781083833,-0.0426873885856146,40.0016109089338,2,0.0682320160830547,-0.0630357388144882,-0.32394567017131
2021-04-30,"SBIN.NS",0.507389343547126,-0.0776046761729754,33.2946609188262,0.333333333333333,0.210353559459217,-0.0630357388144882,-0.32394567017131
2021-04-30,"SUNPHARMA.NS",0.664416744370757,-0.0110018327016569,63.9336549217826,4.66666666666667,0.0138046970348146,-0.0630357388144882,-0.32394567017131
2021-04-30,"DRREDDY.NS",0.562068654597463,0.0140567142217479,52.7724026224231,0.333333333333333,0.0237566143927875,-0.0630357388144882,-0.32394567017131
2021-04-30,"CIPLA.NS",0.930809856948539,0.0320333584672897,58.320051924058,4.33333333333333,0.0430124864225801,-0.0630357388144882,-0.32394567017131
2021-04-30,"DIVISLAB.NS",0.778130828171799,0.0465832417214884,59.8087827363765,3.33333333333333,0.0294551016546436,-0.0630357388144882,-0.32394567017131
2021-04-30,"APOLLOHOSP.NS",1.73236887589571,-0.0579328592791479,38.9549223183458,6.33333333333333,-0.0110944291196712,-0.0630357388144882,-0.32394567017131
2021-04-30,"MARUTI.NS",0.656075478322389,-0.0222094953188929,58.8712106362924,3.66666666666667,0.0740316170649345,-0.0630357388144882,-0.32394567017131
2021-04-30,"BAJAJ-AUTO.NS",0.784125032745786,-0.0376110908879431,56.0162810492557,4.66666666666667,0.0885158293096471,-0.0630357388144882,-0.32394567017131
2021-04-30,"EICHERMOT.NS",0.962792328001012,0.0186999692048829,50.9286645695012,3.33333333333333,0.116807483400517,-0.0630357388144882,-0.32394567017131
2021-04-30,"HEROMOTOCO.NS",0.901509261601725,-0.130320359102659,50.3536127214156,6.33333333333333,0.0767030251045104,-0.0630357388144882,-0.32394567017131
2021-05-31,"INFY.NS",0.900806847194226,-0.0222711180806618,75.6244106549171,8.66666666666667,0.139561833419008,0.0699322343528814,0.636166677109631
2021-05-31,"TCS.NS",0.484414692442657,-0.0408690114102806,71.5532470556319,7.33333333333333,0.0611322853112292,0.0699322343528814,0.636166677109631
2021-05-31,"WIPRO.NS",1.52844553527501,0.183357355847069,47.7299857908354,1,0.00525074537946882,0.0699322343528814,0.636166677109631
2021-05-31,"HCLTECH.NS",0.703647897687994,-0.0875779621243507,63.058927938772,9.33333333333333,0.0345010998932746,0.0699322343528814,0.636166677109631
2021-05-31,"TECHM.NS",0.854239422290472,-0.0320012342530131,65.2753095599318,8,0.0630274097658056,0.0699322343528814,0.636166677109631
2021-05-31,"HDFCBANK.NS",0.323385243248221,-0.0500756582563026,53.5452521957267,2.33333333333333,-0.00484028673594337,0.0699322343528814,0.636166677109631
2021-05-31,"ICICIBANK.NS",0.309746412119908,0.0102623381997921,46.5722820025014,-2.66666666666667,-0.0295339256083386,0.0699322343528814,0.636166677109631
2021-05-31,"KOTAKBANK.NS",0.186442234381987,-0.030894198214195,57.8305452804947,0.666666666666667,-0.0507233141839977,0.0699322343528814,0.636166677109631
2021-05-31,"AXISBANK.NS",0.389308165648793,0.00266469644689948,52.3987266528413,0.333333333333333,0.00422725410095631,0.0699322343528814,0.636166677109631
2021-05-31,"SBIN.NS",0.407832916207069,-0.0462701630301979,46.5729332183608,1.66666666666667,-0.0219157515319145,0.0699322343528814,0.636166677109631
2021-05-31,"SUNPHARMA.NS",0.319246803045931,0.0715512736529893,58.7688900753633,0.333333333333333,0.00655679992538623,0.0699322343528814,0.636166677109631
2021-05-31,"DRREDDY.NS",0.382269754113819,0.125434532874371,59.7368530086396,0.333333333333333,0.020041404924165,0.0699322343528814,0.636166677109631
2021-05-31,"CIPLA.NS",0.507356202556101,0.112489257484449,62.8405580261601,3,0.0268899573747563,0.0699322343528814,0.636166677109631
2021-05-31,"DIVISLAB.NS",0.607195776996083,0.123406448469663,69.2359584621988,4.66666666666667,0.0445842391224937,0.0699322343528814,0.636166677109631
2021-05-31,"APOLLOHOSP.NS",1.35743703636483,0.104853099772268,54.17706816397,3.33333333333333,0.117306560097327,0.0699322343528814,0.636166677109631
2021-05-31,"MARUTI.NS",0.223538355777791,-0.0676280874957361,64.4979481533091,4.66666666666667,0.0598986470297352,0.0699322343528814,0.636166677109631
2021-05-31,"BAJAJ-AUTO.NS",0.428769941581962,0.0242314242206538,56.2678995479357,1.66666666666667,-0.024793939270998,0.0699322343528814,0.636166677109631
2021-05-31,"EICHERMOT.NS",0.596925976199046,-0.07962297953496,52.8427311307731,5.33333333333333,0.00200676253326033,0.0699322343528814,0.636166677109631
2021-05-31,"HEROMOTOCO.NS",0.372302211007771,-0.0463281774324797,57.7294940188765,3.33333333333333,-0.0249096823501007,0.0699322343528814,0.636166677109631
2021-06-30,"INFY.NS",0.905057165147416,0.0419657690748391,95.3032812737516,10,0.032107048933714,0.0895952432532474,0.411610931459847
2021-06-30,"TCS.NS",0.518709170587794,0.0453091326154701,78.5351764754209,6,-0.0500188907209837,0.0895952432532474,0.411610931459847
2021-06-30,"WIPRO.NS",1.49768611266813,0.106083727373808,51.8463619546647,2,0.0886255150363862,0.0895952432532474,0.411610931459847
2021-06-30,"HCLTECH.NS",0.657965771938223,0.0413132658653397,83.0908815282168,9,0.0463061679343165,0.0895952432532474,0.411610931459847
2021-06-30,"TECHM.NS",0.873643310201271,0.0667745167871932,79.9468251911614,7,0.144532259361514,0.0895952432532474,0.411610931459847
2021-06-30,"HDFCBANK.NS",0.375559085794351,0.0716885237387575,63.8399583611762,0.333333333333333,-0.0405583007718013,0.0895952432532474,0.411610931459847
2021-06-30,"ICICIBANK.NS",0.481332948634474,0.110598909239842,51.7186760283451,-2.33333333333333,0.0850415552090635,0.0895952432532474,0.411610931459847
2021-06-30,"KOTAKBANK.NS",0.297633429353243,0.0476687181668549,67.7300298323064,1.66666666666667,-0.0357205039142516,0.0895952432532474,0.411610931459847
2021-06-30,"AXISBANK.NS",0.552920747103018,0.0682320160830547,55.7906124481571,2.33333333333333,-0.0503047667765417,0.0895952432532474,0.411610931459847
2021-06-30,"SBIN.NS",0.889374031192593,0.210353559459217,49.2185843547464,-0.666666666666667,0.0271169859060841,0.0895952432532474,0.411610931459847
2021-06-30,"SUNPHARMA.NS",0.312641409852589,0.0138046970348146,68.5894490515514,4.66666666666667,0.131257743929261,0.0895952432532474,0.411610931459847
2021-06-30,"DRREDDY.NS",0.369139534912124,0.0237566143927875,66.8588138606587,4,-0.148539491633607,0.0895952432532474,0.411610931459847
2021-06-30,"CIPLA.NS",0.4841398213331,0.0430124864225801,70.2695470570097,5.66666666666667,-0.059349789170452,0.0895952432532474,0.411610931459847
2021-06-30,"DIVISLAB.NS",0.5832692869481,0.0294551016546436,81.9037089643944,8.66666666666667,0.106048451661421,0.0895952432532474,0.411610931459847
2021-06-30,"APOLLOHOSP.NS",1.35670906345408,-0.0110944291196712,52.0035350168933,7,0.0969294077723322,0.0895952432532474,0.411610931459847
2021-06-30,"MARUTI.NS",0.144431876749026,0.0740316170649345,64.2994618298801,-1.33333333333333,-0.0799930464076386,0.0895952432532474,0.411610931459847
2021-06-30,"BAJAJ-AUTO.NS",0.40126404824188,0.0885158293096471,66.5347594107981,0.333333333333333,-0.0576782997801486,0.0895952432532474,0.411610931459847
2021-06-30,"EICHERMOT.NS",0.481735413651694,0.116807483400517,54.9290682640019,-1.33333333333333,-0.0542183753104481,0.0895952432532474,0.411610931459847
2021-06-30,"HEROMOTOCO.NS",0.25215838615298,0.0767030251045104,69.9208132730467,0.333333333333333,-0.0426716472294892,0.0895952432532474,0.411610931459847
2021-07-30,"INFY.NS",1.06355613734763,0.139561833419008,101.47764437515,5.33333333333333,0.0459072362317852,-0.0367418442767524,0.0362684190310071
2021-07-30,"TCS.NS",0.57835172932763,0.0611322853112292,113.422052202133,5,0.176135238877263,-0.0367418442767524,0.0362684190310071
2021-07-30,"WIPRO.NS",1.45821899558343,0.00525074537946882,62.4686836375448,4.33333333333333,0.0822289161666194,-0.0367418442767524,0.0362684190310071
2021-07-30,"HCLTECH.NS",0.724099668029186,0.0345010998932746,84.6974619702921,5.33333333333333,0.141877330016469,-0.0367418442767524,0.0362684190310071
2021-07-30,"TECHM.NS",0.992283778766743,0.0630274097658056,63.5696005449495,1.66666666666667,0.195713208260572,-0.0367418442767524,0.0362684190310071
2021-07-30,"HDFCBANK.NS",0.268466509009492,-0.00484028673594337,76.2953607303815,2.33333333333333,0.111587516735458,-0.0367418442767524,0.0362684190310071
2021-07-30,"ICICIBANK.NS",0.387679962885356,-0.0295339256083386,69.2882303585586,4.33333333333333,0.0552538960311021,-0.0367418442767524,0.0362684190310071
2021-07-30,"KOTAKBANK.NS",0.130357979086267,-0.0507233141839977,84.1498331447415,5,0.0537329529769026,-0.0367418442767524,0.0362684190310071
2021-07-30,"AXISBANK.NS",0.522286135000412,0.00422725410095631,73.1814576483085,3.33333333333333,0.090619107589081,-0.0367418442767524,0.0362684190310071
2021-07-30,"SBIN.NS",0.760979602858246,-0.0219157515319145,62.9894008738644,4.66666666666667,-0.0203495229283663,-0.0367418442767524,0.0362684190310071
2021-07-30,"SUNPHARMA.NS",0.300155989821073,0.00655679992538623,58.4393717586173,-0.666666666666667,0.0272799439861481,-0.0367418442767524,0.0362684190310071
2021-07-30,"DRREDDY.NS",0.399623370726914,0.020041404924165,55.4085807306034,-0.333333333333333,0.000531740401335652,-0.0367418442767524,0.0362684190310071
2021-07-30,"CIPLA.NS",0.529403958329912,0.0268899573747563,78.7975405029452,3.33333333333333,0.0347200502836366,-0.0367418442767524,0.0362684190310071
2021-07-30,"DIVISLAB.NS",0.799838101532509,0.0445842391224937,84.3496295256459,5.33333333333333,0.0539380496179035,-0.0367418442767524,0.0362684190310071
2021-07-30,"APOLLOHOSP.NS",1.67891107212152,0.117306560097327,58.0159036482427,1,0.228359075539956,-0.0367418442767524,0.0362684190310071
2021-07-30,"MARUTI.NS",0.203694644389814,0.0598986470297352,82.9135872038294,0,-0.0264521309380913,-0.0367418442767524,0.0362684190310071
2021-07-30,"BAJAJ-AUTO.NS",0.333760912950137,-0.024793939270998,83.7827590752462,5,-0.0295974088437698,-0.0367418442767524,0.0362684190310071
2021-07-30,"EICHERMOT.NS",0.375503530659622,0.00200676253326033,78.2504504340348,3.33333333333333,0.0358609907320267,-0.0367418442767524,0.0362684190310071
2021-07-30,"HEROMOTOCO.NS",0.115191542992534,-0.0249096823501007,96.3505019739765,5,-0.0145030174608866,-0.0367418442767524,0.0362684190310071
2021-08-31,"INFY.NS",0.613673477219714,0.032107048933714,102.822056764767,6.66666666666667,-0.00151981251039469,-0.00149486068669685,-0.076551176913607
2021-08-31,"TCS.NS",0.371880585777394,-0.0500188907209837,95.1971942478036,6,0.016312373410357,-0.00149486068669685,-0.076551176913607
2021-08-31,"WIPRO.NS",1.08647538369367,0.0886255150363862,67.3489277530642,2.66666666666667,-0.012382268335745,-0.00149486068669685,-0.076551176913607
2021-08-31,"HCLTECH.NS",0.407062201894583,0.0463061679343165,71.8143586883729,2,0.0986559018330491,-0.00149486068669685,-0.076551176913607
2021-08-31,"TECHM.NS",0.811350972726686,0.144532259361514,56.0990188923189,0.333333333333333,-0.0387804955495367,-0.00149486068669685,-0.076551176913607
2021-08-31,"HDFCBANK.NS",0.278059210521036,-0.0405583007718013,97.1509764308583,5.33333333333333,0.0100372332065789,-0.00149486068669685,-0.076551176913607
2021-08-31,"ICICIBANK.NS",0.580584223875363,0.0850415552090635,79.3770666162535,4,-0.026462107039559,-0.00149486068669685,-0.076551176913607
2021-08-31,"KOTAKBANK.NS",0.0827984042646068,-0.0357205039142516,86.0863903634978,2.66666666666667,0.148197925397393,-0.00149486068669685,-0.076551176913607
2021-08-31,"AXISBANK.NS",0.451066722161966,-0.0503047667765417,76.1655863191161,5.33333333333333,-0.0404931340087534,-0.00149486068669685,-0.076551176913607
2021-08-31,"SBIN.NS",0.745905911571227,0.0271169859060841,68.8210139199,3.66666666666667,0.0537335451392634,-0.00149486068669685,-0.076551176913607
2021-08-31,"SUNPHARMA.NS",0.295016705548106,0.131257743929261,61.5418954819803,-1.66666666666667,0.0377298941477065,-0.00149486068669685,-0.076551176913607
2021-08-31,"DRREDDY.NS",0.0244368161400654,-0.148539491633607,55.0967492958188,1,0.0246145193726962,-0.00149486068669685,-0.076551176913607
2021-08-31,"CIPLA.NS",0.252749235663633,-0.059349789170452,74.901209392771,4.33333333333333,0.0657745680675028,-0.00149486068669685,-0.076551176913607
2021-08-31,"DIVISLAB.NS",0.705174612530214,0.106048451661421,78.957669119459,3.33333333333333,-0.0776429998397593,-0.00149486068669685,-0.076551176913607
2021-08-31,"APOLLOHOSP.NS",1.31571223594761,0.0969294077723322,40.5422608332862,1.33333333333333,-0.110626061267953,-0.00149486068669685,-0.076551176913607
2021-08-31,"MARUTI.NS",0.0261300399965239,-0.0799930464076386,78.4537103855046,4,0.0815265547800992,-0.00149486068669685,-0.076551176913607
2021-08-31,"BAJAJ-AUTO.NS",0.188698344991288,-0.0576782997801486,96.0659859408849,6,0.0197827950046901,-0.00149486068669685,-0.076551176913607
2021-08-31,"EICHERMOT.NS",0.159936063960167,-0.0542183753104481,69.6430224735678,2.33333333333333,0.0322031444145209,-0.00149486068669685,-0.076551176913607
2021-08-31,"HEROMOTOCO.NS",0.00699090020785897,-0.0426716472294892,119.516659165497,4,0.0334385322082403,-0.00149486068669685,-0.076551176913607
2021-09-30,"INFY.NS",0.739188902522279,0.0459072362317852,95.5304673333532,8.33333333333333,0.0104377583992554,0.023948128987284,0.227114083978799
2021-09-30,"TCS.NS",0.611301206317687,0.176135238877263,87.5824447462304,4,-0.0873762233686317,0.023948128987284,0.227114083978799
2021-09-30,"WIPRO.NS",1.34335548002624,0.0822289161666194,63.1601527459413,4,0.0165029232103221,0.023948128987284,0.227114083978799
2021-09-30,"HCLTECH.NS",0.633416863535577,0.141877330016469,60.5988106235167,1.66666666666667,-0.0947180598207164,0.023948128987284,0.227114083978799
2021-09-30,"TECHM.NS",0.96885430284654,0.195713208260572,50.7597072348846,0.333333333333333,0.0777393630262194,0.023948128987284,0.227114083978799
2021-09-30,"HDFCBANK.NS",0.275723309019413,0.111587516735458,88.217384194548,2.66666666666667,9.48617754475834e-05,0.023948128987284,0.227114083978799
2021-09-30,"ICICIBANK.NS",0.450868607294223,0.0552538960311021,79.139976825475,4.33333333333333,0.158445964644133,0.023948128987284,0.227114083978799
2021-09-30,"KOTAKBANK.NS",0.0654223779087375,0.0537329529769026,68.7498754556031,0.666666666666667,0.0188608235285532,0.023948128987284,0.227114083978799
2021-09-30,"AXISBANK.NS",0.329606198660367,0.090619107589081,74.4674324242913,2.66666666666667,-0.0340428180234005,0.023948128987284,0.227114083978799
2021-09-30,"SBIN.NS",0.551038145318177,-0.0203495229283663,60.3364125608137,5,0.111812242824876,0.023948128987284,0.227114083978799
2021-09-30,"SUNPHARMA.NS",0.325646416049926,0.0272799439861481,56.6211246924851,2,-0.0382289576274229,0.023948128987284,0.227114083978799
2021-09-30,"DRREDDY.NS",0.08813102019708,0.000531740401335652,56.8213739659004,1,-0.0598584932066176,0.023948128987284,0.227114083978799
2021-09-30,"CIPLA.NS",0.290522458105654,0.0347200502836366,69.3321473447321,3.66666666666667,-0.0822855869944069,0.023948128987284,0.227114083978799
2021-09-30,"DIVISLAB.NS",0.520307603949242,0.0539380496179035,73.7232266833612,4,0.0657762698880933,0.023948128987284,0.227114083978799
2021-09-30,"APOLLOHOSP.NS",1.73976284198161,0.228359075539956,38.2052416138037,0.333333333333333,-0.0442551788535445,0.023948128987284,0.227114083978799
2021-09-30,"MARUTI.NS",-0.107589042088863,-0.0264521309380913,75.1912519686212,4.33333333333333,0.0446923409932236,0.023948128987284,0.227114083978799
2021-09-30,"BAJAJ-AUTO.NS",0.134251689232881,-0.0295974088437698,93.5758094371544,7,-0.0377278283666121,0.023948128987284,0.227114083978799
2021-09-30,"EICHERMOT.NS",0.193615118069378,0.0358609907320267,64.4994093402186,2,-0.103752981060644,0.023948128987284,0.227114083978799
2021-09-30,"HEROMOTOCO.NS",-0.131329553521149,-0.0145030174608866,97.1704992704529,5.33333333333333,-0.0670130732472053,0.023948128987284,0.227114083978799
2021-10-29,"INFY.NS",0.574473589511569,-0.00151981251039469,76.3636748127608,7.33333333333333,0.00741158919762534,0.0660383634771447,0.213626889571664
2021-10-29,"TCS.NS",0.475982368995653,0.016312373410357,66.9765128274624,4.66666666666667,0.0151737811629601,0.0660383634771447,0.213626889571664
2021-10-29,"WIPRO.NS",1.00470329030963,-0.012382268335745,64.2881614055267,8,-0.0277671416714248,0.0660383634771447,0.213626889571664
2021-10-29,"HCLTECH.NS",0.520577899582337,0.0986559018330491,59.1306236605165,1,-0.0425074911171905,0.0660383634771447,0.213626889571664
2021-10-29,"TECHM.NS",0.739762037238987,-0.0387804955495367,52.4174370780613,4.66666666666667,0.0227580681631024,0.0660383634771447,0.213626889571664
2021-10-29,"HDFCBANK.NS",0.346706592262344,0.0100372332065789,90.7166997937834,6,-0.0696130426462211,0.0660383634771447,0.213626889571664
2021-10-29,"ICICIBANK.NS",0.556609993133269,-0.026462107039559,53.5758948335001,4,-0.111394580385768,0.0660383634771447,0.213626889571664
2021-10-29,"KOTAKBANK.NS",0.380016386980899,0.148197925397393,57.0418769654974,-2,-0.055189069895756,0.0660383634771447,0.213626889571664
2021-10-29,"AXISBANK.NS",0.459177358650015,-0.0404931340087534,61.871850765323,5.33333333333333,-0.128530519301932,0.0660383634771447,0.213626889571664
2021-10-29,"SBIN.NS",0.922645521254876,0.0537335451392634,58.6228241596311,3,-0.106942073385912,0.0660383634771447,0.213626889571664
2021-10-29,"SUNPHARMA.NS",0.433388837400458,0.0377298941477065,78.2673114359859,3.33333333333333,-0.0716924329722574,0.0660383634771447,0.213626889571664
2021-10-29,"DRREDDY.NS",-0.0647184652560445,0.0246145193726962,87.5324104749597,3,-0.0261588716713323,0.0660383634771447,0.213626889571664
2021-10-29,"CIPLA.NS",0.307674487228123,0.0657745680675028,72.1673248719185,1,0.068243123778468,0.0660383634771447,0.213626889571664
2021-10-29,"DIVISLAB.NS",0.486527964080373,-0.0776429998397593,58.7279165347885,5.66666666666667,-0.0668298765340238,0.0660383634771447,0.213626889571664
2021-10-29,"APOLLOHOSP.NS",0.892268243790048,-0.110626061267953,37.5153607083993,5.66666666666667,0.311568714424776,0.0660383634771447,0.213626889571664
2021-10-29,"MARUTI.NS",-0.011618679168789,0.0815265547800992,64.0580941532957,-1.33333333333333,-0.0719252190382141,0.0660383634771447,0.213626889571664
2021-10-29,"BAJAJ-AUTO.NS",0.187724523415382,0.0197827950046901,78.9673246835382,3.33333333333333,-0.130389239293508,0.0660383634771447,0.213626889571664
2021-10-29,"EICHERMOT.NS",0.191950782995101,0.0322031444145209,56.7606980026699,-1,-0.0740429183422998,0.0660383634771447,0.213626889571664
2021-10-29,"HEROMOTOCO.NS",-0.145552517897081,0.0334385322082403,87.5023875113784,1.66666666666667,-0.0863206622079095,0.0660383634771447,0.213626889571664
2021-11-30,"INFY.NS",0.510258389073628,0.0104377583992554,71.5906872342624,5,0.10079306125323,0.0466389803379355,0.483970556198491
2021-11-30,"TCS.NS",0.270126767775442,-0.0873762233686317,73.025855078251,7.33333333333333,0.0448738739681311,0.0466389803379355,0.483970556198491
2021-11-30,"WIPRO.NS",0.872407129782223,0.0165029232103221,63.5237787346046,5,0.126890297002666,0.0466389803379355,0.483970556198491
2021-11-30,"HCLTECH.NS",0.323034193818977,-0.0947180598207164,60.6327862429382,6,0.140399671701068,0.0466389803379355,0.483970556198491
2021-11-30,"TECHM.NS",0.825492029742688,0.0777393630262194,52.1509972628677,1.66666666666667,0.127834530642351,0.0466389803379355,0.483970556198491
2021-11-30,"HDFCBANK.NS",0.259666564876381,9.48617754475834e-05,89.1754535845605,5.33333333333333,-0.0167811976355132,0.0466389803379355,0.483970556198491
2021-11-30,"ICICIBANK.NS",0.69577025535496,0.158445964644133,53.438009730505,0.666666666666667,0.0171088412728196,0.0466389803379355,0.483970556198491
2021-11-30,"KOTAKBANK.NS",0.185833152303464,0.0188608235285532,51.8339955489839,-1.33333333333333,-0.0805028198963084,0.0466389803379355,0.483970556198491
2021-11-30,"AXISBANK.NS",0.269840471220728,-0.0340428180234005,65.0720707811293,3.66666666666667,-0.00154505631131424,0.0466389803379355,0.483970556198491
2021-11-30,"SBIN.NS",1.14948071976653,0.111812242824876,56.0096698602954,3,-0.0312432594744283,0.0466389803379355,0.483970556198491
2021-11-30,"SUNPHARMA.NS",0.500392938472678,-0.0382289576274229,70.1533931937415,5.66666666666667,0.134634856586228,0.0466389803379355,0.483970556198491
2021-11-30,"DRREDDY.NS",-0.080521156322765,-0.0598584932066176,84.0374070012636,4.66666666666667,0.0652685989122399,0.0466389803379355,0.483970556198491
2021-11-30,"CIPLA.NS",0.229497084343827,-0.0822855869944069,63.8950297056568,4.66666666666667,0.0171846845715215,0.0466389803379355,0.483970556198491
2021-11-30,"DIVISLAB.NS",0.545405111742623,0.0657762698880933,51.4915678518457,0.333333333333333,-0.0155717655810751,0.0466389803379355,0.483970556198491
2021-11-30,"APOLLOHOSP.NS",0.783182604447944,-0.0442551788535445,36.2354762800434,3.33333333333333,-0.100089839175098,0.0466389803379355,0.483970556198491
2021-11-30,"MARUTI.NS",0.00752303915829455,0.0446923409932236,49.4124216851352,-3.33333333333333,0.0210635164924499,0.0466389803379355,0.483970556198491
2021-11-30,"BAJAJ-AUTO.NS",0.181910125743943,-0.0377278283666121,78.4285519681865,4,-9.2343418530102e-05,0.0466389803379355,0.483970556198491
2021-11-30,"EICHERMOT.NS",0.125676454300495,-0.103752981060644,55.4604123671777,3.33333333333333,0.062994505159026,0.0466389803379355,0.483970556198491
2021-11-30,"HEROMOTOCO.NS",-0.102686266769604,-0.0670130732472053,80.3407999813012,4.33333333333333,0.00567797434858563,0.0466389803379355,0.483970556198491
2021-12-31,"INFY.NS",0.483139330233393,0.00741158919762534,69.5646706062946,4.66666666666667,-0.0854644342815247,0.0268511341425378,0.194457587332266
2021-12-31,"TCS.NS",0.253286842901816,0.0151737811629601,75.4908964426858,3.33333333333333,-0.0196282447048496,0.0268511341425378,0.194457587332266
2021-12-31,"WIPRO.NS",0.738873538787694,-0.0277671416714248,63.3622385633451,5.66666666666667,-0.201986473120889,0.0268511341425378,0.194457587332266
2021-12-31,"HCLTECH.NS",0.267257490585262,-0.0425074911171905,62.0420654547305,3.33333333333333,-0.164012475956356,0.0268511341425378,0.194457587332266
2021-12-31,"TECHM.NS",0.734597504534273,0.0227580681631024,51.3036978219006,1,-0.171335612587638,0.0268511341425378,0.194457587332266
2021-12-31,"HDFCBANK.NS",-0.0115242586308373,-0.0696130426462211,85.1352854581322,6,-0.0223405785163257,0.0268511341425378,0.194457587332266
2021-12-31,"ICICIBANK.NS",0.328917670646723,-0.111394580385768,51.3981104839516,5,0.0315155879625028,0.0268511341425378,0.194457587332266
2021-12-31,"KOTAKBANK.NS",-0.071366237255559,-0.055189069895756,51.7777624308678,0,0.0179780143918131,0.0268511341425378,0.194457587332266
2021-12-31,"AXISBANK.NS",-0.0385990671760085,-0.128530519301932,58.3834999579253,4.66666666666667,0.110145799533321,0.0268511341425378,0.194457587332266
2021-12-31,"SBIN.NS",0.540797132581367,-0.106942073385912,56.4121382363112,6.33333333333333,0.143372875428759,0.0268511341425378,0.194457587332266
2021-12-31,"SUNPHARMA.NS",0.277812106632955,-0.0716924329722574,65.1554610968281,5.66666666666667,-0.0170210778338454,0.0268511341425378,0.194457587332266
2021-12-31,"DRREDDY.NS",-0.0990663668227092,-0.0261588716713323,79.5358875329134,2,-0.113400607511329,0.0268511341425378,0.194457587332266
2021-12-31,"CIPLA.NS",0.323354601868842,0.068243123778468,58.8812296363363,1.66666666666667,0.0155830350210575,0.0268511341425378,0.194457587332266
2021-12-31,"DIVISLAB.NS",0.219532459964024,-0.0668298765340238,57.3863796129449,2.33333333333333,-0.132254746304221,0.0268511341425378,0.194457587332266
2021-12-31,"APOLLOHOSP.NS",1.06125064562197,0.311568714424776,35.9956547191236,0.333333333333333,-0.106833128772367,0.0268511341425378,0.194457587332266
2021-12-31,"MARUTI.NS",-0.0871973346438107,-0.0719252190382141,50.8310301445477,-0.333333333333333,0.142665348913927,0.0268511341425378,0.194457587332266
2021-12-31,"BAJAJ-AUTO.NS",-0.0790252576329616,-0.130389239293508,72.5190259273449,6.33333333333333,0.08774516020125,0.0268511341425378,0.194457587332266
2021-12-31,"EICHERMOT.NS",-0.165343771579617,-0.0740429183422998,54.4135571501636,0.666666666666667,-0.0269603864994761,0.0268511341425378,0.194457587332266
2021-12-31,"HEROMOTOCO.NS",-0.252190555302456,-0.0863206622079095,79.9056110466389,4.66666666666667,0.100015990496812,0.0268511341425378,0.194457587332266
2022-01-31,"INFY.NS",0.479285809058187,0.10079306125323,68.0164416893634,5,-0.0318557145230483,-0.0154828193573774,-0.255622219427726
2022-01-31,"TCS.NS",0.247337951634166,0.0448738739681311,85.8315915659156,6.33333333333333,-0.0648441535965105,-0.0154828193573774,-0.255622219427726
2022-01-31,"WIPRO.NS",0.790075226917478,0.126890297002666,54.0048766939963,1.66666666666667,-0.0361571431872006,-0.0154828193573774,-0.255622219427726
2022-01-31,"HCLTECH.NS",0.274031064917342,0.140399671701068,55.3215825448327,0,-0.00516443610773721,-0.0154828193573774,-0.255622219427726
2022-01-31,"TECHM.NS",0.823865899397134,0.127834530642351,47.2017622107749,1.33333333333333,-0.0635895674416616,-0.0154828193573774,-0.255622219427726
2022-01-31,"HDFCBANK.NS",-0.0301420661621146,-0.0167811976355132,84.4421845354751,7.33333333333333,-0.0472611257711372,-0.0154828193573774,-0.255622219427726
2022-01-31,"ICICIBANK.NS",0.225469415719913,0.0171088412728196,75.1991518048173,5.66666666666667,-0.0834259465181377,-0.0154828193573774,-0.255622219427726
2022-01-31,"KOTAKBANK.NS",-0.197362330155868,-0.0805028198963084,57.0747783016662,3,-0.0210116332617883,-0.0154828193573774,-0.255622219427726
2022-01-31,"AXISBANK.NS",-0.0660762622426245,-0.00154505631131424,57.1414786389614,3.66666666666667,-0.0505178844281778,-0.0154828193573774,-0.255622219427726
2022-01-31,"SBIN.NS",0.346622032669817,-0.0312432594744283,54.8284934559823,5.66666666666667,-0.0922412252709789,-0.0154828193573774,-0.255622219427726
2022-01-31,"SUNPHARMA.NS",0.320126039665836,0.134634856586228,69.7423375304722,3.66666666666667,-0.046190976839532,-0.0154828193573774,-0.255622219427726
2022-01-31,"DRREDDY.NS",-0.109352376511932,0.0652685989122399,78.7328348725752,3,-0.0570954373507824,-0.0154828193573774,-0.255622219427726
2022-01-31,"CIPLA.NS",0.240453905431913,0.0171846845715215,57.8254564713186,4,-0.022559274312468,-0.0154828193573774,-0.255622219427726
2022-01-31,"DIVISLAB.NS",0.131435788975918,-0.0155717655810751,55.4974579780401,3.66666666666667,0.0381296929985143,-0.0154828193573774,-0.255622219427726
2022-01-31,"APOLLOHOSP.NS",0.893533849950615,-0.100089839175098,34.1220493825915,6.33333333333333,0.064438510876544,-0.0154828193573774,-0.255622219427726
2022-01-31,"MARUTI.NS",-0.134726847792257,0.0210635164924499,46.5720117635821,-2,-0.0286526655705516,-0.0154828193573774,-0.255622219427726
2022-01-31,"BAJAJ-AUTO.NS",-0.132694422076648,-9.2343418530102e-05,66.4685789875809,3,-0.00116004453581536,-0.0154828193573774,-0.255622219427726
2022-01-31,"EICHERMOT.NS",-0.112133937045032,0.062994505159026,55.589989093058,0,-0.0123560311861825,-0.0154828193573774,-0.255622219427726
2022-01-31,"HEROMOTOCO.NS",-0.24788406702554,0.00567797434858563,67.6349091845474,2,-0.049600571112267,-0.0154828193573774,-0.255622219427726
2022-02-28,"INFY.NS",0.376225140124233,-0.0854644342815247,60.5644636046092,7.33333333333333,0.119832051377368,0.12846300305757,0.745160342173475
2022-02-28,"TCS.NS",0.148705135225143,-0.0196282447048496,65.5202989647161,6,0.0546507497990143,0.12846300305757,0.745160342173475
2022-02-28,"WIPRO.NS",0.32366327907672,-0.201986473120889,47.0048963147606,5.66666666666667,0.0661021352634887,0.12846300305757,0.745160342173475
2022-02-28,"HCLTECH.NS",0.10317357313266,-0.164012475956356,50.2345937809145,4,0.0432074781382271,0.12846300305757,0.745160342173475
2022-02-28,"TECHM.NS",0.537390235142725,-0.171335612587638,46.2458668315826,6,0.0753756234072226,0.12846300305757,0.745160342173475
2022-02-28,"HDFCBANK.NS",-0.0282493509371878,-0.0223405785163257,61.650607684677,3.66666666666667,0.0699290160147468,0.12846300305757,0.745160342173475
2022-02-28,"ICICIBANK.NS",0.241728125815158,0.0315155879625028,58.7703257138649,3,0.0216128590451095,0.12846300305757,0.745160342173475
2022-02-28,"KOTAKBANK.NS",-0.0488493585594498,0.0179780143918131,51.4485553155452,0.333333333333333,-0.028875939131372,0.12846300305757,0.745160342173475
2022-02-28,"AXISBANK.NS",-0.0243619392859018,0.110145799533321,49.8579689722839,-1.66666666666667,0.0145284865124427,0.12846300305757,0.745160342173475
2022-02-28,"SBIN.NS",0.524954538523798,0.143372875428759,49.7239331324285,0.666666666666667,0.0406959366179225,0.12846300305757,0.745160342173475
2022-02-28,"SUNPHARMA.NS",0.319903571341028,-0.0170210778338454,62.900910908373,6,0.11432576085697,0.12846300305757,0.745160342173475
2022-02-28,"DRREDDY.NS",-0.10078435615614,-0.113400607511329,73.3915662477284,6,0.114789317877266,0.12846300305757,0.745160342173475
2022-02-28,"CIPLA.NS",0.260851709751911,0.0155830350210575,68.6615268989401,6.33333333333333,0.102859904839374,0.12846300305757,0.745160342173475
2022-02-28,"DIVISLAB.NS",0.121411852572756,-0.132254746304221,50.5242441100129,4.66666666666667,0.0579563158374758,0.12846300305757,0.745160342173475
2022-02-28,"APOLLOHOSP.NS",0.59457087580471,-0.106833128772367,39.3556161006359,4.66666666666667,-0.0710000730168848,0.12846300305757,0.745160342173475
2022-02-28,"MARUTI.NS",0.0552091493191231,0.142665348913927,50.2364619191335,-1,-0.0323641896109356,0.12846300305757,0.745160342173475
2022-02-28,"BAJAJ-AUTO.NS",-0.180129444464292,0.08774516020125,64.0786908952389,1.33333333333333,0.08323697599546,0.12846300305757,0.745160342173475
2022-02-28,"EICHERMOT.NS",-0.199536495432365,-0.0269603864994761,59.4078653446695,2,-0.0203141532740686,0.12846300305757,0.745160342173475
2022-02-28,"HEROMOTOCO.NS",-0.211638400357574,0.100015990496812,52.2107815004081,-1.66666666666667,-0.0544659015186916,0.12846300305757,0.745160342173475
2022-03-31,"INFY.NS",0.340464362940014,-0.0318557145230483,57.8223817028556,7.33333333333333,-0.176512306341195,-0.0842211732041375,-0.496923453578662
2022-03-31,"TCS.NS",0.165168704053291,-0.0648441535965105,64.9361001214371,9.33333333333333,-0.056414983450486,-0.0842211732041375,-0.496923453578662
2022-03-31,"WIPRO.NS",0.310629079585966,-0.0361571431872006,49.0790375572554,4.33333333333333,-0.147497905884424,-0.0842211732041375,-0.496923453578662
2022-03-31,"HCLTECH.NS",0.120283754024715,-0.00516443610773721,52.7501193935438,1.33333333333333,-0.0618752330126912,-0.0842211732041375,-0.496923453578662
2022-03-31,"TECHM.NS",0.475507450664062,-0.0635895674416616,45.0900221537792,6.33333333333333,-0.15338581527685,-0.0842211732041375,-0.496923453578662
2022-03-31,"HDFCBANK.NS",-0.108960213872489,-0.0472611257711372,55.8248512592125,3.33333333333333,-0.0806108610548172,-0.0842211732041375,-0.496923453578662
2022-03-31,"ICICIBANK.NS",0.149655093601545,-0.0834259465181377,54.2399600809619,7,0.00957544499116534,-0.0842211732041375,-0.496923453578662
2022-03-31,"KOTAKBANK.NS",-0.057772632080601,-0.0210116332617883,49.8788467819267,0.666666666666667,0.00793628353979951,-0.0842211732041375,-0.496923453578662
2022-03-31,"AXISBANK.NS",-0.0933954718478789,-0.0505178844281778,44.6602317650305,1.33333333333333,-0.0593247330298388,-0.0842211732041375,-0.496923453578662
2022-03-31,"SBIN.NS",0.102394429138203,-0.0922412252709789,49.0109474650993,4.33333333333333,-0.0234159908918849,-0.0842211732041375,-0.496923453578662
2022-03-31,"SUNPHARMA.NS",0.238685553897958,-0.046190976839532,61.1950773732739,7.33333333333333,0.0219546304025716,-0.0842211732041375,-0.496923453578662
2022-03-31,"DRREDDY.NS",-0.151819037102661,-0.0570954373507824,55.1584224270686,3.33333333333333,-0.0344669563019181,-0.0842211732041375,-0.496923453578662
2022-03-31,"CIPLA.NS",0.262707292958204,-0.022559274312468,63.8132217466981,6.66666666666667,-0.0331575255848555,-0.0842211732041375,-0.496923453578662
2022-03-31,"DIVISLAB.NS",0.198959864595858,0.0381296929985143,49.8508296552778,1,0.0287006167317783,-0.0842211732041375,-0.496923453578662
2022-03-31,"APOLLOHOSP.NS",0.478043876888027,0.064438510876544,42.1100657351454,1,-0.0116598766443011,-0.0842211732041375,-0.496923453578662
2022-03-31,"MARUTI.NS",0.104637444022359,-0.0286526655705516,40.2798848771576,-0.666666666666667,0.00230522814224409,-0.0842211732041375,-0.496923453578662
2022-03-31,"BAJAJ-AUTO.NS",-0.112957438294207,-0.00116004453581536,57.3551695078964,0.333333333333333,-0.00276741997578778,-0.0842211732041375,-0.496923453578662
2022-03-31,"EICHERMOT.NS",-0.100504294146674,-0.0123560311861825,54.1067092900597,0.333333333333333,0.0601119496290261,-0.0842211732041375,-0.496923453578662
2022-03-31,"HEROMOTOCO.NS",-0.239089866043703,-0.049600571112267,41.9072978806575,-1.33333333333333,0.118965084702606,-0.0842211732041375,-0.496923453578662
2022-04-29,"INFY.NS",0.39021806335011,0.119832051377368,51.66019487272,1.66666666666667,-0.0139366153447573,-0.0532311416739805,-0.515591137002749
2022-04-29,"TCS.NS",0.130761810384965,0.0546507497990143,65.2076848495268,6.33333333333333,-0.0438648349590801,-0.0532311416739805,-0.515591137002749
2022-04-29,"WIPRO.NS",0.39810795999665,0.0661021352634887,57.6539410262352,6.66666666666667,-0.0342425368440304,-0.0532311416739805,-0.515591137002749
2022-04-29,"HCLTECH.NS",0.106486625257457,0.0432074781382271,65.1945206722444,6,-0.0245103037669086,-0.0532311416739805,-0.515591137002749
2022-04-29,"TECHM.NS",0.497982332085022,0.0753756234072226,51.1838193940969,4,-0.0413824384341914,-0.0532311416739805,-0.515591137002749
2022-04-29,"HDFCBANK.NS",-0.0050037515414566,0.0699290160147468,41.9524562911111,-1.66666666666667,0.000996908623383006,-0.0532311416739805,-0.515591137002749
2022-04-29,"ICICIBANK.NS",0.227467021114714,0.0216128590451095,54.5076357537369,5.66666666666667,0.0159917599062205,-0.0532311416739805,-0.515591137002749
2022-04-29,"KOTAKBANK.NS",-0.0367499174008896,-0.028875939131372,50.8735099492642,2.33333333333333,0.0408600149563015,-0.0532311416739805,-0.515591137002749
2022-04-29,"AXISBANK.NS",-0.0392102758861895,0.0145284865124427,45.3045367224692,1,-0.0579500008047289,-0.0532311416739805,-0.515591137002749
2022-04-29,"SBIN.NS",0.243780593113138,0.0406959366179225,51.2260406403316,4.33333333333333,-0.0317612808959814,-0.0532311416739805,-0.515591137002749
2022-04-29,"SUNPHARMA.NS",0.395653973839464,0.11432576085697,60.6386896119565,5,-0.0680095211267954,-0.0532311416739805,-0.515591137002749
2022-04-29,"DRREDDY.NS",-0.0675639105742943,0.114789317877266,54.7177566464625,-0.666666666666667,0.0595917058019554,-0.0532311416739805,-0.515591137002749
2022-04-29,"CIPLA.NS",0.349364566102837,0.102859904839374,61.3974272478642,5,0.016741833754291,-0.0532311416739805,-0.515591137002749
2022-04-29,"DIVISLAB.NS",0.211988794219949,0.0579563158374758,53.1981985071206,3.66666666666667,-0.203641038364972,-0.0532311416739805,-0.515591137002749
2022-04-29,"APOLLOHOSP.NS",0.457542243386332,-0.0710000730168848,43.7428235779541,6.66666666666667,-0.0756024614210052,-0.0532311416739805,-0.515591137002749
2022-04-29,"MARUTI.NS",0.0931654001705429,-0.0323641896109356,44.6228555905491,3,0.0434330461189591,-0.0532311416739805,-0.515591137002749
2022-04-29,"BAJAJ-AUTO.NS",-0.00157068205617839,0.08323697599546,56.2537658301845,2,0.0664146282756451,-0.0532311416739805,-0.515591137002749
2022-04-29,"EICHERMOT.NS",-0.134953137474748,-0.0203141532740686,52.1254509840392,2.33333333333333,0.0894221294685466,-0.0532311416739805,-0.515591137002749
2022-04-29,"HEROMOTOCO.NS",-0.172722409836674,-0.0544659015186916,41.5400575719523,0,0.115225333009247,-0.0532311416739805,-0.515591137002749
2022-05-31,"INFY.NS",0.170904826319163,-0.176512306341195,47.4559130848711,6.33333333333333,-0.0112611296730794,-0.0284199040546871,-0.296264451792802
2022-05-31,"TCS.NS",0.11243397852727,-0.056414983450486,63.980861845321,7.33333333333333,-0.026257648750272,-0.0284199040546871,-0.296264451792802
2022-05-31,"WIPRO.NS",0.00721050814242274,-0.147497905884424,54.3719816517842,5.33333333333333,-0.116197578909969,-0.0284199040546871,-0.296264451792802
2022-05-31,"HCLTECH.NS",0.13765611132213,-0.0618752330126912,57.7103926025394,6.33333333333333,-0.0438645926253273,-0.0284199040546871,-0.296264451792802
2022-05-31,"TECHM.NS",0.310139161003152,-0.15338581527685,46.5449641262813,7,-0.127856149043268,-0.0284199040546871,-0.296264451792802
2022-05-31,"HDFCBANK.NS",-0.0369877853168966,-0.0806108610548172,45.2297505146219,0.666666666666667,-0.0335878628992435,-0.0284199040546871,-0.296264451792802
2022-05-31,"ICICIBANK.NS",0.22663244703555,0.00957544499116534,62.9997925193879,6,-0.0603867321054327,-0.0284199040546871,-0.296264451792802
2022-05-31,"KOTAKBANK.NS",0.00184593527894572,0.00793628353979951,58.0822851257753,2.33333333333333,-0.109377482641066,-0.0284199040546871,-0.296264451792802
2022-05-31,"AXISBANK.NS",-0.098610798369911,-0.0593247330298388,46.9141928864277,0.666666666666667,-0.0717877018860491,-0.0284199040546871,-0.296264451792802
2022-05-31,"SBIN.NS",0.27358523450678,-0.0234159908918849,54.8699485968683,6,-0.00512482699500165,-0.0284199040546871,-0.296264451792802
2022-05-31,"SUNPHARMA.NS",0.331056269610558,0.0219546304025716,62.9187313885988,6.66666666666667,-0.010306875938525,-0.0284199040546871,-0.296264451792802
2022-05-31,"DRREDDY.NS",-0.200044223649537,-0.0344669563019181,53.4800290978445,1,0.0173187788747929,-0.0284199040546871,-0.296264451792802
2022-05-31,"CIPLA.NS",0.172706133746394,-0.0331575255848555,61.0898317985605,6.66666666666667,-0.067459647994665,-0.0284199040546871,-0.296264451792802
2022-05-31,"DIVISLAB.NS",0.109815260348966,0.0287006167317783,42.7702303245209,-2,0.0211665231429067,-0.0284199040546871,-0.296264451792802
2022-05-31,"APOLLOHOSP.NS",0.303836212181976,-0.0116598766443011,42.2604488346122,2.33333333333333,-0.040505389551743,-0.0284199040546871,-0.296264451792802
2022-05-31,"MARUTI.NS",0.175159162476521,0.00230522814224409,48.2013228166257,3.33333333333333,0.0669257550026926,-0.0284199040546871,-0.296264451792802
2022-05-31,"BAJAJ-AUTO.NS",-0.0278893801149067,-0.00276741997578778,60.1066518974275,2.66666666666667,0.0337928780780437,-0.0284199040546871,-0.296264451792802
2022-05-31,"EICHERMOT.NS",-0.0036186306685928,0.0601119496290261,47.1668525209826,-1.66666666666667,0.00817197666566127,-0.0284199040546871,-0.296264451792802
2022-05-31,"HEROMOTOCO.NS",-0.0293361753548774,0.118965084702606,45.3725770009519,-3.66666666666667,-0.0137437364765701,-0.0284199040546871,-0.296264451792802
2022-06-30,"INFY.NS",0.108084747519671,-0.0139366153447573,47.6037389052063,2.33333333333333,0.0475192942366773,0.0322887124648581,0.315883592091781
2022-06-30,"TCS.NS",0.0175336773294708,-0.0438648349590801,58.6520469316101,6,-0.00135295449400045,0.0322887124648581,0.315883592091781
2022-06-30,"WIPRO.NS",-0.120571941224369,-0.0342425368440304,49.80052681335,1,0.00402841208921981,0.0322887124648581,0.315883592091781
2022-06-30,"HCLTECH.NS",0.0657425107603098,-0.0245103037669086,55.1609540358369,4,-0.0167092674744896,0.0322887124648581,0.315883592091781
2022-06-30,"TECHM.NS",0.177308220311805,-0.0413824384341914,46.2756677582656,4.66666666666667,0.068199542701403,0.0322887124648581,0.315883592091781
2022-06-30,"HDFCBANK.NS",-0.100510802801758,0.000996908623383006,61.5096249453951,3,0.0594274445513887,0.0322887124648581,0.315883592091781
2022-06-30,"ICICIBANK.NS",0.12214089916109,0.0159917599062205,68.5669269464844,7,0.162949267100875,0.0322887124648581,0.315883592091781
2022-06-30,"KOTAKBANK.NS",-0.00466496985521625,0.0408600149563015,63.9329660262197,3.33333333333333,0.0855044753762248,0.0322887124648581,0.315883592091781
2022-06-30,"AXISBANK.NS",-0.205084959179664,-0.0579500008047289,57.198070692323,2.33333333333333,0.127188717805023,0.0322887124648581,0.315883592091781
2022-06-30,"SBIN.NS",0.0188217537688715,-0.0317612808959814,60.3632890962797,5.66666666666667,0.131733918868704,0.0322887124648581,0.315883592091781
2022-06-30,"SUNPHARMA.NS",0.223639793492617,-0.0680095211267954,64.4475759978581,11.3333333333333,0.13741325822032,0.0322887124648581,0.315883592091781
2022-06-30,"DRREDDY.NS",-0.172042950724122,0.0595917058019554,57.3504023634093,-1,-0.0609930756905262,0.0322887124648581,0.315883592091781
2022-06-30,"CIPLA.NS",0.143168850230939,0.016741833754291,63.9563157159892,6.66666666666667,0.029600806181254,0.0322887124648581,0.315883592091781
2022-06-30,"DIVISLAB.NS",-0.141476566663606,-0.203641038364972,44.9343476584636,1.33333333333333,0.0533599848899786,0.0322887124648581,0.315883592091781
2022-06-30,"APOLLOHOSP.NS",0.218784705781612,-0.0756024614210052,41.0618214159895,5.66666666666667,0.127443991479445,0.0322887124648581,0.315883592091781
2022-06-30,"MARUTI.NS",0.141679523297821,0.0434330461189591,57.532932866402,4,0.044147244074659,0.0322887124648581,0.315883592091781
2022-06-30,"BAJAJ-AUTO.NS",-0.047627092382256,0.0664146282756451,54.9411247471194,-1,0.0799674462148224,0.0322887124648581,0.315883592091781
2022-06-30,"EICHERMOT.NS",-0.0280510031731891,0.0894221294685466,47.7200904778648,-2,0.111632217065728,0.0322887124648581,0.315883592091781
2022-06-30,"HEROMOTOCO.NS",0.0053922593695801,0.115225333009247,50.3483254117427,-1,0.0325318150049137,0.0322887124648581,0.315883592091781
2022-07-29,"INFY.NS",-0.0385721692679364,-0.0112611296730794,52.3714804633636,0.666666666666667,-0.0374585221254369,0.0211018296510995,0.367079740384337
2022-07-29,"TCS.NS",-0.0662656775653797,-0.026257648750272,55.4221432250056,1.33333333333333,-0.0265704975604282,0.0211018296510995,0.367079740384337
2022-07-29,"WIPRO.NS",-0.226819128368803,-0.116197578909969,50.6724648943942,1.33333333333333,-0.0360139756181421,0.0211018296510995,0.367079740384337
2022-07-29,"HCLTECH.NS",-0.0149897861032329,-0.0438645926253273,54.0553014285737,3.66666666666667,-0.0138635024179338,0.0211018296510995,0.367079740384337
2022-07-29,"TECHM.NS",-0.0340962842604755,-0.127856149043268,47.0818541582558,3,0.0252475903490151,0.0211018296510995,0.367079740384337
2022-07-29,"HDFCBANK.NS",-0.126494706550945,-0.0335878628992435,82.3070122693868,5,0.0276250794362254,0.0211018296510995,0.367079740384337
2022-07-29,"ICICIBANK.NS",0.0864660858545099,-0.0603867321054327,66.6177684261423,9.66666666666667,0.0840717550512065,0.0211018296510995,0.367079740384337
2022-07-29,"KOTAKBANK.NS",-0.0661650039355318,-0.109377482641066,59.3274737405376,5,0.0327916569250521,0.0211018296510995,0.367079740384337
2022-07-29,"AXISBANK.NS",-0.265256032604138,-0.0717877018860491,64.5372791617528,4.33333333333333,0.0283251482126927,0.0211018296510995,0.367079740384337
2022-07-29,"SBIN.NS",0.0363120254002691,-0.00512482699500165,62.4416893403714,4.33333333333333,-0.00468362253480837,0.0211018296510995,0.367079740384337
2022-07-29,"SUNPHARMA.NS",0.203139147276554,-0.010306875938525,62.9394097940167,6.66666666666667,-0.0247283850684089,0.0211018296510995,0.367079740384337
2022-07-29,"DRREDDY.NS",-0.174252878104754,0.0173187788747929,57.1037631512688,-1.33333333333333,0.0327457470544878,0.0211018296510995,0.367079740384337
2022-07-29,"CIPLA.NS",0.0381356583925045,-0.067459647994665,65.209997594167,9,0.0387684717073505,0.0211018296510995,0.367079740384337
2022-07-29,"DIVISLAB.NS",-0.160723131153781,0.0211665231429067,47.2991547817643,-3.66666666666667,-0.037042699790472,0.0211018296510995,0.367079740384337
2022-07-29,"APOLLOHOSP.NS",0.0466396584947602,-0.040505389551743,50.8476255200835,4.33333333333333,0.010874139120085,0.0211018296510995,0.367079740384337
2022-07-29,"MARUTI.NS",0.149248836932866,0.0669257550026926,61.1915005262966,3.66666666666667,0.0153992549792311,0.0211018296510995,0.367079740384337
2022-07-29,"BAJAJ-AUTO.NS",0.00958799254560727,0.0337928780780437,64.0242223560198,3,0.0280749283549367,0.0211018296510995,0.367079740384337
2022-07-29,"EICHERMOT.NS",-0.0220707304691805,0.00817197666566127,50.2577226334222,-0.666666666666667,0.094774904657349,0.0211018296510995,0.367079740384337
2022-07-29,"HEROMOTOCO.NS",0.0169051985779642,-0.0137437364765701,57.2899784508703,4,-0.00109121176705117,0.0211018296510995,0.367079740384337
2022-08-30,"INFY.NS",-0.024215362400231,0.0475192942366773,59.364041705695,1.33333333333333,-0.0346605409469729,0.0171302106183782,0.210803872028381
2022-08-30,"TCS.NS",-0.0184320369332664,-0.00135295449400045,62.7007362656571,4,-0.040600873633904,0.0171302106183782,0.210803872028381
2022-08-30,"WIPRO.NS",-0.286903023969925,0.00402841208921981,58.9793253435139,0,-0.0394689347667313,0.0171302106183782,0.210803872028381
2022-08-30,"HCLTECH.NS",-0.0743135762261277,-0.0167092674744896,67.8986418182535,4.33333333333333,0.00680297755424357,0.0171302106183782,0.210803872028381
2022-08-30,"TECHM.NS",-0.0985156608673212,0.068199542701403,52.8577355238887,-2,-0.0420741993645333,0.0171302106183782,0.210803872028381
2022-08-30,"HDFCBANK.NS",-0.035464602398173,0.0594274445513887,86.6709503678093,5.33333333333333,-0.0345073186493618,0.0171302106183782,0.210803872028381
2022-08-30,"ICICIBANK.NS",0.164476081315622,0.162949267100875,71.5367831696726,4.66666666666667,-0.0141247124847399,0.0171302106183782,0.210803872028381
2022-08-30,"KOTAKBANK.NS",0.0512326266458105,0.0855044753762248,59.383862339591,0.666666666666667,-0.043960392790318,0.0171302106183782,0.210803872028381
2022-08-30,"AXISBANK.NS",-0.127935908751637,0.127188717805023,70.3499706939013,0.333333333333333,-0.0147147930006234,0.0171302106183782,0.210803872028381
2022-08-30,"SBIN.NS",0.141865518505066,0.131733918868704,70.5673613691767,4,-0.00506293965255087,0.0171302106183782,0.210803872028381
2022-08-30,"SUNPHARMA.NS",0.209685789944801,0.13741325822032,72.0586073730008,5.66666666666667,0.0880885999757842,0.0171302106183782,0.210803872028381
2022-08-30,"DRREDDY.NS",-0.0893502898027544,-0.0609930756905262,70.1993720557114,5.33333333333333,0.0317936358492295,0.0171302106183782,0.210803872028381
2022-08-30,"CIPLA.NS",0.136304758666679,0.029600806181254,69.8722439253784,6.33333333333333,0.0898827381368742,0.0171302106183782,0.210803872028381
2022-08-30,"DIVISLAB.NS",-0.200703487665126,0.0533599848899786,70.534191734237,2.33333333333333,0.0294509373011502,0.0171302106183782,0.210803872028381
2022-08-30,"APOLLOHOSP.NS",0.075755272721187,0.127443991479445,68.7549468023451,1.66666666666667,0.0248412195262521,0.0171302106183782,0.210803872028381
2022-08-30,"MARUTI.NS",0.304321669693761,0.044147244074659,67.3044142249158,6.66666666666667,-0.0217574043452616,0.0171302106183782,0.210803872028381
2022-08-30,"BAJAJ-AUTO.NS",0.157059384055622,0.0799674462148224,74.0513269528771,7.33333333333333,-0.134570648416431,0.0171302106183782,0.210803872028381
2022-08-30,"EICHERMOT.NS",0.149417216028961,0.111632217065728,54.2303677996925,1,0.0762105521812807,0.0171302106183782,0.210803872028381
2022-08-30,"HEROMOTOCO.NS",0.0967887531346718,0.0325318150049137,64.0888574187603,4.33333333333333,-0.113830409081143,0.0171302106183782,0.210803872028381
2022-09-30,"INFY.NS",-0.101991883576153,-0.0374585221254369,56.9826311303848,3.66666666666667,0.115303702103253,-0.0368136707880377,-0.152559454669836
2022-09-30,"TCS.NS",-0.187604297265354,-0.0265704975604282,68.7208228929721,3.33333333333333,0.0725184539819072,-0.0368136707880377,-0.152559454669836
2022-09-30,"WIPRO.NS",-0.364815050999688,-0.0360139756181421,76.1180833746298,4.66666666666667,-0.020152034577943,-0.0368136707880377,-0.152559454669836
2022-09-30,"HCLTECH.NS",-0.200568096236337,-0.0138635024179338,71.6359722045364,3,0.130416424586309,-0.0368136707880377,-0.152559454669836
2022-09-30,"TECHM.NS",-0.227034844101396,0.0252475903490151,54.2776250631343,-2.33333333333333,0.0575834340960002,-0.0368136707880377,-0.152559454669836
2022-09-30,"HDFCBANK.NS",-0.108319633265982,0.0276250794362254,80.4787707459469,4.66666666666667,0.0590857430292398,-0.0368136707880377,-0.152559454669836
2022-09-30,"ICICIBANK.NS",0.196276681787082,0.0840717550512065,75.9997171924553,4.33333333333333,0.0711380768154923,-0.0368136707880377,-0.152559454669836
2022-09-30,"KOTAKBANK.NS",0.0303410206731947,0.0327916569250521,62.8778067157545,0,0.066175283278888,-0.0368136707880377,-0.152559454669836
2022-09-30,"AXISBANK.NS",-0.177746447275871,0.0283251482126927,63.258295109804,-0.666666666666667,0.253545458694393,-0.0368136707880377,-0.152559454669836
2022-09-30,"SBIN.NS",0.160125450893615,-0.00468362253480837,71.8242251254748,6.66666666666667,0.103992429945904,-0.0368136707880377,-0.152559454669836
2022-09-30,"SUNPHARMA.NS",0.148442759761668,-0.0247283850684089,68.3235563628845,5.66666666666667,0.0766542972090438,-0.0368136707880377,-0.152559454669836
2022-09-30,"DRREDDY.NS",-0.0600302046536134,0.0327457470544878,78.2064455047836,4,0.00317893726871763,-0.0368136707880377,-0.152559454669836
2022-09-30,"CIPLA.NS",0.140750638040131,0.0387684717073505,72.2793055601253,3,0.0324121120019079,-0.0368136707880377,-0.152559454669836
2022-09-30,"DIVISLAB.NS",-0.269702415750218,-0.037042699790472,73.605142206019,4.66666666666667,-0.0316487138336098,-0.0368136707880377,-0.152559454669836
2022-09-30,"APOLLOHOSP.NS",-0.114710668183157,0.010874139120085,57.5444154688581,0.666666666666667,0.0348897436349204,-0.0368136707880377,-0.152559454669836
2022-09-30,"MARUTI.NS",0.360392533072343,0.0153992549792311,65.085638400678,5.33333333333333,0.114730295608097,-0.0368136707880377,-0.152559454669836
2022-09-30,"BAJAJ-AUTO.NS",0.225824986666673,0.0280749283549367,88.7822152305144,8,0.0445189587892039,-0.0368136707880377,-0.152559454669836
2022-09-30,"EICHERMOT.NS",0.21478956573156,0.094774904657349,56.3165743619705,0,0.111770415788236,-0.0368136707880377,-0.152559454669836
2022-09-30,"HEROMOTOCO.NS",0.111715148552267,-0.00109121176705117,70.3021456746426,4.66666666666667,0.059907688718076,-0.0368136707880377,-0.152559454669836
2022-10-31,"INFY.NS",-0.131797826140793,-0.0346605409469729,61.6852270243497,2.33333333333333,0.0393834280551269,0.0107726574847901,0.096703530258778
2022-10-31,"TCS.NS",-0.233098260083382,-0.040600873633904,79.5669134671756,5,0.0402182891135547,0.0107726574847901,0.096703530258778
2022-10-31,"WIPRO.NS",-0.382235802251857,-0.0394689347667313,66.6155697561877,1,0.0369521806340649,0.0107726574847901,0.096703530258778
2022-10-31,"HCLTECH.NS",-0.267404453279476,0.00680297755424357,76.9710241543054,1,0.0573089183046767,0.0107726574847901,0.096703530258778
2022-10-31,"TECHM.NS",-0.229683477708033,-0.0420741993645333,56.3192553282562,1,0.0231781475264309,0.0107726574847901,0.096703530258778
2022-10-31,"HDFCBANK.NS",-0.147644423510407,-0.0345073186493618,76.1592886240579,4,0.062910899026743,0.0107726574847901,0.096703530258778
2022-10-31,"ICICIBANK.NS",0.211436787548408,-0.0141247124847399,72.4595771910392,6,0.048756396171972,0.0107726574847901,0.096703530258778
2022-10-31,"KOTAKBANK.NS",-0.142093185410087,-0.043960392790318,70.386275778408,5.33333333333333,0.0198250408657527,0.0107726574847901,0.096703530258778
2022-10-31,"AXISBANK.NS",-0.155655586617598,-0.0147147930006234,53.0159660001901,-1,0.0338399807820477,0.0107726574847901,0.096703530258778
2022-10-31,"SBIN.NS",0.0953924842487619,-0.00506293965255087,65.2637593577784,3,0.044288507798433,0.0107726574847901,0.096703530258778
2022-10-31,"SUNPHARMA.NS",0.204174112809682,0.0880885999757842,78.873934734683,4.66666666666667,0.00911651248550719,0.0107726574847901,0.096703530258778
2022-10-31,"DRREDDY.NS",-0.0534441642280432,0.0317936358492295,96.4952579559669,4.33333333333333,-0.0106167039730587,0.0107726574847901,0.096703530258778
2022-10-31,"CIPLA.NS",0.166554791387947,0.0898827381368742,78.0024847177513,3.66666666666667,-0.0287625215712231,0.0107726574847901,0.096703530258778
2022-10-31,"DIVISLAB.NS",-0.184908302876117,0.0294509373011502,67.9921636829533,-0.333333333333333,-0.112538950151975,0.0107726574847901,0.096703530258778
2022-10-31,"APOLLOHOSP.NS",0.0201344551946694,0.0248412195262521,57.9083664140647,0.666666666666667,0.0476685789410127,0.0107726574847901,0.096703530258778
2022-10-31,"MARUTI.NS",0.230477344065395,-0.0217574043452616,62.1490179966812,5,-0.050816562532913,0.0107726574847901,0.096703530258778
2022-10-31,"BAJAJ-AUTO.NS",0.0402851750023863,-0.134570648416431,87.9405513447027,10,0.00482219917310237,0.0107726574847901,0.096703530258778
2022-10-31,"EICHERMOT.NS",0.266581444160952,0.0762105521812807,53.7442089526682,1.33333333333333,-0.0826400637872764,0.0107726574847901,0.096703530258778
2022-10-31,"HEROMOTOCO.NS",-0.046708509788422,-0.113830409081143,69.5032138713282,6.33333333333333,0.0668685072493811,0.0107726574847901,0.096703530258778
2022-11-30,"INFY.NS",-0.0416934733186637,0.115303702103253,62.8932077688964,-1,-0.0898557988493145,0.000318127901888508,0.198594331303778
2022-11-30,"TCS.NS",-0.0987345612587077,0.0725184539819072,83.5930079858935,3,-0.0629955015265189,0.000318127901888508,0.198594331303778
2022-11-30,"WIPRO.NS",-0.404512295584552,-0.020152034577943,70.5098217349526,2.66666666666667,-0.0506405167456459,0.000318127901888508,0.198594331303778
2022-11-30,"HCLTECH.NS",-0.0852153325541194,0.130416424586309,79.3580885572517,0.333333333333333,-0.0854454318845855,0.000318127901888508,0.198594331303778
2022-11-30,"TECHM.NS",-0.244089971160674,0.0575834340960002,62.5453410687702,0.333333333333333,-0.077258274761564,0.000318127901888508,0.198594331303778
2022-11-30,"HDFCBANK.NS",-0.0973679862238062,0.0590857430292398,72.5701428770942,3,0.00534108712987628,0.000318127901888508,0.198594331303778
2022-11-30,"ICICIBANK.NS",0.120135172810376,0.0711380768154923,83.731525473296,6.66666666666667,-0.0524889436458561,0.000318127901888508,0.198594331303778
2022-11-30,"KOTAKBANK.NS",-0.102253202842228,0.066175283278888,86.0965849623797,4,-0.0553429519675202,0.000318127901888508,0.198594331303778
2022-11-30,"AXISBANK.NS",0.0957256954223171,0.253545458694393,53.5150029869525,-1.66666666666667,0.0330807618999386,0.000318127901888508,0.198594331303778
2022-11-30,"SBIN.NS",0.0876881579912157,0.103992429945904,69.1711943114604,1.66666666666667,0.00920920540244573,0.000318127901888508,0.198594331303778
2022-11-30,"SUNPHARMA.NS",0.348012339762453,0.0766542972090438,87.314746622721,8,-0.0430503711778701,0.000318127901888508,0.198594331303778
2022-11-30,"DRREDDY.NS",0.0100233534353493,0.00317893726871763,82.9182399183912,7,-0.0529239477366883,0.000318127901888508,0.198594331303778
2022-11-30,"CIPLA.NS",0.31235303584083,0.0324121120019079,81.2338542920731,8.33333333333333,-0.0435150761798165,0.000318127901888508,0.198594331303778
2022-11-30,"DIVISLAB.NS",-0.259417651195843,-0.0316487138336098,52.281838255897,0.666666666666667,0.00121724423988891,0.000318127901888508,0.198594331303778
2022-11-30,"APOLLOHOSP.NS",0.104611462652942,0.0348897436349204,55.6258829189379,4,-0.0624201613630859,0.000318127901888508,0.198594331303778
2022-11-30,"MARUTI.NS",0.312970641849457,0.114730295608097,67.4385423457249,2.66666666666667,-0.0629092163783899,0.000318127901888508,0.198594331303778
2022-11-30,"BAJAJ-AUTO.NS",0.129199845811727,0.0445189587892039,82.0657038781623,7.66666666666667,-0.024692521105963,0.000318127901888508,0.198594331303778
2022-11-30,"EICHERMOT.NS",0.571160348707132,0.111770415788236,54.5726117427094,2.33333333333333,-0.061004541533943,0.000318127901888508,0.198594331303778
2022-11-30,"HEROMOTOCO.NS",0.082974424498534,0.059907688718076,71.8040173418535,3.66666666666667,-0.046294892304325,0.000318127901888508,0.198594331303778
2022-12-30,"INFY.NS",-0.01128006317361,0.0393834280551269,71.106290632772,1,0.00639765533132995,0.0150373808525716,0.0729993745965114
2022-12-30,"TCS.NS",-0.0765001912769545,0.0402182891135547,92.434875153069,2,0.0532263123667871,0.0150373808525716,0.0729993745965114
2022-12-30,"WIPRO.NS",-0.364872038272868,0.0369521806340649,71.7924605237665,-0.333333333333333,0.0172558117784422,0.0150373808525716,0.0729993745965114
2022-12-30,"HCLTECH.NS",0.0101488818407947,0.0573089183046767,67.634310619686,-1.33333333333333,0.0893785748788541,0.0150373808525716,0.0729993745965114
2022-12-30,"TECHM.NS",-0.243779494799223,0.0231781475264309,69.5338158639824,0,0.00544834756424201,0.0150373808525716,0.0729993745965114
2022-12-30,"HDFCBANK.NS",0.0312025525185391,0.062910899026743,85.1174943626291,1.66666666666667,-0.0154723858932763,0.0150373808525716,0.0729993745965114
2022-12-30,"ICICIBANK.NS",0.322014137131945,0.048756396171972,94.3850653196883,5.33333333333333,-0.0781760382176253,0.0150373808525716,0.0729993745965114
2022-12-30,"KOTAKBANK.NS",-0.0309757911061547,0.0198250408657527,106.533098891779,5.66666666666667,-0.0515328108677844,0.0150373808525716,0.0729993745965114
2022-12-30,"AXISBANK.NS",0.299879177628114,0.0338399807820477,60.8120613094523,2,-0.0743415635600058,0.0150373808525716,0.0729993745965114
2022-12-30,"SBIN.NS",0.271877455659722,0.044288507798433,70.3795591761777,2,-0.0958837736019141,0.0150373808525716,0.0729993745965114
2022-12-30,"SUNPHARMA.NS",0.465356482489885,0.00911651248550719,95.3430594948921,9.33333333333333,0.0376128555684718,0.0150373808525716,0.0729993745965114
2022-12-30,"DRREDDY.NS",0.0261429769361625,-0.0106167039730587,82.8529902214981,4.66666666666667,0.0210387122097047,0.0150373808525716,0.0729993745965114
2022-12-30,"CIPLA.NS",0.193180115056584,-0.0287625215712231,103.094901709467,8.33333333333333,-0.0494886957686827,0.0150373808525716,0.0729993745965114
2022-12-30,"DIVISLAB.NS",-0.295693280098228,-0.112538950151975,49.8277060010738,0.666666666666667,-0.017004372567697,0.0150373808525716,0.0729993745965114
2022-12-30,"APOLLOHOSP.NS",-0.117646899753085,0.0476685789410127,64.9189167645505,-2.33333333333333,-0.0445520270240356,0.0150373808525716,0.0729993745965114
2022-12-30,"MARUTI.NS",0.342833587000949,-0.050816562532913,83.6143066094287,8.33333333333333,0.0585483998481549,0.0150373808525716,0.0729993745965114
2022-12-30,"BAJAJ-AUTO.NS",0.304773495963476,0.00482219917310237,92.9648007821946,8,0.0683557693819108,0.0150373808525716,0.0729993745965114
2022-12-30,"EICHERMOT.NS",0.556572745995531,-0.0826400637872764,61.3989193239812,6.66666666666667,0.0106849098628088,0.0150373808525716,0.0729993745965114
2022-12-30,"HEROMOTOCO.NS",0.26454792164395,0.0668685072493811,83.8607378641737,1.66666666666667,0.0174342567340505,0.0150373808525716,0.0729993745965114
2023-01-31,"INFY.NS",-0.182518723328326,-0.0898557988493145,76.2407317639866,3.66666666666667,-0.040970839778777,-0.00358621859367701,-0.0694201423584001
2023-01-31,"TCS.NS",-0.171839303602603,-0.0629955015265189,81.8642762997797,3.66666666666667,-0.0280193112547603,-0.00358621859367701,-0.0694201423584001
2023-01-31,"WIPRO.NS",-0.464930388388786,-0.0506405167456459,92.3389990950892,2,-0.0381462340951284,-0.00358621859367701,-0.0694201423584001
2023-01-31,"HCLTECH.NS",-0.189901315048483,-0.0854454318845855,70.5720378525082,2.66666666666667,-0.0481405380014664,-0.00358621859367701,-0.0694201423584001
2023-01-31,"TECHM.NS",-0.381295576016615,-0.077258274761564,68.1560201316747,1.33333333333333,0.0747252244240306,-0.00358621859367701,-0.0694201423584001
2023-01-31,"HDFCBANK.NS",0.0544044649135735,0.00534108712987628,83.1813852761735,1.33333333333333,-0.0171731674480469,-0.00358621859367701,-0.0694201423584001
2023-01-31,"ICICIBANK.NS",0.231552574079936,-0.0524889436458561,88.6495498722327,5.66666666666667,0.00813724338211859,-0.00358621859367701,-0.0694201423584001
2023-01-31,"KOTAKBANK.NS",-0.00446073304712047,-0.0553429519675202,111.456566871233,6.66666666666667,-0.0088554189228204,-0.00358621859367701,-0.0694201423584001
2023-01-31,"AXISBANK.NS",0.344958207368666,0.0330807618999386,85.569827998098,4,-0.015339724790146,-0.00358621859367701,-0.0694201423584001
2023-01-31,"SBIN.NS",0.324987360293624,0.00920920540244573,64.6912023773874,0.333333333333333,-0.00862803890889742,-0.00358621859367701,-0.0694201423584001
2023-01-31,"SUNPHARMA.NS",0.235879837351206,-0.0430503711778701,105.994455478974,6.33333333333333,-0.0503672050412824,-0.00358621859367701,-0.0694201423584001
2023-01-31,"DRREDDY.NS",-0.0877085453877293,-0.0529239477366883,84.4783725418573,3.33333333333333,-0.00802014993536973,-0.00358621859367701,-0.0694201423584001
2023-01-31,"CIPLA.NS",0.121977954214281,-0.0435150761798165,90.4362204607638,4.33333333333333,-0.121747969678161,-0.00358621859367701,-0.0694201423584001
2023-01-31,"DIVISLAB.NS",-0.283681624983133,0.00121724423988891,56.5705311675714,-4,-0.158258488887413,-0.00358621859367701,-0.0694201423584001
2023-01-31,"APOLLOHOSP.NS",-0.0807121495417262,-0.0624201613630859,68.1115719228821,2,0.0340037098867626,-0.00358621859367701,-0.0694201423584001
2023-01-31,"MARUTI.NS",0.232398335647948,-0.0629092163783899,101.268721167369,8.66666666666667,-0.0164786723921415,-0.00358621859367701,-0.0694201423584001
2023-01-31,"BAJAJ-AUTO.NS",0.272672871839553,-0.024692521105963,77.3983690627309,3,-0.0393828541215814,-0.00358621859367701,-0.0694201423584001
2023-01-31,"EICHERMOT.NS",0.374997454989839,-0.061004541533943,65.2154186098848,5,-0.0597015108145865,-0.00358621859367701,-0.0694201423584001
2023-01-31,"HEROMOTOCO.NS",0.199196803110816,-0.046294892304325,82.1387774694487,3.33333333333333,-0.0898501130355341,-0.00358621859367701,-0.0694201423584001
2023-02-28,"INFY.NS",-0.100405417832713,0.00639765533132995,76.7476398424345,1.33333333333333,-0.045520074491196,0.036968678938155,0.285589193246583
2023-02-28,"TCS.NS",-0.110296036577325,0.0532263123667871,84.8914736143711,-0.333333333333333,-0.0531058763238382,0.036968678938155,0.285589193246583
2023-02-28,"WIPRO.NS",-0.317928012766636,0.0172558117784422,94.4589618509433,1.66666666666667,-0.0657371952545052,0.036968678938155,0.285589193246583
2023-02-28,"HCLTECH.NS",0.0556427285601995,0.0893785748788541,71.2731327151247,-0.333333333333333,-0.0143946942304445,0.036968678938155,0.285589193246583
2023-02-28,"TECHM.NS",-0.249303638271085,0.00544834756424201,59.7240559096168,-1.66666666666667,-0.0222290288347433,0.036968678938155,0.285589193246583
2023-02-28,"HDFCBANK.NS",0.0618118020787386,-0.0154723858932763,92.1182882863495,6.33333333333333,0.00719613422697756,0.036968678938155,0.285589193246583
2023-02-28,"ICICIBANK.NS",0.100588964655488,-0.0781760382176253,85.8209364688821,7.66666666666667,0.0244657092069695,0.036968678938155,0.285589193246583
2023-02-28,"KOTAKBANK.NS",-0.0724393681904077,-0.0515328108677844,107.935515602392,7,-0.00690586120595254,0.036968678938155,0.285589193246583
2023-02-28,"AXISBANK.NS",0.121449013123658,-0.0743415635600058,85.9554456634448,8.33333333333333,-0.00768661837881793,0.036968678938155,0.285589193246583
2023-02-28,"SBIN.NS",0.0477269471384045,-0.0958837736019141,60.3048363153638,3.33333333333333,-0.024128828265295,0.036968678938155,0.285589193246583
2023-02-28,"SUNPHARMA.NS",0.304569994591118,0.0376128555684718,98.2721132264936,6.66666666666667,0.0248098130939895,0.036968678938155,0.285589193246583
2023-02-28,"DRREDDY.NS",0.0506265849817098,0.0210387122097047,91.6340063074531,3.33333333333333,0.0641198694816074,0.036968678938155,0.285589193246583
2023-02-28,"CIPLA.NS",0.0500891525397427,-0.0494886957686827,69.1086109063828,3,0.00100039639399974,0.036968678938155,0.285589193246583
2023-02-28,"DIVISLAB.NS",-0.188543149625967,-0.017004372567697,45.6336083530651,-1,-0.00771454386738699,0.036968678938155,0.285589193246583
2023-02-28,"APOLLOHOSP.NS",-0.0166096150716539,-0.0445520270240356,73.7922578972861,3,-0.0233132792593936,0.036968678938155,0.285589193246583
2023-02-28,"MARUTI.NS",0.141675721081074,0.0585483998481549,105.432314842324,5.66666666666667,-0.0538557386365984,0.036968678938155,0.285589193246583
2023-02-28,"BAJAJ-AUTO.NS",0.249987087889292,0.0683557693819108,69.2888861147193,1.66666666666667,0.0410274799413434,0.036968678938155,0.285589193246583
2023-02-28,"EICHERMOT.NS",0.428193836691365,0.0106849098628088,64.5753836377249,4,-0.0605167049672402,0.036968678938155,0.285589193246583
2023-02-28,"HEROMOTOCO.NS",0.109169247166902,0.0174342567340505,84.7691788118047,3.66666666666667,-0.0344491926561387,0.036968678938155,0.285589193246583
2023-03-31,"INFY.NS",-0.108875144317531,-0.040970839778777,76.3318372562096,1.33333333333333,-0.112059990941396,0.00967615923056041,-0.0175747195844051
2023-03-31,"TCS.NS",-0.0752610118700804,-0.0280193112547603,82.6268576684049,2,0.00601569664197782,0.00967615923056041,-0.0175747195844051
2023-03-31,"WIPRO.NS",-0.319335610674083,-0.0381462340951284,96.8775751624992,3,0.0463378243976219,0.00967615923056041,-0.0175747195844051
2023-03-31,"HCLTECH.NS",0.0100398057128506,-0.0481405380014664,78.9091533837869,3.66666666666667,-0.0144466395189007,0.00967615923056041,-0.0175747195844051
2023-03-31,"TECHM.NS",-0.138420197189389,0.0747252244240306,54.4475806005028,-4.66666666666667,-0.0720632643991086,0.00967615923056041,-0.0175747195844051
2023-03-31,"HDFCBANK.NS",0.095344336660965,-0.0171731674480469,86.3995016169062,4.66666666666667,0.0478407176040694,0.00967615923056041,-0.0175747195844051
2023-03-31,"ICICIBANK.NS",0.210534730619581,0.00813724338211859,81.5807957764257,3.33333333333333,0.0383005483375991,0.00967615923056041,-0.0175747195844051
2023-03-31,"KOTAKBANK.NS",-0.0609217381186292,-0.0088554189228204,95.5309224203602,2.33333333333333,0.110184846087556,0.00967615923056041,-0.0175747195844051
2023-03-31,"AXISBANK.NS",0.162998518651541,-0.015339724790146,84.5152588181918,5,-0.00532043126863209,0.00967615923056041,-0.0175747195844051
2023-03-31,"SBIN.NS",0.144232528716296,-0.00862803890889742,56.3737745729793,0.333333333333333,0.0978643554526723,0.00967615923056041,-0.0175747195844051
2023-03-31,"SUNPHARMA.NS",0.298857968524814,-0.0503672050412824,111.304160550989,10.6666666666667,0.00878420563995068,0.00967615923056041,-0.0175747195844051
2023-03-31,"DRREDDY.NS",0.105308472912537,-0.00802014993536973,110.105086229776,4.66666666666667,0.0587029053145084,0.00967615923056041,-0.0175747195844051
2023-03-31,"CIPLA.NS",-0.0564717573147341,-0.121747969678161,71.809420116623,3.66666666666667,0.0186213097177784,0.00967615923056041,-0.0175747195844051
2023-03-31,"DIVISLAB.NS",-0.342050497116957,-0.158258488887413,48.8786176182479,0.333333333333333,0.136779507094873,0.00967615923056041,-0.0175747195844051
2023-03-31,"APOLLOHOSP.NS",-0.0447270594845888,0.0340037098867626,80.3524406706565,-0.333333333333333,0.0659725734702311,0.00967615923056041,-0.0175747195844051
2023-03-31,"MARUTI.NS",0.155984456944915,-0.0164786723921415,103.280253285924,6.33333333333333,0.0101727780066049,0.00967615923056041,-0.0175747195844051
2023-03-31,"BAJAJ-AUTO.NS",0.202153580445294,-0.0393828541215814,67.370643777584,4,0.109721512748771,0.00967615923056041,-0.0175747195844051
2023-03-31,"EICHERMOT.NS",0.359729365347816,-0.0597015108145865,70.514827132945,6.66666666666667,0.0987917922893525,0.00967615923056041,-0.0175747195844051
2023-03-31,"HEROMOTOCO.NS",0.0621957823721158,-0.0898501130355341,84.0730806297354,6.33333333333333,0.0524456321627979,0.00967615923056041,-0.0175747195844051
2023-04-28,"INFY.NS",-0.240456830267828,-0.045520074491196,55.8212343831142,0.333333333333333,0.0319777194762868,0.00106051349625991,0.024691703645985
2023-04-28,"TCS.NS",-0.169744188811955,-0.0531058763238382,89.3453686522304,5,0.0217743722961999,0.00106051349625991,0.024691703645985
2023-04-28,"WIPRO.NS",-0.403509851047393,-0.0657371952545052,86.6165362013529,3.66666666666667,0.0393974458859112,0.00106051349625991,0.024691703645985
2023-04-28,"HCLTECH.NS",-0.0457309668392435,-0.0143946942304445,75.5390222917178,1.33333333333333,0.0726430281241207,0.00106051349625991,0.024691703645985
2023-04-28,"TECHM.NS",-0.216620032857588,-0.0222290288347433,52.8899960733461,-1,0.0589491750577588,0.00106051349625991,0.024691703645985
2023-04-28,"HDFCBANK.NS",0.0311212847013123,0.00719613422697756,96.3168944498358,3.66666666666667,-0.0343320687502941,0.00106051349625991,0.024691703645985
2023-04-28,"ICICIBANK.NS",0.213915144414894,0.0244657092069695,96.2634978909415,5.66666666666667,0.0293352781611881,0.00106051349625991,0.024691703645985
2023-04-28,"KOTAKBANK.NS",-0.0396766434670278,-0.00690586120595254,87.9768674721951,2.33333333333333,0.0485125454853414,0.00106051349625991,0.024691703645985
2023-04-28,"AXISBANK.NS",0.137532369180431,-0.00768661837881793,89.0149339347321,5.33333333333333,0.0507666387386273,0.00106051349625991,0.024691703645985
2023-04-28,"SBIN.NS",0.0729584879173879,-0.024128828265295,62.6263256693967,3,0.0274951625634485,0.00106051349625991,0.024691703645985
2023-04-28,"SUNPHARMA.NS",0.194518190924607,0.0248098130939895,109.89574419598,6,0.00236369007653396,0.00106051349625991,0.024691703645985
2023-04-28,"DRREDDY.NS",0.0550699482591359,0.0641198694816074,117.609658662452,3.66666666666667,-0.090770463182815,0.00106051349625991,0.024691703645985
2023-04-28,"CIPLA.NS",-0.143615484802267,0.00100039639399974,75.92889567603,0,0.0385201943945304,0.00106051349625991,0.024691703645985
2023-04-28,"DIVISLAB.NS",-0.382891606385739,-0.00771454386738699,40.955818110628,-2.66666666666667,0.058364380249727,0.00106051349625991,0.024691703645985
2023-04-28,"APOLLOHOSP.NS",0.00430836277255264,-0.0233132792593936,81.1331116659534,3.66666666666667,0.0292041929772937,0.00106051349625991,0.024691703645985
2023-04-28,"MARUTI.NS",0.130309614858049,-0.0538557386365984,106.265949047959,9.33333333333333,0.0673192030667148,0.00106051349625991,0.024691703645985
2023-04-28,"BAJAJ-AUTO.NS",0.155310370755542,0.0410274799413434,72.0241823102317,1.33333333333333,0.0153734602023305,0.00106051349625991,0.024691703645985
2023-04-28,"EICHERMOT.NS",0.303931284481581,-0.0605167049672402,65.9090148443111,7.33333333333333,0.0940958653551657,0.00106051349625991,0.024691703645985
2023-04-28,"HEROMOTOCO.NS",0.0846821884836713,-0.0344491926561387,79.0764785890691,5.33333333333333,0.105773578799157,0.00106051349625991,0.024691703645985
2023-05-31,"INFY.NS",-0.181009292299368,-0.112059990941396,58.6069747900037,1.33333333333333,0.0257296456514799,0.0566840362326047,0.485062260529581
2023-05-31,"TCS.NS",-0.114811740718689,0.00601569664197782,97.4833866739667,4.66666666666667,0.000845193029533439,0.0566840362326047,0.485062260529581
2023-05-31,"WIPRO.NS",-0.267884256193899,0.0463378243976219,87.6498934314493,1,-0.0442098484996604,0.0566840362326047,0.485062260529581
2023-05-31,"HCLTECH.NS",0.00251382921580623,-0.0144466395189007,76.4918598003041,3.33333333333333,0.0403273612500454,0.0566840362326047,0.485062260529581
2023-05-31,"TECHM.NS",-0.141371521334745,-0.0720632643991086,58.6184574760194,1.66666666666667,0.00896687021437166,0.0566840362326047,0.485062260529581
2023-05-31,"HDFCBANK.NS",0.175183413780433,0.0478407176040694,80.8896036575733,3.33333333333333,0.0607232016712966,0.0566840362326047,0.485062260529581
2023-05-31,"ICICIBANK.NS",0.248454255038196,0.0383005483375991,109.181160992035,8.66666666666667,-0.00160237575490961,0.0566840362326047,0.485062260529581
2023-05-31,"KOTAKBANK.NS",0.0577418981511892,0.110184846087556,89.0028904815197,1,-0.0432631450895219,0.0566840362326047,0.485062260529581
2023-05-31,"AXISBANK.NS",0.202838265365229,-0.00532043126863209,89.3644512993381,8,0.0736653138639039,0.0566840362326047,0.485062260529581
2023-05-31,"SBIN.NS",0.206207420742733,0.0978643554526723,73.797491398712,2,-0.0169886066553482,0.0566840362326047,0.485062260529581
2023-05-31,"SUNPHARMA.NS",0.179123855899227,0.00878420563995068,106.672034290928,8.33333333333333,0.0646957277821281,0.0566840362326047,0.485062260529581
2023-05-31,"DRREDDY.NS",0.156879743083405,0.0587029053145084,79.1387518551892,2,0.133467459522754,0.0566840362326047,0.485062260529581
2023-05-31,"CIPLA.NS",-0.0977521782745181,0.0186213097177784,119.062239048137,5.66666666666667,0.0520342265534276,0.0566840362326047,0.485062260529581
2023-05-31,"DIVISLAB.NS",-0.318056036803329,0.136779507094873,51.8722417595023,-5.66666666666667,0.0165087724683039,0.0566840362326047,0.485062260529581
2023-05-31,"APOLLOHOSP.NS",0.0831950911670527,0.0659725734702311,101.829401336551,4,0.0589812466788053,0.0566840362326047,0.485062260529581
2023-05-31,"MARUTI.NS",0.139181929405929,0.0101727780066049,101.254524077635,6.33333333333333,0.0493927132490752,0.0566840362326047,0.485062260529581
2023-05-31,"BAJAJ-AUTO.NS",0.285630652277783,0.109721512748771,86.7380834360972,3.66666666666667,0.0412343198854819,0.0566840362326047,0.485062260529581
2023-05-31,"EICHERMOT.NS",0.351507256944937,0.0987917922893525,68.9377213559586,2.33333333333333,-0.0365845154670694,0.0566840362326047,0.485062260529581
2023-05-31,"HEROMOTOCO.NS",0.0202007615437136,0.0524456321627979,85.1004310939176,1.66666666666667,0.0391731401787024,0.0566840362326047,0.485062260529581
2023-06-30,"INFY.NS",-0.142874407510153,0.0319777194762868,58.9542278588565,-1.66666666666667,0.0164956640191135,0.0234635191113398,0.182857584489326
2023-06-30,"TCS.NS",-0.0540430777353335,0.0217743722961999,101.592968965436,5,0.0482984660409891,0.0234635191113398,0.182857584489326
2023-06-30,"WIPRO.NS",-0.212059690723787,0.0393974458859112,90.9577615363849,0.666666666666667,0.0343463568261408,0.0234635191113398,0.182857584489326
2023-06-30,"HCLTECH.NS",0.102358613995447,0.0726430281241207,84.4695406283729,0.666666666666667,-0.0467715929110345,0.0234635191113398,0.182857584489326
2023-06-30,"TECHM.NS",-0.0515050468317015,0.0589491750577588,71.8316700738944,-2,0.0207645774262898,0.0234635191113398,0.182857584489326
2023-06-30,"HDFCBANK.NS",0.133706734004801,-0.0343320687502941,86.3021225462825,6.33333333333333,-0.0398885210746476,0.0234635191113398,0.182857584489326
2023-06-30,"ICICIBANK.NS",0.264850817293909,0.0293352781611881,139.290433129112,8.66666666666667,0.0591480851149108,0.0234635191113398,0.182857584489326
2023-06-30,"KOTAKBANK.NS",0.0655185463566506,0.0485125454853414,77.4869116422326,1.66666666666667,0.00683305858662324,0.0234635191113398,0.182857584489326
2023-06-30,"AXISBANK.NS",0.341650997424434,0.0507666387386273,97.9972010536307,6.33333333333333,-0.0277227768426788,0.0234635191113398,0.182857584489326
2023-06-30,"SBIN.NS",0.28002760621696,0.0274951625634485,104.496991676683,9.33333333333333,0.059356034383023,0.0234635191113398,0.182857584489326
2023-06-30,"SUNPHARMA.NS",0.268157739857359,0.00236369007653396,94.6090082664925,8.66666666666667,0.111110611282829,0.0234635191113398,0.182857584489326
2023-06-30,"DRREDDY.NS",-0.0072881590170647,-0.090770463182815,75.3527859817139,3.66666666666667,0.114991162464876,0.0234635191113398,0.182857584489326
2023-06-30,"CIPLA.NS",-0.0784262512829507,0.0385201943945304,102.641374657338,3.33333333333333,0.182401382654245,0.0234635191113398,0.182857584489326
2023-06-30,"DIVISLAB.NS",-0.0936936297020502,0.058364380249727,48.4982095578304,-3.33333333333333,0.0269683491844651,0.0234635191113398,0.182857584489326
2023-06-30,"APOLLOHOSP.NS",0.206005947782264,0.0292041929772937,77.4064548835719,4.33333333333333,0.020706182227226,0.0234635191113398,0.182857584489326
2023-06-30,"MARUTI.NS",0.165259959480831,0.0673192030667148,108.335158644349,4.66666666666667,0.0152743544076139,0.0234635191113398,0.182857584489326
2023-06-30,"BAJAJ-AUTO.NS",0.224097278238062,0.0153734602023305,90.4896406808449,7,0.0695671611874849,0.0234635191113398,0.182857584489326
2023-06-30,"EICHERMOT.NS",0.35730536568254,0.0940958653551657,73.634757119977,1.66666666666667,-0.0730820757655122,0.0234635191113398,0.182857584489326
2023-06-30,"HEROMOTOCO.NS",0.0115543592807397,0.105773578799157,75.8609319014969,-1.66666666666667,0.11763570578168,0.0234635191113398,0.182857584489326
2023-07-31,"INFY.NS",-0.110807558346796,0.0257296456514799,59.9840548719255,-1.66666666666667,0.0514576822637955,-0.0376350025941943,-0.453627469213904
2023-07-31,"TCS.NS",-0.0277136069448863,0.000845193029533439,82.553256150328,3,-0.0275922893068421,-0.0376350025941943,-0.453627469213904
2023-07-31,"WIPRO.NS",-0.147880148769565,-0.0442098484996604,94.2891952421119,4.66666666666667,0.00356297126614352,-0.0376350025941943,-0.453627469213904
2023-07-31,"HCLTECH.NS",0.199426168306042,0.0403273612500454,79.8825663837479,3.33333333333333,0.0295566502463054,-0.0376350025941943,-0.453627469213904
2023-07-31,"TECHM.NS",0.0972960289320701,0.00896687021437166,68.2531197708587,1.66666666666667,0.0511148466440504,-0.0376350025941943,-0.453627469213904
2023-07-31,"HDFCBANK.NS",0.244343888578984,0.0607232016712966,111.415355380994,5,-0.0546247261411499,-0.0376350025941943,-0.453627469213904
2023-07-31,"ICICIBANK.NS",0.343982779043089,-0.00160237575490961,140.879943156679,10.3333333333333,-0.0280611275894225,-0.0376350025941943,-0.453627469213904
2023-07-31,"KOTAKBANK.NS",0.144616089331598,-0.0432631450895219,78.4736824032443,5.33333333333333,-0.048541464348515,-0.0376350025941943,-0.453627469213904
2023-07-31,"AXISBANK.NS",0.551890814388547,0.0736653138639039,99.673973352991,5.66666666666667,0.0141681774077625,-0.0376350025941943,-0.453627469213904
2023-07-31,"SBIN.NS",0.264763414395336,-0.0169886066553482,106.132985360951,9,-0.0825367523722582,-0.0376350025941943,-0.453627469213904
2023-07-31,"SUNPHARMA.NS",0.364263421614013,0.0646957277821281,91.0464873013961,4.66666666666667,-0.0278542056328369,-0.0376350025941943,-0.453627469213904
2023-07-31,"DRREDDY.NS",0.106051113773424,0.133467459522754,70.6791169118578,-1,-0.0104463934784588,-0.0376350025941943,-0.453627469213904
2023-07-31,"CIPLA.NS",0.0396623844304567,0.0520342265534276,68.4232842067453,-1,0.0672550137191346,-0.0376350025941943,-0.453627469213904
2023-07-31,"DIVISLAB.NS",-0.0978274795805788,0.0165087724683039,58.4956971035473,-1.33333333333333,-0.00505469183951866,-0.0376350025941943,-0.453627469213904
2023-07-31,"APOLLOHOSP.NS",0.331052481355641,0.0589812466788053,66.5589818331097,1.66666666666667,-0.0416159142393065,-0.0376350025941943,-0.453627469213904
2023-07-31,"MARUTI.NS",0.146110968627813,0.0493927132490752,97.4346824797457,4,0.0392301561011966,-0.0376350025941943,-0.453627469213904
2023-07-31,"BAJAJ-AUTO.NS",0.232908568058114,0.0412343198854819,84.7876085480537,4,-0.0629880669823452,-0.0376350025941943,-0.453627469213904
2023-07-31,"EICHERMOT.NS",0.297049547898558,-0.0365845154670694,62.4924561267955,5,-0.0124336104910004,-0.0376350025941943,-0.453627469213904
2023-07-31,"HEROMOTOCO.NS",0.0658285872272681,0.0391731401787024,70.5367294059528,1,-0.0600077645964142,-0.0376350025941943,-0.453627469213904
2023-08-31,"INFY.NS",-0.137142135336333,0.0164956640191135,60.1985015733791,-1.66666666666667,-0.00581792778619934,0.00139324000655528,0.0184534555636253
2023-08-31,"TCS.NS",0.020627196544466,0.0482984660409891,84.029486441396,0.666666666666667,0.0442116559578812,0.00139324000655528,0.0184534555636253
2023-08-31,"WIPRO.NS",-0.122149280750521,0.0343463568261408,95.5272981943591,1.66666666666667,-0.0247388670788375,0.00139324000655528,0.0184534555636253
2023-08-31,"HCLTECH.NS",0.162755895093853,-0.0467715929110345,79.2895260487649,5.66666666666667,0.0413223917851211,0.00139324000655528,0.0184534555636253
2023-08-31,"TECHM.NS",0.0485689915685443,0.0207645774262898,69.24998833486,0,-0.00427494398153268,0.00139324000655528,0.0184534555636253
2023-08-31,"HDFCBANK.NS",0.127692941408733,-0.0398885210746476,109.302369012651,8,-0.0307359533179601,0.00139324000655528,0.0184534555636253
2023-08-31,"ICICIBANK.NS",0.224023117018251,0.0591480851149108,132.588266758017,7.33333333333333,-0.0173428154454623,0.00139324000655528,0.0184534555636253
2023-08-31,"KOTAKBANK.NS",0.061660586640851,0.00683305858662324,95.04867045358,4.66666666666667,-0.0199875295969155,0.00139324000655528,0.0184534555636253
2023-08-31,"AXISBANK.NS",0.338611776203076,-0.0277227768426788,105.225459771395,10.6666666666667,0.0459565336246619,0.00139324000655528,0.0184534555636253
2023-08-31,"SBIN.NS",0.183877882219782,0.059356034383023,90.6615141339821,3,0.0509172802537508,0.00139324000655528,0.0184534555636253
2023-08-31,"SUNPHARMA.NS",0.332714871560541,0.111110611282829,97.5618045596686,6,0.0447701519384169,0.00139324000655528,0.0184534555636253
2023-08-31,"DRREDDY.NS",0.313341984137867,0.114991162464876,91.6176069528117,4,0.00151470379101252,0.00139324000655528,0.0184534555636253
2023-08-31,"CIPLA.NS",0.193956175504171,0.182401382654245,62.2801182047282,-1.33333333333333,-0.0475750708419068,0.00139324000655528,0.0184534555636253
2023-08-31,"DIVISLAB.NS",-0.120431156238109,0.0269683491844651,69.370211630074,-0.666666666666667,0.0489928540472283,0.00139324000655528,0.0184534555636253
2023-08-31,"APOLLOHOSP.NS",0.205038571189514,0.020706182227226,71.7759542363415,4.33333333333333,0.0614418214773207,0.00139324000655528,0.0184534555636253
2023-08-31,"MARUTI.NS",0.114418565347366,0.0152743544076139,97.3041165266414,5.66666666666667,0.0270392710489609,0.00139324000655528,0.0184534555636253
2023-08-31,"BAJAJ-AUTO.NS",0.221035431913694,0.0695671611874849,83.1010235120739,3,0.0846641365809506,0.00139324000655528,0.0184534555636253
2023-08-31,"EICHERMOT.NS",0.081525396718801,-0.0730820757655122,70.5569985136439,4,0.0136895350374592,0.00139324000655528,0.0184534555636253
2023-08-31,"HEROMOTOCO.NS",0.153676882413904,0.11763570578168,62.7150345846145,-1.66666666666667,0.0443568053292904,0.00139324000655528,0.0184534555636253
2023-09-29,"INFY.NS",-0.0574343533686359,0.0514576822637955,61.7132154282882,-4.33333333333333,-0.0333947392185413,0.0164771712748255,0.108227525981306
2023-09-29,"TCS.NS",0.0195558622126204,-0.0275922893068421,86.2432640713907,2.66666666666667,-0.0388131233367682,0.0164771712748255,0.108227525981306
2023-09-29,"WIPRO.NS",-0.0861086635534544,0.00356297126614352,81.0641139700575,-1,-0.0583303292671151,0.0164771712748255,0.108227525981306
2023-09-29,"HCLTECH.NS",0.213952700607096,0.0295566502463054,76.2111059240319,2,0.0399591380154925,0.0164771712748255,0.108227525981306
2023-09-29,"TECHM.NS",0.0750246527212783,0.0511148466440504,64.4204874352265,-2,-0.0682864007028765,0.0164771712748255,0.108227525981306
2023-09-29,"HDFCBANK.NS",0.0374338313131202,-0.0546247261411499,104.909543301307,6.66666666666667,-0.0209211176169206,0.0164771712748255,0.108227525981306
2023-09-29,"ICICIBANK.NS",0.097414117299832,-0.0280611275894225,118.535533244192,7.66666666666667,-0.0265340583905248,0.0164771712748255,0.108227525981306
2023-09-29,"KOTAKBANK.NS",-0.0219459846028717,-0.048541464348515,100.297365712575,5,0.00715098924703951,0.0164771712748255,0.108227525981306
2023-09-29,"AXISBANK.NS",0.320183083811589,0.0141681774077625,103.743863858634,6.66666666666667,-0.05686576281275,0.0164771712748255,0.108227525981306
2023-09-29,"SBIN.NS",0.0912755694648455,-0.0825367523722582,88.3339572586275,7.33333333333333,-0.0620283730757622,0.0164771712748255,0.108227525981306
2023-09-29,"SUNPHARMA.NS",0.328443417856503,-0.0278542056328369,108.367831758666,9.66666666666667,-0.0463008552119879,0.0164771712748255,0.108227525981306
2023-09-29,"DRREDDY.NS",0.25841457174378,-0.0104463934784588,82.3646499105235,5,-0.0172381279153257,0.0164771712748255,0.108227525981306
2023-09-29,"CIPLA.NS",0.226698488810837,0.0672550137191346,61.6813958097911,-0.666666666666667,0.0145416600045443,0.0164771712748255,0.108227525981306
2023-09-29,"DIVISLAB.NS",-0.0912131886693041,-0.00505469183951866,80.1849085577013,-1.33333333333333,-0.0902414732005884,0.0164771712748255,0.108227525981306
2023-09-29,"APOLLOHOSP.NS",0.142466450235939,-0.0416159142393065,69.5416669524793,4,-0.0584203145561546,0.0164771712748255,0.108227525981306
2023-09-29,"MARUTI.NS",0.140573399033766,0.0392301561011966,95.8714647864615,3.66666666666667,0.00438774232691622,0.0164771712748255,0.108227525981306
2023-09-29,"BAJAJ-AUTO.NS",0.112880723753527,-0.0629880669823452,85.433647919055,6.66666666666667,0.0593247410974957,0.0164771712748255,0.108227525981306
2023-09-29,"EICHERMOT.NS",-0.0243856278983943,-0.0124336104910004,87.9780252166038,2,-0.0166646397739032,0.0164771712748255,0.108227525981306
2023-09-29,"HEROMOTOCO.NS",0.085631966009682,-0.0600077645964142,73.125750307842,3.66666666666667,0.024124635402898,0.0164771712748255,0.108227525981306
2023-10-31,"INFY.NS",-0.0292721809126464,-0.00581792778619934,102.029891003126,4,0.0745856311271576,-0.0825361374377906,-0.549209987012659
2023-10-31,"TCS.NS",0.109686350513054,0.0442116559578812,107.37461425073,4.66666666666667,0.0471229638314171,-0.0825361374377906,-0.549209987012659
2023-10-31,"WIPRO.NS",-0.0720938318291227,-0.0247388670788375,81.0843464691545,2,0.0842629242208505,-0.0825361374377906,-0.549209987012659
2023-10-31,"HCLTECH.NS",0.255574484673274,0.0413223917851211,87.0529579016109,5,0.0650936676218501,-0.0825361374377906,-0.549209987012659
2023-10-31,"TECHM.NS",0.117444568088707,-0.00427494398153268,77.8609308776803,2.33333333333333,0.0968916265406104,-0.0825361374377906,-0.549209987012659
2023-10-31,"HDFCBANK.NS",0.0414862100215367,-0.0307359533179601,102.056083086978,6.33333333333333,0.0571718916064836,-0.0825361374377906,-0.549209987012659
2023-10-31,"ICICIBANK.NS",0.0938319282899807,-0.0173428154454623,115.77967751038,7.33333333333333,0.0228653166041831,-0.0825361374377906,-0.549209987012659
2023-10-31,"KOTAKBANK.NS",0.00257889379134602,-0.0199875295969155,109.205951691202,6.33333333333333,0.0180063153759139,-0.0825361374377906,-0.549209987012659
2023-10-31,"AXISBANK.NS",0.401476559562676,0.0459565336246619,81.4493370299543,3.66666666666667,0.105422856048968,-0.0825361374377906,-0.549209987012659
2023-10-31,"SBIN.NS",0.152676283933842,0.0509172802537508,85.0410384462927,1.33333333333333,-0.00291314939405628,-0.0825361374377906,-0.549209987012659
2023-10-31,"SUNPHARMA.NS",0.275556082056569,0.0447701519384169,105.09951552254,6,0.0982350010396193,-0.0825361374377906,-0.549209987012659
2023-10-31,"DRREDDY.NS",0.22148524014586,0.00151470379101252,82.8902522950754,4.66666666666667,0.0826155526461553,-0.0825361374377906,-0.549209987012659
2023-10-31,"CIPLA.NS",0.0719852516439012,-0.0475750708419068,76.8033781054549,3,0.00919877196414994,-0.0825361374377906,-0.549209987012659
2023-10-31,"DIVISLAB.NS",-0.0739618213982063,0.0489928540472283,80.1927013323892,-3,0.132290236533422,-0.0825361374377906,-0.549209987012659
2023-10-31,"APOLLOHOSP.NS",0.183267853410243,0.0614418214773207,84.3331521734607,1,0.152693258580077,-0.0825361374377906,-0.549209987012659
2023-10-31,"MARUTI.NS",0.19746745595089,0.0270392710489609,90.3080653712252,5,0.0372468184087781,-0.0825361374377906,-0.549209987012659
2023-10-31,"BAJAJ-AUTO.NS",0.394801097442488,0.0846641365809506,66.6280766356894,0,0.139624066676029,-0.0825361374377906,-0.549209987012659
2023-10-31,"EICHERMOT.NS",-0.0810626440829088,0.0136895350374592,91.6331343246738,1.66666666666667,0.18726479941968,-0.0825361374377906,-0.549209987012659
2023-10-31,"HEROMOTOCO.NS",0.279424551918579,0.0443568053292904,68.1390703676887,2,0.234959241436969,-0.0825361374377906,-0.549209987012659
2023-11-30,"INFY.NS",-0.158694968063613,-0.0333947392185413,95.3961620771034,2,0.0623839396800592,-0.0197697832798185,-0.374890399095702
2023-11-30,"TCS.NS",-0.00550339869167793,-0.0388131233367682,99.0124226276981,5.66666666666667,0.0802330268709484,-0.0197697832798185,-0.374890399095702
2023-11-30,"WIPRO.NS",-0.108248292911326,-0.0583303292671151,77.486815556689,2.33333333333333,0.156138763298984,-0.0197697832798185,-0.374890399095702
2023-11-30,"HCLTECH.NS",0.155101899083711,0.0399591380154925,88.4525452020513,3,0.0968055699047744,-0.0197697832798185,-0.374890399095702
2023-11-30,"TECHM.NS",-0.0155497268743702,-0.0682864007028765,73.743188653901,4.33333333333333,0.0426855597214477,-0.0197697832798185,-0.374890399095702
2023-11-30,"HDFCBANK.NS",-0.0371911233469192,-0.0209211176169206,101.494897103774,4,0.09891352900293,-0.0197697832798185,-0.374890399095702
2023-11-30,"ICICIBANK.NS",-0.00590955444231589,-0.0265340583905248,114.532461740765,6,0.0527094230682532,-0.0197697832798185,-0.374890399095702
2023-11-30,"KOTAKBANK.NS",-0.0529246545888747,0.00715098924703951,112.52059630613,2.66666666666667,0.0900313812648956,-0.0197697832798185,-0.374890399095702
2023-11-30,"AXISBANK.NS",0.0544336599612683,-0.05686576281275,72.078105465712,4,-0.00212737862126163,-0.0197697832798185,-0.374890399095702
2023-11-30,"SBIN.NS",-0.0206657038297007,-0.0620283730757622,88.6229447426983,5.33333333333333,0.122955865138752,-0.0197697832798185,-0.374890399095702
2023-11-30,"SUNPHARMA.NS",0.129886118264664,-0.0463008552119879,99.7594312665941,8,0.0229036318388294,-0.0197697832798185,-0.374890399095702
2023-11-30,"DRREDDY.NS",0.196625125122607,-0.0172381279153257,86.5057525578426,5,0.00843557919596344,-0.0197697832798185,-0.374890399095702
2023-11-30,"CIPLA.NS",0.0534298116614724,0.0145416600045443,63.4784819610431,-1,0.0336733799884898,-0.0197697832798185,-0.374890399095702
2023-11-30,"DIVISLAB.NS",-0.129994309750916,-0.0902414732005884,81.2229921891965,3.66666666666667,0.0293194983756499,-0.0197697832798185,-0.374890399095702
2023-11-30,"APOLLOHOSP.NS",0.0765793941454573,-0.0584203145561546,68.124548797676,4.33333333333333,0.0202016757175478,-0.0197697832798185,-0.374890399095702
2023-11-30,"MARUTI.NS",0.0789350924892311,0.00438774232691622,96.6396088038082,4.66666666666667,-0.0267672652004561,-0.0197697832798185,-0.374890399095702
2023-11-30,"BAJAJ-AUTO.NS",0.414572037202201,0.0593247410974957,67.9426899707319,1,0.124246351604217,-0.0197697832798185,-0.374890399095702
2023-11-30,"EICHERMOT.NS",-0.187221045754048,-0.0166646397739032,71.7982751756371,-2.33333333333333,0.0648385705867724,-0.0197697832798185,-0.374890399095702
2023-11-30,"HEROMOTOCO.NS",0.236230491302393,0.024124635402898,61.3047689664994,0.666666666666667,0.1009442006523,-0.0197697832798185,-0.374890399095702
2023-12-29,"INFY.NS",-0.130201353695369,0.0745856311271576,74.4292697828513,0.666666666666667,0.0706158147284612,-0.0213539556343452,-0.0440338112207889
2023-12-29,"TCS.NS",0.00109778839752939,0.0471229638314171,81.8587508488284,4.66666666666667,0.00824813761216922,-0.0213539556343452,-0.0440338112207889
2023-12-29,"WIPRO.NS",-0.0675622929731681,0.0842629242208505,65.7405033003787,-1.66666666666667,0.00423286956858261,-0.0213539556343452,-0.0440338112207889
2023-12-29,"HCLTECH.NS",0.163606678117048,0.0650936676218501,71.1696805234865,4.33333333333333,0.0703674881499373,-0.0213539556343452,-0.0440338112207889
2023-12-29,"TECHM.NS",0.0553736550645259,0.0968916265406104,76.0722971808269,2.66666666666667,0.0281385951241123,-0.0213539556343452,-0.0440338112207889
2023-12-29,"HDFCBANK.NS",-0.0423896468473024,0.0571718916064836,110.535806702509,5.66666666666667,-0.138713820334835,-0.0213539556343452,-0.0440338112207889
2023-12-29,"ICICIBANK.NS",-0.0304510732520774,0.0228653166041831,93.2226014281858,5.66666666666667,0.0287672879082593,-0.0213539556343452,-0.0440338112207889
2023-12-29,"KOTAKBANK.NS",-0.0546136404467188,0.0180063153759139,102.297444812245,5.66666666666667,-0.0439462967511111,-0.0213539556343452,-0.0440338112207889
2023-12-29,"AXISBANK.NS",0.127442437490992,0.105422856048968,69.7438252861947,1.33333333333333,-0.0272842304586338,-0.0213539556343452,-0.0440338112207889
2023-12-29,"SBIN.NS",-0.0649314420614968,-0.00291314939405628,73.7119633966438,3.66666666666667,-0.00132539356602314,-0.0213539556343452,-0.0440338112207889
2023-12-29,"SUNPHARMA.NS",0.229670178729601,0.0982350010396193,104.863821196735,6.66666666666667,0.125530557553768,-0.0213539556343452,-0.0440338112207889
2023-12-29,"DRREDDY.NS",0.309386338284822,0.0826155526461553,82.2539096784222,7,0.051445918149561,-0.0213539556343452,-0.0440338112207889
2023-12-29,"CIPLA.NS",0.094603632881888,0.00919877196414994,64.1967977350325,3.66666666666667,0.079936081131253,-0.0213539556343452,-0.0440338112207889
2023-12-29,"DIVISLAB.NS",0.110019362501885,0.132290236533422,77.085312023963,2.66666666666667,-0.0626420380879632,-0.0213539556343452,-0.0440338112207889
2023-12-29,"APOLLOHOSP.NS",0.184502269994644,0.152693258580077,69.8869030798868,1.66666666666667,0.10485123002286,-0.0213539556343452,-0.0440338112207889
2023-12-29,"MARUTI.NS",0.179036577945811,0.0372468184087781,108.275292453318,9,-0.00937434016872107,-0.0213539556343452,-0.0440338112207889
2023-12-29,"BAJAJ-AUTO.NS",0.604343871949879,0.139624066676029,68.1225469081569,2.66666666666667,0.144222647008913,-0.0213539556343452,-0.0440338112207889
2023-12-29,"EICHERMOT.NS",0.05191408954401,0.18726479941968,57.5227219201837,-3,-0.0492156820130968,-0.0213539556343452,-0.0440338112207889
2023-12-29,"HEROMOTOCO.NS",0.431005095197911,0.234959241436969,60.8265721790585,0.333333333333333,0.122130312703334,-0.0213539556343452,-0.0440338112207889
2024-01-31,"INFY.NS",0.0152897875097338,0.0623839396800592,59.2407058012739,-1.33333333333333,0.0101686698117312,0.00724384833234335,0.0676626703999596
2024-01-31,"TCS.NS",0.154123481708217,0.0802330268709484,75.9059443037113,4,0.062517122778767,0.00724384833234335,0.0676626703999596
2024-01-31,"WIPRO.NS",0.135531267628909,0.156138763298984,55.6368302467476,-3,0.100243826328685,0.00724384833234335,0.0676626703999596
2024-01-31,"HCLTECH.NS",0.395488394276011,0.0968055699047744,61.607085032743,3,0.0548054755043228,0.00724384833234335,0.0676626703999596
2024-01-31,"TECHM.NS",0.192557830807831,0.0426855597214477,57.2472902832587,2.33333333333333,-0.0294476462958372,0.00724384833234335,0.0676626703999596
2024-01-31,"HDFCBANK.NS",0.0467402417591898,0.09891352900293,62.4737884941932,-1.66666666666667,-0.042929602202033,0.00724384833234335,0.0676626703999596
2024-01-31,"ICICIBANK.NS",0.0771940701573914,0.0527094230682532,81.160746208583,3.66666666666667,0.0263863866480672,0.00724384833234335,0.0676626703999596
2024-01-31,"KOTAKBANK.NS",0.0908729273540794,0.0900313812648956,93.7491823427995,3.66666666666667,-0.0731312182464711,0.00724384833234335,0.0676626703999596
2024-01-31,"AXISBANK.NS",0.0890183827290545,-0.00212737862126163,71.0599320674615,4.66666666666667,-0.0084390084156654,0.00724384833234335,0.0676626703999596
2024-01-31,"SBIN.NS",0.0404589215227664,0.122955865138752,71.1488331304906,-1,0.155099179881065,0.00724384833234335,0.0676626703999596
2024-01-31,"SUNPHARMA.NS",0.314420376895519,0.0229036318388294,90.6543583767513,9,0.127131784323439,0.00724384833234335,0.0676626703999596
2024-01-31,"DRREDDY.NS",0.394219363148275,0.00843557919596344,72.0419944700333,9,0.0719320031072629,0.00724384833234335,0.0676626703999596
2024-01-31,"CIPLA.NS",0.182938286606401,0.0336733799884898,54.8215427664837,1.66666666666667,0.0668036234121077,0.00724384833234335,0.0676626703999596
2024-01-31,"DIVISLAB.NS",0.14117548411296,0.0293194983756499,68.0134796028085,4,-0.0455763673294977,0.00724384833234335,0.0676626703999596
2024-01-31,"APOLLOHOSP.NS",0.288883517905669,0.0202016757175478,71.3989990781927,7.66666666666667,-0.0287608107048771,0.00724384833234335,0.0676626703999596
2024-01-31,"MARUTI.NS",0.224509954892737,-0.0267672652004561,117.186809765308,10.3333333333333,0.061139485293119,0.00724384833234335,0.0676626703999596
2024-01-31,"BAJAJ-AUTO.NS",0.849342677863539,0.124246351604217,67.3653498044624,3.33333333333333,0.0331254526341536,0.00724384833234335,0.0676626703999596
2024-01-31,"EICHERMOT.NS",0.192890429225244,0.0648385705867724,54.2089868854112,0.666666666666667,-0.0357978618778861,0.00724384833234335,0.0676626703999596
2024-01-31,"HEROMOTOCO.NS",0.651932812301512,0.1009442006523,63.256070383571,3.33333333333333,-0.0137787114617981,0.00724384833234335,0.0676626703999596
2024-02-29,"INFY.NS",0.0800753531985914,0.0706158147284612,57.8694187601706,-2.66666666666667,-0.0946696044251613,0.0364570954654952,0.390312157368191
2024-02-29,"TCS.NS",0.104836479437994,0.00824813761216922,67.1260982052165,2.66666666666667,-0.0532563472360382,0.0364570954654952,0.390312157368191
2024-02-29,"WIPRO.NS",0.12099415916062,0.00423286956858261,49.8885767131308,-0.333333333333333,-0.0751299728486457,0.0364570954654952,0.390312157368191
2024-02-29,"HCLTECH.NS",0.37113528920808,0.0703674881499373,56.8169896829654,1.33333333333333,-0.0611580534763463,0.0364570954654952,0.390312157368191
2024-02-29,"TECHM.NS",0.219470632918497,0.0281385951241123,55.9427620246294,1.33333333333333,-0.0186350545664764,0.0364570954654952,0.390312157368191
2024-02-29,"HDFCBANK.NS",-0.0842888599477766,-0.138713820334835,62.3869815604594,2.66666666666667,0.0119866591869292,0.0364570954654952,0.390312157368191
2024-02-29,"ICICIBANK.NS",0.202162308695008,0.0287672879082593,81.8909514501756,5.66666666666667,0.00588838819527934,0.0364570954654952,0.390312157368191
2024-02-29,"KOTAKBANK.NS",0.0995985036920872,-0.0439462967511111,87.0015585982476,6.33333333333333,0.0334548261990501,0.0364570954654952,0.390312157368191
2024-02-29,"AXISBANK.NS",0.144380381034485,-0.0272842304586338,72.0397675988795,5.66666666666667,-0.0473505769301999,0.0364570954654952,0.390312157368191
2024-02-29,"SBIN.NS",0.149276911113592,-0.00132539356602314,61.9707516333602,3.33333333333333,-0.0218423067964159,0.0364570954654952,0.390312157368191
2024-02-29,"SUNPHARMA.NS",0.425792184173281,0.125530557553768,81.9791689801908,5,0.0393139306143655,0.0364570954654952,0.390312157368191
2024-02-29,"DRREDDY.NS",0.435740134881637,0.051445918149561,69.9679742726008,5.66666666666667,-0.00575597055126594,0.0364570954654952,0.390312157368191
2024-02-29,"CIPLA.NS",0.344011093577633,0.079936081131253,63.8371479468293,2.66666666666667,0.0177102619384037,0.0364570954654952,0.390312157368191
2024-02-29,"DIVISLAB.NS",0.0881939818656761,-0.0626420380879632,72.9174029939284,5.33333333333333,-0.0106535015390816,0.0364570954654952,0.390312157368191
2024-02-29,"APOLLOHOSP.NS",0.490426041387492,0.10485123002286,66.7892972559503,4,0.0445984615928309,0.0364570954654952,0.390312157368191
2024-02-29,"MARUTI.NS",0.145938137745608,-0.00937434016872107,73.2125217519177,6.33333333333333,0.0842787101425527,0.0364570954654952,0.390312157368191
2024-02-29,"BAJAJ-AUTO.NS",0.980669580991545,0.144222647008913,58.2698990656767,1.66666666666667,0.13782258504457,0.0364570954654952,0.390312157368191
2024-02-29,"EICHERMOT.NS",0.12219100346317,-0.0492156820130968,62.4984049734463,4.33333333333333,0.0457259240667668,0.0364570954654952,0.390312157368191
2024-02-29,"HEROMOTOCO.NS",0.821920061137996,0.122130312703334,61.5926788130181,2.33333333333333,0.0477468241586806,0.0364570954654952,0.390312157368191
2024-03-28,"INFY.NS",0.137669560105323,0.0101686698117312,61.0438537540659,0.666666666666667,-0.0500851708701838,-0.00493493302662094,-0.0949034857557875
2024-03-28,"TCS.NS",0.207747942800092,0.062517122778767,67.7959694195271,2,-0.024535629190344,-0.00493493302662094,-0.0949034857557875
2024-03-28,"WIPRO.NS",0.282281097903368,0.100243826328685,53.8607235609319,-1.66666666666667,-0.0464996644084896,-0.00493493302662094,-0.0949034857557875
2024-03-28,"HCLTECH.NS",0.519427046170512,0.0548054755043228,62.6734147273742,4,-0.122117109627133,-0.00493493302662094,-0.0949034857557875
2024-03-28,"TECHM.NS",0.101267622788372,-0.0294476462958372,60.1912960028582,1,0.0152263721055269,-0.00493493302662094,-0.0949034857557875
2024-03-28,"HDFCBANK.NS",-0.108286428442129,-0.042929602202033,61.673098319984,2,0.0337300763230137,-0.00493493302662094,-0.0949034857557875
2024-03-28,"ICICIBANK.NS",0.223923663455298,0.0263863866480672,83.4428840176618,5.66666666666667,0.0461510115698242,-0.00493493302662094,-0.0949034857557875
2024-03-28,"KOTAKBANK.NS",0.0282894594726386,-0.0731312182464711,82.9827153737427,6.33333333333333,-0.0931200671199633,-0.00493493302662094,-0.0949034857557875
2024-03-28,"AXISBANK.NS",0.15240045113669,-0.0084390084156654,68.1393364986696,4,0.107112392329671,-0.00493493302662094,-0.0949034857557875
2024-03-28,"SBIN.NS",0.339082473164237,0.155099179881065,61.8711272165349,0.666666666666667,0.0896084217675986,-0.00493493302662094,-0.0949034857557875
2024-03-28,"SUNPHARMA.NS",0.692291691223139,0.127131784323439,75.1864770395495,5,-0.0780419348466635,-0.00493493302662094,-0.0949034857557875
2024-03-28,"DRREDDY.NS",0.5514587303612,0.0719320031072629,70.2199243825138,4.66666666666667,-0.00736754074927863,-0.00493493302662094,-0.0949034857557875
2024-03-28,"CIPLA.NS",0.632556322140546,0.0668036234121077,59.3054245274505,1.66666666666667,-0.0658258786804538,-0.00493493302662094,-0.0949034857557875
2024-03-28,"DIVISLAB.NS",0.233868164407897,-0.0455763673294977,77.490093054713,8,0.121764598563115,-0.00493493302662094,-0.0949034857557875
2024-03-28,"APOLLOHOSP.NS",0.399956466597256,-0.0287608107048771,65.8404994456028,6,-0.0790041933854189,-0.00493493302662094,-0.0949034857557875
2024-03-28,"MARUTI.NS",0.236374007895396,0.061139485293119,67.3766875864359,3,0.0197222930412966,-0.00493493302662094,-0.0949034857557875
2024-03-28,"BAJAJ-AUTO.NS",1.13017242734035,0.0331254526341536,56.8898499691277,3.33333333333333,-0.0153172219165193,-0.00493493302662094,-0.0949034857557875
2024-03-28,"EICHERMOT.NS",0.150718604108306,-0.0357978618778861,60.3286367908898,2.33333333333333,0.164886641052004,-0.00493493302662094,-0.0949034857557875
2024-03-28,"HEROMOTOCO.NS",0.97419828980242,-0.0137787114617981,57.2666579274514,4.66666666666667,-0.0294184338023647,-0.00493493302662094,-0.0949034857557875
2024-04-30,"INFY.NS",0.0790869512887467,-0.0946696044251613,80.9494601021942,6.66666666666667,0.0145633724500417,-0.0493384820700958,-0.345765719990825
2024-04-30,"TCS.NS",0.207556019616584,-0.0532563472360382,73.3245019787065,6.33333333333333,-0.0428828484980683,-0.0493384820700958,-0.345765719990825
2024-04-30,"WIPRO.NS",0.269389456381732,-0.0751299728486457,64.7109011740867,5.33333333333333,-0.0419763528962859,-0.0493384820700958,-0.345765719990825
2024-04-30,"HCLTECH.NS",0.447335801945186,-0.0611580534763463,65.300934474854,7,-0.0138342352171753,-0.0493384820700958,-0.345765719990825
2024-04-30,"TECHM.NS",0.105315531363588,-0.0186350545664764,65.0791436032481,2.33333333333333,-0.0303498449716026,-0.0493384820700958,-0.345765719990825
2024-04-30,"HDFCBANK.NS",-0.104045172964164,0.0119866591869292,90.9894860802158,3,0.013192315631449,-0.0493384820700958,-0.345765719990825
2024-04-30,"ICICIBANK.NS",0.201729438128407,0.00588838819527934,80.4444212305135,4.33333333333333,-0.0161480400516603,-0.0493384820700958,-0.345765719990825
2024-04-30,"KOTAKBANK.NS",0.070080532256567,0.0334548261990501,52.6355718925221,-3.33333333333333,0.0664803713405305,-0.0493384820700958,-0.345765719990825
2024-04-30,"AXISBANK.NS",0.106337620003844,-0.0473505769301999,64.5661110773587,2.66666666666667,0.0106971620338421,-0.0493384820700958,-0.345765719990825
2024-04-30,"SBIN.NS",0.342220019299601,-0.0218423067964159,59.8238228085995,3.33333333333333,0.0171371463172678,-0.0493384820700958,-0.345765719990825
2024-04-30,"SUNPHARMA.NS",0.716242669497003,0.0393139306143655,72.3752562425595,6,-0.0389729631717132,-0.0493384820700958,-0.345765719990825
2024-04-30,"DRREDDY.NS",0.449581596807499,-0.00575597055126594,69.1707404991456,5.66666666666667,-0.0788310476042419,-0.0493384820700958,-0.345765719990825
2024-04-30,"CIPLA.NS",0.659808855441139,0.0177102619384037,69.858277587318,5.66666666666667,0.0191189750993598,-0.0493384820700958,-0.345765719990825
2024-04-30,"DIVISLAB.NS",0.230213685462112,-0.0106535015390816,71.0658636494285,4.66666666666667,0.0864010889410801,-0.0493384820700958,-0.345765719990825
2024-04-30,"APOLLOHOSP.NS",0.49729932868906,0.0445984615928309,56.3937522281439,0.666666666666667,-0.020029899036777,-0.0493384820700958,-0.345765719990825
2024-04-30,"MARUTI.NS",0.416881198013948,0.0842787101425527,62.0431670990463,0.333333333333333,-0.0317093917130895,-0.0493384820700958,-0.345765719990825
2024-04-30,"BAJAJ-AUTO.NS",1.32823661677368,0.13782258504457,61.0040116058065,2,-0.00284287923458319,-0.0493384820700958,-0.345765719990825
2024-04-30,"EICHERMOT.NS",0.280849039024178,0.0457259240667668,58.2826469651222,-1,0.028474346282135,-0.0493384820700958,-0.345765719990825
2024-04-30,"HEROMOTOCO.NS",1.14225908431491,0.0477468241586806,58.9681403932967,1.66666666666667,0.122350309040765,-0.0493384820700958,-0.345765719990825
2024-05-31,"INFY.NS",0.15440309761063,-0.0500851708701838,86.12229874884,4.66666666666667,0.114410592400324,0.0218292014842061,0.173569966143417
2024-05-31,"TCS.NS",0.170884188809935,-0.024535629190344,82.0136962033361,4,0.0543635086584895,0.0218292014842061,0.173569966143417
2024-05-31,"WIPRO.NS",0.156761463108833,-0.0464996644084896,80.5261745645934,4,0.159310846043627,0.0218292014842061,0.173569966143417
2024-05-31,"HCLTECH.NS",0.289216178545148,-0.122117109627133,76.2140971286186,7.33333333333333,0.110426329653018,0.0218292014842061,0.173569966143417
2024-05-31,"TECHM.NS",0.209290928881586,0.0152263721055269,64.2630625444923,0.333333333333333,0.14855252195735,0.0218292014842061,0.173569966143417
2024-05-31,"HDFCBANK.NS",-0.116110458227406,0.0337300763230137,88.823417055559,2.33333333333333,0.0709834641884616,0.0218292014842061,0.173569966143417
2024-05-31,"ICICIBANK.NS",0.210815567172848,0.0461510115698242,87.0089911114356,3.33333333333333,0.0341378709167472,0.0218292014842061,0.173569966143417
2024-05-31,"KOTAKBANK.NS",-0.125880194916176,-0.0931200671199633,50.6740642053202,0,0.0491545720528678,0.0218292014842061,0.173569966143417
2024-05-31,"AXISBANK.NS",0.231391623705465,0.107112392329671,69.9322924074463,0.666666666666667,0.0337853423754456,0.0218292014842061,0.173569966143417
2024-05-31,"SBIN.NS",0.332126532417474,0.0896084217675986,72.2115479480688,2.66666666666667,-0.0626069607256557,0.0218292014842061,0.173569966143417
2024-05-31,"SUNPHARMA.NS",0.568525520182262,-0.0780419348466635,77.9421546546076,9,0.0466604538229751,0.0218292014842061,0.173569966143417
2024-05-31,"DRREDDY.NS",0.359117593897754,-0.00736754074927863,71.5083352521049,4.66666666666667,0.107040917329356,0.0218292014842061,0.173569966143417
2024-05-31,"CIPLA.NS",0.522205027813258,-0.0658258786804538,57.7390807599898,4.33333333333333,0.0195890078612694,0.0218292014842061,0.173569966143417
2024-05-31,"DIVISLAB.NS",0.21396467160635,0.121764598563115,63.6124668656314,-1.33333333333333,0.0635253850437705,0.0218292014842061,0.173569966143417
2024-05-31,"APOLLOHOSP.NS",0.293660303548103,-0.0790041933854189,61.9583800773572,4,0.0571678493175181,0.0218292014842061,0.173569966143417
2024-05-31,"MARUTI.NS",0.430275469367712,0.0197222930412966,69.2108185406888,3.66666666666667,-0.0354517139579553,0.0218292014842061,0.173569966143417
2024-05-31,"BAJAJ-AUTO.NS",1.06590074491906,-0.0153172219165193,62.6317774447982,4.66666666666667,0.0260750019490589,0.0218292014842061,0.173569966143417
2024-05-31,"EICHERMOT.NS",0.357895049120144,0.164886641052004,67.6958764669961,0.666666666666667,0.00044946630426706,0.0218292014842061,0.173569966143417
2024-05-31,"HEROMOTOCO.NS",0.975624311331506,-0.0294184338023647,61.1039591013697,4.33333333333333,0.0811922242306785,0.0218292014842061,0.173569966143417
2024-06-28,"INFY.NS",0.134922855188182,0.0145633724500417,80.4086671875282,3.66666666666667,0.174409073576824,0.0852104593255511,0.62126633730872
2024-06-28,"TCS.NS",0.0967913953586079,-0.0428828484980683,91.467485086912,7,0.104905415120613,0.0852104593255511,0.62126633730872
2024-06-28,"WIPRO.NS",0.0661993062451633,-0.0419763528962859,68.3955190178927,3.66666666666667,-0.0101449679766131,0.0852104593255511,0.62126633730872
2024-06-28,"HCLTECH.NS",0.185278629842779,-0.0138342352171753,72.7605079731423,5,0.126864020058924,0.0852104593255511,0.62126633730872
2024-06-28,"TECHM.NS",0.107313895967204,-0.0303498449716026,56.1266411743953,1,0.0754688326961111,0.0852104593255511,0.62126633730872
2024-06-28,"HDFCBANK.NS",-0.0726107157436288,0.013192315631449,65.7611950110106,-0.333333333333333,-0.0524570771598621,0.0852104593255511,0.62126633730872
2024-06-28,"ICICIBANK.NS",0.157313165275991,-0.0161480400516603,58.9625556366446,1.66666666666667,0.00251695056245921,0.0852104593255511,0.62126633730872
2024-06-28,"KOTAKBANK.NS",-0.110900848696673,0.0664803713405305,46.1912200301186,-4.66666666666667,0.000985201675384168,0.0852104593255511,0.62126633730872
2024-06-28,"AXISBANK.NS",0.184434272604401,0.0106971620338421,50.4995907027492,0,-0.0752041553798761,0.0852104593255511,0.62126633730872
2024-06-28,"SBIN.NS",0.318697575506063,0.0171371463172678,37.5907253478362,0.333333333333333,0.0361660452332839,0.0852104593255511,0.62126633730872
2024-06-28,"SUNPHARMA.NS",0.503840819229207,-0.0389729631717132,74.2811634368352,10,0.134663444710267,0.0852104593255511,0.62126633730872
2024-06-28,"DRREDDY.NS",0.37696464914246,-0.0788310476042419,73.8869633323504,10,0.068743405027189,0.0852104593255511,0.62126633730872
2024-06-28,"CIPLA.NS",0.493767801733092,0.0191189750993598,60.3884546197635,2.66666666666667,0.0440809625164905,0.0852104593255511,0.62126633730872
2024-06-28,"DIVISLAB.NS",0.246123325558206,0.0864010889410801,62.8243873159927,0.333333333333333,0.0697725343680983,0.0852104593255511,0.62126633730872
2024-06-28,"APOLLOHOSP.NS",0.231775411459208,-0.020029899036777,71.2225447387739,5.33333333333333,0.0773225626771239,0.0852104593255511,0.62126633730872
2024-06-28,"MARUTI.NS",0.297570867527379,-0.0317093917130895,71.9635310654403,7.33333333333333,0.083176078438311,0.0852104593255511,0.62126633730872
2024-06-28,"BAJAJ-AUTO.NS",1.028837387753,-0.00284287923458319,69.3758550167563,7,0.0138265020684028,0.0852104593255511,0.62126633730872
2024-06-28,"EICHERMOT.NS",0.276451421841574,0.028474346282135,67.5346554391956,2,0.0705743146951176,0.0852104593255511,0.62126633730872
2024-06-28,"HEROMOTOCO.NS",1.00524103567327,0.122350309040765,58.7488712207291,1.33333333333333,-0.0204619781563694,0.0852104593255511,0.62126633730872
2024-07-31,"INFY.NS",0.233044259509166,0.114410592400324,79.5230508105647,2.33333333333333,0.0491741470016622,0.0408630238037621,0.313708744581631
2024-07-31,"TCS.NS",0.155440253828164,0.0543635086584895,72.6788231887925,2,0.035625715940748,0.0408630238037621,0.313708744581631
2024-07-31,"WIPRO.NS",0.293229918548463,0.159310846043627,48.0398914951852,-1.66666666666667,0.0323075983884964,0.0408630238037621,0.313708744581631
2024-07-31,"HCLTECH.NS",0.265144653093605,0.110426329653018,85.6507081427219,4.33333333333333,0.0686964831273462,0.0408630238037621,0.313708744581631
2024-07-31,"TECHM.NS",0.260505379667556,0.14855252195735,67.0297755193374,0.666666666666667,0.0596005889277932,0.0408630238037621,0.313708744581631
2024-07-31,"HDFCBANK.NS",-0.0636401780038263,0.0709834641884616,61.588293314572,-2,-0.00115936851596904,0.0408630238037621,0.313708744581631
2024-07-31,"ICICIBANK.NS",0.198742208173199,0.0341378709167472,63.4074883368861,2.33333333333333,0.0245284914700403,0.0408630238037621,0.313708744581631
2024-07-31,"KOTAKBANK.NS",-0.0250167171771674,0.0491545720528678,64.5825960221577,0.666666666666667,-0.00661026396657935,0.0408630238037621,0.313708744581631
2024-07-31,"AXISBANK.NS",0.140439925006986,0.0337853423754456,52.369119932698,0,0.00251634084334364,0.0408630238037621,0.313708744581631
2024-07-31,"SBIN.NS",0.257501120085123,-0.0626069607256557,38.5100309715384,3,-0.054541310571454,0.0408630238037621,0.313708744581631
2024-07-31,"SUNPHARMA.NS",0.478366704458169,0.0466604538229751,78.6219796585051,7.66666666666667,0.0620627825385952,0.0408630238037621,0.313708744581631
2024-07-31,"DRREDDY.NS",0.34486102402851,0.107040917329356,82.5119314834084,5.66666666666667,0.0208189764025562,0.0408630238037621,0.313708744581631
2024-07-31,"CIPLA.NS",0.447699316716865,0.0195890078612694,59.2937877627663,5.33333333333333,0.0793765493205159,0.0408630238037621,0.313708744581631
2024-07-31,"DIVISLAB.NS",0.303760307358921,0.0635253850437705,60.6144887140291,2,0.0421449217886042,0.0408630238037621,0.313708744581631
2024-07-31,"APOLLOHOSP.NS",0.229666121716973,0.0571678493175181,88.892287015955,5,0.0345562728884763,0.0408630238037621,0.313708744581631
2024-07-31,"MARUTI.NS",0.19266099382049,-0.0354517139579553,70.8292501523295,4.66666666666667,-0.0627963334077496,0.0408630238037621,0.313708744581631
2024-07-31,"BAJAJ-AUTO.NS",0.99929956863306,0.0260750019490589,74.8745267012014,8.66666666666667,0.119320673744714,0.0408630238037621,0.313708744581631
2024-07-31,"EICHERMOT.NS",0.325518599448123,0.00044946630426706,78.965827845056,8.66666666666667,0.00939103268951378,0.0408630238037621,0.313708744581631
2024-07-31,"HEROMOTOCO.NS",1.08632318489812,0.0811922242306785,62.6127566015697,4,0.0155532052480002,0.0408630238037621,0.313708744581631
2024-08-30,"INFY.NS",0.424598665540547,0.174409073576824,70.1467812129444,0.333333333333333,-0.0452532113660637,0.0580414451730869,0.289614471430328
2024-08-30,"TCS.NS",0.217832740063512,0.104905415120613,70.5618032513219,-0.666666666666667,-0.0558608706245598,0.0580414451730869,0.289614471430328
2024-08-30,"WIPRO.NS",0.237602988583407,-0.0101449679766131,44.854451033106,1.33333333333333,0.0169030134946642,0.0580414451730869,0.289614471430328
2024-08-30,"HCLTECH.NS",0.495597465559014,0.126864020058924,72.3526346974536,3,-0.00583960363077089,0.0580414451730869,0.289614471430328
2024-08-30,"TECHM.NS",0.328057692495825,0.0754688326961111,63.243137088973,0.666666666666667,-0.0421765628980408,0.0580414451730869,0.289614471430328
2024-08-30,"HDFCBANK.NS",-0.0758978076614502,-0.0524570771598621,70.9122765735927,3,0.0645995177876084,0.0580414451730869,0.289614471430328
2024-08-30,"ICICIBANK.NS",0.13464717534557,0.00251695056245921,91.0337095422819,5.66666666666667,0.0350015002100294,0.0580414451730869,0.289614471430328
2024-08-30,"KOTAKBANK.NS",-0.030679585197017,0.000985201675384168,78.5252816682763,3.66666666666667,0.0413987596976388,0.0580414451730869,0.289614471430328
2024-08-30,"AXISBANK.NS",0.0847462828147456,-0.0752041553798761,70.3097142939414,3,0.036507379911111,0.0580414451730869,0.289614471430328
2024-08-30,"SBIN.NS",0.229973606780739,0.0361660452332839,76.6753106022263,3.66666666666667,-0.0416590664667358,0.0580414451730869,0.289614471430328
2024-08-30,"SUNPHARMA.NS",0.509704470816618,0.134663444710267,89.7037141168664,5.33333333333333,0.0609873031098356,0.0580414451730869,0.289614471430328
2024-08-30,"DRREDDY.NS",0.289078692723594,0.068743405027189,87.1626471462104,5.33333333333333,-0.0175419607480015,0.0580414451730869,0.289614471430328
2024-08-30,"CIPLA.NS",0.278343647263988,0.0440809625164905,81.7204788719925,5,0.00452431155315191,0.0580414451730869,0.289614471430328
2024-08-30,"DIVISLAB.NS",0.358101220275641,0.0697725343680983,58.0189445318362,1.33333333333333,0.0807051556222436,0.0580414451730869,0.289614471430328
2024-08-30,"APOLLOHOSP.NS",0.297873061368859,0.0773225626771239,87.508737779362,4.66666666666667,0.0463805939679155,0.0580414451730869,0.289614471430328
2024-08-30,"MARUTI.NS",0.272426366907086,0.083176078438311,66.8738718663175,-0.666666666666667,0.0652267884453252,0.0580414451730869,0.289614471430328
2024-08-30,"BAJAJ-AUTO.NS",0.895105760356097,0.0138265020684028,74.3103807201377,8,0.109638684766327,0.0580414451730869,0.289614471430328
2024-08-30,"EICHERMOT.NS",0.530951262369609,0.0705743146951176,70.3492926343595,4.33333333333333,0.023269784905785,0.0580414451730869,0.289614471430328
2024-08-30,"HEROMOTOCO.NS",0.828532208562794,-0.0204619781563694,66.7336125863101,6.33333333333333,0.0240578420839048,0.0580414451730869,0.289614471430328
2024-09-30,"INFY.NS",0.421504749977397,0.0491741470016622,74.2021099305515,3.33333333333333,-0.0667375721734645,-0.0425560651909678,-0.0810939454736233
2024-09-30,"TCS.NS",0.297006275716724,0.035625715940748,70.6009199868147,1,-0.0722423918496812,-0.0425560651909678,-0.0810939454736233
2024-09-30,"WIPRO.NS",0.273051124326655,0.0323075983884964,45.9168390359988,-0.666666666666667,0.00923642313678743,-0.0425560651909678,-0.0810939454736233
2024-09-30,"HCLTECH.NS",0.552454399896026,0.0686964831273462,70.9369836179149,1.66666666666667,-0.0214034092567653,-0.0425560651909678,-0.0810939454736233
2024-09-30,"TECHM.NS",0.338779218647266,0.0596005889277932,66.8788207695114,0,-0.00141536675214381,-0.0425560651909678,-0.0810939454736233
2024-09-30,"HDFCBANK.NS",-0.0236355414886511,-0.00115936851596904,85.4190888128267,3.66666666666667,0.00550341212842059,-0.0425560651909678,-0.0810939454736233
2024-09-30,"ICICIBANK.NS",0.196040606982198,0.0245284914700403,90.704900780472,3.66666666666667,0.0140065388365404,-0.0425560651909678,-0.0810939454736233
2024-09-30,"KOTAKBANK.NS",0.0120387961348338,-0.00661026396657935,92.4379362405473,5.33333333333333,-0.0789081898764592,-0.0425560651909678,-0.0810939454736233
2024-09-30,"AXISBANK.NS",0.0722835703349229,0.00251634084334364,80.6835346805633,3.33333333333333,-0.0547017490599729,-0.0425560651909678,-0.0810939454736233
2024-09-30,"SBIN.NS",0.267504978870236,-0.054541310571454,71.1622629402089,4.33333333333333,0.029173742025632,-0.0425560651909678,-0.0810939454736233
2024-09-30,"SUNPHARMA.NS",0.649342043525703,0.0620627825385952,101.807267804386,6.66666666666667,-0.0370061149153502,-0.0425560651909678,-0.0810939454736233
2024-09-30,"DRREDDY.NS",0.32980768594652,0.0208189764025562,94.4933713511995,6.66666666666667,-0.0560222904236671,-0.0425560651909678,-0.0810939454736233
2024-09-30,"CIPLA.NS",0.292862658964024,0.0793765493205159,82.5275456168775,1,-0.0679340165847802,-0.0425560651909678,-0.0810939454736233
2024-09-30,"DIVISLAB.NS",0.422528734370268,0.0421449217886042,59.6739867135976,1,0.0858900382651123,-0.0425560651909678,-0.0810939454736233
2024-09-30,"APOLLOHOSP.NS",0.401027768513466,0.0345562728884763,91.3491204402314,5.66666666666667,-0.018264107588524,-0.0425560651909678,-0.0810939454736233
2024-09-30,"MARUTI.NS",0.147505823934013,-0.0627963334077496,65.0826747401022,2,-0.158708003958126,-0.0425560651909678,-0.0810939454736233
2024-09-30,"BAJAJ-AUTO.NS",1.2638250183942,0.119320673744714,68.54734833437,1.66666666666667,-0.190924114494773,-0.0425560651909678,-0.0810939454736233
2024-09-30,"EICHERMOT.NS",0.564784395395314,0.00939103268951378,72.3879010168813,6.66666666666667,-0.0156857834178435,-0.0425560651909678,-0.0810939454736233
2024-09-30,"HEROMOTOCO.NS",0.975518174900518,0.0155532052480002,71.0140008994499,6.33333333333333,-0.13226734339416,-0.0425560651909678,-0.0810939454736233
2024-10-31,"INFY.NS",0.365119260345043,-0.0452532113660637,72.1509336391739,7,0.0550870654915848,0.0257908844852046,0.135864607079633
2024-10-31,"TCS.NS",0.172707055090623,-0.0558608706245598,94.9904924062068,7.33333333333333,0.0719466351021713,0.0257908844852046,0.135864607079633
2024-10-31,"WIPRO.NS",0.32740809713494,0.0169030134946642,58.9561319848636,2,0.0480638623459731,0.0257908844852046,0.135864607079633
2024-10-31,"HCLTECH.NS",0.482142988301618,-0.00583960363077089,73.3937733282416,7,0.0515818944008309,0.0257908844852046,0.135864607079633
2024-10-31,"TECHM.NS",0.287819468812902,-0.0421765628980408,63.488313566783,3.66666666666667,0.0677517286017853,0.0257908844852046,0.135864607079633
2024-10-31,"HDFCBANK.NS",0.0723983163043305,0.0645995177876084,85.4000598226228,0.333333333333333,0.0338168180026499,0.0257908844852046,0.135864607079633
2024-10-31,"ICICIBANK.NS",0.259751459609854,0.0350015002100294,77.3627098199512,3,0.00642514576157303,0.0257908844852046,0.135864607079633
2024-10-31,"KOTAKBANK.NS",0.07543115918435,0.0413987596976388,80.2281284925282,1.33333333333333,0.0119524281380006,0.0257908844852046,0.135864607079633
2024-10-31,"AXISBANK.NS",0.0625965786150109,0.036507379911111,68.8794457591069,-0.666666666666667,-0.0284297977190099,0.0257908844852046,0.135864607079633
2024-10-31,"SBIN.NS",0.155849206718977,-0.0416590664667358,68.400872663952,2.66666666666667,0.0216146571801124,0.0257908844852046,0.135864607079633
2024-10-31,"SUNPHARMA.NS",0.674943492039146,0.0609873031098356,103.753432410151,7,-0.0417025644981518,0.0257908844852046,0.135864607079633
2024-10-31,"DRREDDY.NS",0.304504314087315,-0.0175419607480015,94.4889877863585,7,-0.045490599264864,0.0257908844852046,0.135864607079633
2024-10-31,"CIPLA.NS",0.363584606690864,0.00452431155315191,56.4725866273966,2,-0.0164470603126384,0.0257908844852046,0.135864607079633
2024-10-31,"DIVISLAB.NS",0.465533469864343,0.0807051556222436,57.2465975104428,-0.333333333333333,0.0455912414326518,0.0257908844852046,0.135864607079633
2024-10-31,"APOLLOHOSP.NS",0.381148018590661,0.0463805939679155,89.7226203743617,5,-0.0288753914881041,0.0257908844852046,0.135864607079633
2024-10-31,"MARUTI.NS",0.190172545498763,0.0652267884453252,71.7275312516637,-0.333333333333333,-0.00322235130266352,0.0257908844852046,0.135864607079633
2024-10-31,"BAJAJ-AUTO.NS",1.31594991595315,0.109638684766327,40.1467467691812,0.333333333333333,-0.0852879016080799,0.0257908844852046,0.135864607079633
2024-10-31,"EICHERMOT.NS",0.579572972153573,0.023269784905785,66.2953329642207,4.66666666666667,-0.0245781574884035,0.0257908844852046,0.135864607079633
2024-10-31,"HEROMOTOCO.NS",0.937120406419225,0.0240578420839048,62.832146550307,4.33333333333333,-0.0515486074182021,0.0257908844852046,0.135864607079633
2024-11-29,"INFY.NS",0.318029775828443,-0.0667375721734645,64.8521302232851,4,0.000106306950689421,0.0171420098512995,0.139146843457693
2024-11-29,"TCS.NS",0.131921293254481,-0.0722423918496812,77.8107155953445,5.33333333333333,-0.0425216465728257,0.0171420098512995,0.139146843457693
2024-11-29,"WIPRO.NS",0.422652381861928,0.00923642313678743,58.8809535390237,0.666666666666667,0.0327601487991907,0.0171420098512995,0.139146843457693
2024-11-29,"HCLTECH.NS",0.394689485698183,-0.0214034092567653,76.1518449623906,5.33333333333333,0.0245258156732165,0.0171420098512995,0.139146843457693
2024-11-29,"TECHM.NS",0.38024896590983,-0.00141536675214381,61.0327786061718,1.66666666666667,-0.0227669520901605,0.0171420098512995,0.139146843457693
2024-11-29,"HDFCBANK.NS",0.101341460434928,0.00550341212842059,78.7122277281882,2,-0.0176483319212246,0.0171420098512995,0.139146843457693
2024-11-29,"ICICIBANK.NS",0.312214596066188,0.0140065388365404,74.06905455844,1.66666666666667,-0.0176292212878224,0.0171420098512995,0.139146843457693
2024-11-29,"KOTAKBANK.NS",-0.0164624334858317,-0.0789081898764592,75.6209164599979,3.66666666666667,0.0183015227433401,0.0171420098512995,0.139146843457693
2024-11-29,"AXISBANK.NS",0.0650346977279748,-0.0547017490599729,65.1837163698578,1.33333333333333,-0.063670811177921,0.0171420098512995,0.139146843457693
2024-11-29,"SBIN.NS",0.268236286844966,0.029173742025632,57.9155859081543,-2.33333333333333,-0.049557690853286,0.0171420098512995,0.139146843457693
2024-11-29,"SUNPHARMA.NS",0.691267470995326,-0.0370061149153502,86.1753106922859,8.33333333333333,0.0430178344722084,0.0171420098512995,0.139146843457693
2024-11-29,"DRREDDY.NS",0.253022761182671,-0.0560222904236671,92.6668128770573,6,0.136484540747072,0.0171420098512995,0.139146843457693
2024-11-29,"CIPLA.NS",0.252733995565528,-0.0679340165847802,54.4413926759122,0.666666666666667,0.0141275332158153,0.0171420098512995,0.139146843457693
2024-11-29,"DIVISLAB.NS",0.749264391363793,0.0858900382651123,60.7353710384535,2,-0.0250266449450509,0.0171420098512995,0.139146843457693
2024-11-29,"APOLLOHOSP.NS",0.440050803500805,-0.018264107588524,67.2046738093623,4.33333333333333,0.0326290407642198,0.0171420098512995,0.139146843457693
2024-11-29,"MARUTI.NS",-0.00309154100470177,-0.158708003958126,69.5920193082994,4,-0.0338899911380921,0.0171420098512995,0.139146843457693
2024-11-29,"BAJAJ-AUTO.NS",0.768843071761215,-0.190924114494773,40.0921764608427,6.33333333333333,-0.0363348453705932,0.0171420098512995,0.139146843457693
2024-11-29,"EICHERMOT.NS",0.581145350312839,-0.0156857834178435,58.4052692995169,2,0.000248809382976329,0.0171420098512995,0.139146843457693
2024-11-29,"HEROMOTOCO.NS",0.641306710453518,-0.13226734339416,59.0962875416984,6.33333333333333,-0.12379830060839,0.0171420098512995,0.139146843457693
2024-12-31,"INFY.NS",0.294113868757665,0.0550870654915848,65.9957368885802,0.333333333333333,-0.00143422050662928,-0.0215206673395721,-0.145870172550562
2024-12-31,"TCS.NS",0.158755240229824,0.0719466351021713,75.6704237007631,0,0.018388171974208,-0.0215206673395721,-0.145870172550562
2024-12-31,"WIPRO.NS",0.375155893282399,0.0480638623459731,68.1240037557146,3.33333333333333,0.0592664673222872,-0.0215206673395721,-0.145870172550562
2024-12-31,"HCLTECH.NS",0.376996461490678,0.0515818944008309,82.9453137061683,5.33333333333333,-0.088388801959317,-0.0215206673395721,-0.145870172550562
2024-12-31,"TECHM.NS",0.34358142918733,0.0677517286017853,64.1460448044398,0.333333333333333,-0.0172550181730124,-0.0215206673395721,-0.145870172550562
2024-12-31,"HDFCBANK.NS",0.077010591372259,0.0338168180026499,80.236113288748,1.66666666666667,-0.0471181748392069,-0.0215206673395721,-0.145870172550562
2024-12-31,"ICICIBANK.NS",0.29112381139366,0.00642514576157303,85.2627308056942,6,-0.0240330199595731,-0.0215206673395721,-0.145870172550562
2024-12-31,"KOTAKBANK.NS",-0.0223113417214642,0.0119524281380006,81.19328208988,2.33333333333333,0.0631291129379446,-0.0215206673395721,-0.145870172550562
2024-12-31,"AXISBANK.NS",-0.063927463553365,-0.0284297977190099,70.6655485768771,2,-0.0799590638628589,-0.0215206673395721,-0.145870172550562
2024-12-31,"SBIN.NS",0.299434225434941,0.0216146571801124,61.5874848932276,1.66666666666667,-0.0255925112847972,-0.0215206673395721,-0.145870172550562
2024-12-31,"SUNPHARMA.NS",0.475765458821002,-0.0417025644981518,90.19770043978,11,-0.0772506764826172,-0.0215206673395721,-0.145870172550562
2024-12-31,"DRREDDY.NS",0.104752284373349,-0.045490599264864,74.1086183964696,4.66666666666667,-0.110774333126648,-0.0215206673395721,-0.145870172550562
2024-12-31,"CIPLA.NS",0.220899428550373,-0.0164470603126384,53.8734893203974,0.666666666666667,-0.0325027694874693,-0.0215206673395721,-0.145870172550562
2024-12-31,"DIVISLAB.NS",0.615323940405639,0.0455912414326518,59.4252529875543,2.66666666666667,-0.0815576739049948,-0.0215206673395721,-0.145870172550562
2024-12-31,"APOLLOHOSP.NS",0.213218488420446,-0.0288753914881041,67.8648967388871,3.66666666666667,-0.07587200054921,-0.0215206673395721,-0.145870172550562
2024-12-31,"MARUTI.NS",-0.04198687131359,-0.00322235130266352,83.3070990309607,3.33333333333333,0.0983512479648869,-0.0215206673395721,-0.145870172550562
2024-12-31,"BAJAJ-AUTO.NS",0.419750780286627,-0.0852879016080799,43.0358377990793,5.66666666666667,0.0122704615473795,-0.0215206673395721,-0.145870172550562
2024-12-31,"EICHERMOT.NS",0.299022519352583,-0.0245781574884035,64.367737434907,3.66666666666667,0.0632509410983451,-0.0215206673395721,-0.145870172550562
2024-12-31,"HEROMOTOCO.NS",0.260527135593683,-0.0515486074182021,67.0994743815124,5,0.0369948639633644,-0.0215206673395721,-0.145870172550562
2025-01-31,"INFY.NS",0.218252077913251,0.000106306950689421,58.5069484734265,1.33333333333333,-0.0883949946793435,-0.0302915321292907,-0.0597540465869773
2025-01-31,"TCS.NS",0.0270775210920371,-0.0425216465728257,62.9362194290472,3.66666666666667,-0.144826435805835,-0.0302915321292907,-0.0597540465869773
2025-01-31,"WIPRO.NS",0.228404625856438,0.0327601487991907,55.7196127103307,-0.333333333333333,-0.0890746957926284,-0.0302915321292907,-0.0597540465869773
2025-01-31,"HCLTECH.NS",0.286252059250897,0.0245258156732165,54.064253416296,1,-0.0702184236354946,-0.0302915321292907,-0.0597540465869773
2025-01-31,"TECHM.NS",0.259240777737975,-0.0227669520901605,60.1987064043594,4.66666666666667,-0.0963010516438372,-0.0302915321292907,-0.0597540465869773
2025-01-31,"HDFCBANK.NS",-0.0372280229064084,-0.0176483319212246,86.5664079108323,4.33333333333333,0.024512936438057,-0.0302915321292907,-0.0597540465869773
2025-01-31,"ICICIBANK.NS",0.20485508747117,-0.0176292212878224,94.5967158951904,6,-0.0409780428757161,-0.0302915321292907,-0.0597540465869773
2025-01-31,"KOTAKBANK.NS",-0.0866484519568312,0.0183015227433401,60.8851205266844,-1.33333333333333,-7.88261612630744e-05,-0.0302915321292907,-0.0597540465869773
2025-01-31,"AXISBANK.NS",-0.121659398251951,-0.063670811177921,77.9740375551849,4.66666666666667,0.017432177259276,-0.0302915321292907,-0.0597540465869773
2025-01-31,"SBIN.NS",0.099809266016039,-0.049557690853286,67.4418737077779,5,-0.100783226515927,-0.0302915321292907,-0.0597540465869773
2025-01-31,"SUNPHARMA.NS",0.504784659216943,0.0430178344722084,78.740670212669,5.33333333333333,-0.0799838534229049,-0.0302915321292907,-0.0597540465869773
2025-01-31,"DRREDDY.NS",0.245031332141588,0.136484540747072,65.7667428610129,2,-0.0734055396706326,-0.0302915321292907,-0.0597540465869773
2025-01-31,"CIPLA.NS",0.197813303264301,0.0141275332158153,78.9225742274727,4,-0.0222299167491233,-0.0302915321292907,-0.0597540465869773
2025-01-31,"DIVISLAB.NS",0.530037859151783,-0.0250266449450509,59.0642891580167,5.66666666666667,-0.0246149309192185,-0.0302915321292907,-0.0597540465869773
2025-01-31,"APOLLOHOSP.NS",0.227997045832997,0.0326290407642198,60.5775328490836,1.33333333333333,-0.114007908918021,-0.0302915321292907,-0.0597540465869773
2025-01-31,"MARUTI.NS",-0.0489982106533996,-0.0338899911380921,74.8927232782168,3.33333333333333,-0.0751480736572682,-0.0302915321292907,-0.0597540465869773
2025-01-31,"BAJAJ-AUTO.NS",0.216961347722288,-0.0363348453705932,77.2541259072242,6.33333333333333,-0.136823312133439,-0.0302915321292907,-0.0597540465869773
2025-01-31,"EICHERMOT.NS",0.220227895790908,0.000248809382976329,56.3395513821776,1,-0.114384558019057,-0.0302915321292907,-0.0597540465869773
2025-01-31,"HEROMOTOCO.NS",0.0032079897255739,-0.12379830060839,70.528004508465,5.33333333333333,-0.142814024903619,-0.0302915321292907,-0.0597540465869773
2025-02-28,"INFY.NS",0.136266454376451,-0.00143422050662928,63.1371766626524,2.66666666666667,-0.0807385764715661,0.0402113063640025,0.289104137163464
2025-02-28,"TCS.NS",0.0374069241108372,0.018388171974208,71.3351709404021,1,0.0323785354797834,0.0402113063640025,0.289104137163464
2025-02-28,"WIPRO.NS",0.295723201165784,0.0592664673222872,50.8012134789594,0.666666666666667,-0.075118977097542,0.0402113063640025,0.289104137163464
2025-02-28,"HCLTECH.NS",0.0954758937444042,-0.088388801959317,55.2925576343224,4.66666666666667,0.0127829432568183,0.0402113063640025,0.289104137163464
2025-02-28,"TECHM.NS",0.203643712144199,-0.0172550181730124,58.8622301289519,3.33333333333333,-0.0500987959080458,0.0402113063640025,0.289104137163464
2025-02-28,"HDFCBANK.NS",0.0651603850223854,-0.0471181748392069,92.2944679254928,6.33333333333333,0.0744320029735632,0.0402113063640025,0.289104137163464
2025-02-28,"ICICIBANK.NS",0.143017274097505,-0.0240330199595731,101.850810479127,7.66666666666667,0.117849417624545,0.0402113063640025,0.289104137163464
2025-02-28,"KOTAKBANK.NS",0.0156444327048957,0.0631291129379446,58.5716939943788,-3,0.134022677439124,0.0402113063640025,0.289104137163464
2025-02-28,"AXISBANK.NS",-0.169223595644433,-0.0799590638628589,77.2143043725204,4,0.0940679830759165,0.0402113063640025,0.289104137163464
2025-02-28,"SBIN.NS",0.0730846444479483,-0.0255925112847972,83.2830103444094,5.66666666666667,0.109593017134369,0.0402113063640025,0.289104137163464
2025-02-28,"SUNPHARMA.NS",0.233675102832949,-0.0772506764826172,73.1062122830874,8.33333333333333,0.0943788419088413,0.0402113063640025,0.289104137163464
2025-02-28,"DRREDDY.NS",0.052944138629812,-0.110774333126648,67.1743080698146,4.66666666666667,0.0219721150880501,0.0402113063640025,0.289104137163464
2025-02-28,"CIPLA.NS",0.0731015231617487,-0.0325027694874693,80.9404051402137,6,0.024617187276077,0.0402113063640025,0.289104137163464
2025-02-28,"DIVISLAB.NS",0.499162099723709,-0.0815576739049948,53.5341473269774,6.33333333333333,0.0424530285566154,0.0402113063640025,0.289104137163464
2025-02-28,"APOLLOHOSP.NS",0.0271305515708642,-0.07587200054921,69.1260064790138,2.66666666666667,0.0722133307776325,0.0402113063640025,0.289104137163464
2025-02-28,"MARUTI.NS",0.0544184796541427,0.0983512479648869,66.9316594935676,-1.33333333333333,-0.0215232480637057,0.0402113063640025,0.289104137163464
2025-02-28,"BAJAJ-AUTO.NS",0.0766209079713884,0.0122704615473795,70.0801392607111,3,0.0212643263426111,0.0402113063640025,0.289104137163464
2025-02-28,"EICHERMOT.NS",0.364566531031076,0.0632509410983451,52.0481437438418,0.666666666666667,0.0898993033126319,0.0402113063640025,0.289104137163464
2025-02-28,"HEROMOTOCO.NS",-0.072904883634964,0.0369948639633644,71.9738756313006,0,0.0253941909291201,0.0402113063640025,0.289104137163464
2025-03-28,"INFY.NS",0.0253992408818011,-0.0883949946793435,59.5029599549653,3.33333333333333,-0.0172944294024731,-0.0176276242503134,0.114386816077804
2025-03-28,"TCS.NS",-0.165036536548794,-0.144826435805835,70.8138756467137,4.66666666666667,-0.0273460340258906,-0.0176276242503134,0.114386816077804
2025-03-28,"WIPRO.NS",0.0727686199603257,-0.0890746957926284,47.3328711038241,2.33333333333333,-0.0803503920257704,-0.0176276242503134,0.114386816077804
2025-03-28,"HCLTECH.NS",-0.0343685854797089,-0.0702184236354946,53.8661035095686,-0.333333333333333,0.0360927395828933,-0.0176276242503134,0.114386816077804
2025-03-28,"TECHM.NS",0.120734551525054,-0.0963010516438372,55.6639540904164,4.33333333333333,0.0773035896045315,-0.0176276242503134,0.114386816077804
2025-03-28,"HDFCBANK.NS",0.140219775209407,0.024512936438057,88.4173772019097,5.33333333333333,0.0888932543042303,-0.0176276242503134,0.114386816077804
2025-03-28,"ICICIBANK.NS",0.0679980536488909,-0.0409780428757161,90.2204547107816,6,0.082331556671597,-0.0176276242503134,0.114386816077804
2025-03-28,"KOTAKBANK.NS",0.0956937954385806,-7.88261612630744e-05,56.288050315012,1,0.0289855454200254,-0.0176276242503134,0.114386816077804
2025-03-28,"AXISBANK.NS",-0.147547500281806,0.017432177259276,73.2710368228854,0.333333333333333,0.09156233073112,-0.0176276242503134,0.114386816077804
2025-03-28,"SBIN.NS",-0.164629558688507,-0.100783226515927,72.5842267159335,3.66666666666667,0.0219644942031729,-0.0176276242503134,0.114386816077804
2025-03-28,"SUNPHARMA.NS",0.00698164138610946,-0.0799838534229049,67.055855176423,4,0.0788707173028488,-0.0176276242503134,0.114386816077804
2025-03-28,"DRREDDY.NS",-0.0898189408819876,-0.0734055396706326,69.4529442944382,2,0.0275126056351318,-0.0176276242503134,0.114386816077804
2025-03-28,"CIPLA.NS",-0.0164576285534598,-0.0222299167491233,75.9457607447282,3.33333333333333,0.0732906176753846,-0.0176276242503134,0.114386816077804
2025-03-28,"DIVISLAB.NS",0.532087301852383,-0.0246149309192185,53.4009215332538,2,0.0968159849139158,-0.0176276242503134,0.114386816077804
2025-03-28,"APOLLOHOSP.NS",-0.0630222140635506,-0.114007908918021,61.4025553595601,3.66666666666667,0.0519729693820308,-0.0176276242503134,0.114386816077804
2025-03-28,"MARUTI.NS",-0.0810058662456292,-0.0751480736572682,79.6881885931713,4.33333333333333,0.0675806107974697,-0.0176276242503134,0.114386816077804
2025-03-28,"BAJAJ-AUTO.NS",-0.100482843529635,-0.136823312133439,62.0806703048205,3.66666666666667,0.00462282023603167,-0.0176276242503134,0.114386816077804
2025-03-28,"EICHERMOT.NS",0.253348383820361,-0.114384558019057,56.3572097229109,6.66666666666667,0.0489523080815824,-0.0176276242503134,0.114386816077804
2025-03-28,"HEROMOTOCO.NS",-0.194204241416886,-0.142814024903619,65.1511896813178,3,0.0173708436187528,-0.0176276242503134,0.114386816077804
2025-04-30,"INFY.NS",0.041177862209598,-0.0807385764715661,58.3892648748103,5.66666666666667,0.0516207330660038,-0.0239639845208034,-0.100131839213481
2025-04-30,"TCS.NS",-0.0895123985670975,0.0323785354797834,78.2574122810606,3.66666666666667,0.00944329279743626,-0.0239639845208034,-0.100131839213481
2025-04-30,"WIPRO.NS",0.0727813740732179,-0.075118977097542,50.8566603721908,4.66666666666667,0.0330602303273908,-0.0239639845208034,-0.100131839213481
2025-04-30,"HCLTECH.NS",0.041682287120163,0.0127829432568183,53.1040486253792,4,0.0408294219116095,-0.0239639845208034,-0.100131839213481
2025-04-30,"TECHM.NS",0.0848024528640747,-0.0500987959080458,50.2648171985619,4.33333333333333,0.053410069412015,-0.0239639845208034,-0.100131839213481
2025-04-30,"HDFCBANK.NS",0.210577833004829,0.0744320029735632,78.5930858196812,7.33333333333333,0.0119672491008566,-0.0239639845208034,-0.100131839213481
2025-04-30,"ICICIBANK.NS",0.186872237821069,0.117849417624545,81.8581755401277,5.33333333333333,0.0109783742430761,-0.0239639845208034,-0.100131839213481
2025-04-30,"KOTAKBANK.NS",0.202318263031048,0.134022677439124,68.528059850745,4,-0.0490442791010455,-0.0239639845208034,-0.100131839213481
2025-04-30,"AXISBANK.NS",-0.0210029372301698,0.0940679830759165,64.6492274166544,1.66666666666667,0.00743609293077166,-0.0239639845208034,-0.100131839213481
2025-04-30,"SBIN.NS",-0.0523805978932599,0.109593017134369,64.2258383353174,0,0.0400534685885169,-0.0239639845208034,-0.100131839213481
2025-04-30,"SUNPHARMA.NS",0.0603335239355078,0.0943788419088413,61.389082067331,2,-0.0805655748946252,-0.0239639845208034,-0.100131839213481
2025-04-30,"DRREDDY.NS",-0.0644352547777817,0.0219721150880501,66.187393224228,3.66666666666667,0.0622293580517169,-0.0239639845208034,-0.100131839213481
2025-04-30,"CIPLA.NS",-0.00978259148241745,0.024617187276077,61.0907264054038,3.33333333333333,-0.032221916377388,-0.0239639845208034,-0.100131839213481
2025-04-30,"DIVISLAB.NS",0.614327286055726,0.0424530285566154,46.4634910599911,3,0.0875893751845594,-0.0239639845208034,-0.100131839213481
2025-04-30,"APOLLOHOSP.NS",-0.0382523910750638,0.0722133307776325,66.4513851070625,3,-0.0068562478156208,-0.0239639845208034,-0.100131839213481
2025-04-30,"MARUTI.NS",-0.170679654010487,-0.0215232480637057,73.5747355553158,5,-0.00693268387117515,-0.0239639845208034,-0.100131839213481
2025-04-30,"BAJAJ-AUTO.NS",-0.19262915421885,0.0212643263426111,52.8364839466093,0.333333333333333,0.100569066327523,-0.0239639845208034,-0.100131839213481
2025-04-30,"EICHERMOT.NS",0.306292116218596,0.0898993033126319,52.4434413723846,2.66666666666667,-0.019577202614864,-0.0239639845208034,-0.100131839213481
2025-04-30,"HEROMOTOCO.NS",-0.21139509004008,0.0253941909291201,55.1289381783128,-0.333333333333333,0.153020772517983,-0.0239639845208034,-0.100131839213481
2025-05-30,"INFY.NS",0.077118972985702,-0.0172944294024731,49.8107041412219,4,NA,NA,NA
2025-05-30,"TCS.NS",-0.0921355992029632,-0.0273460340258906,69.8597054091325,5.66666666666667,NA,NA,NA
2025-05-30,"WIPRO.NS",0.0346959862331426,-0.0803503920257704,49.1312679744876,4,NA,NA,NA
2025-05-30,"HCLTECH.NS",0.229411652138358,0.0360927395828933,47.456469776391,2.33333333333333,NA,NA,NA
2025-05-30,"TECHM.NS",0.151133982127084,0.0773035896045315,47.594874974684,0,NA,NA,NA
2025-05-30,"HDFCBANK.NS",0.27517817887045,0.0888932543042303,76.071415271657,5.66666666666667,NA,NA,NA
2025-05-30,"ICICIBANK.NS",0.227919547488237,0.082331556671597,73.0661806898006,4.66666666666667,NA,NA,NA
2025-05-30,"KOTAKBANK.NS",0.364202766869596,0.0289855454200254,64.9380095782659,7.33333333333333,NA,NA,NA
2025-05-30,"AXISBANK.NS",-0.0347535417183344,0.09156233073112,60.512286844691,-1.33333333333333,NA,NA,NA
2025-05-30,"SBIN.NS",-0.111209712017365,0.0219644942031729,65.6390938895872,3.66666666666667,NA,NA,NA
2025-05-30,"SUNPHARMA.NS",0.240796987179997,0.0788707173028488,60.6839866846896,3.33333333333333,NA,NA,NA
2025-05-30,"DRREDDY.NS",-0.0315604127742499,0.0275126056351318,71.6116960276461,5,NA,NA,NA
2025-05-30,"CIPLA.NS",0.137679828380959,0.0732906176753846,61.1301625000468,3,NA,NA,NA
2025-05-30,"DIVISLAB.NS",0.578423828400925,0.0968159849139158,48.8652538200051,1.33333333333333,NA,NA,NA
2025-05-30,"APOLLOHOSP.NS",0.0985201894412358,0.0519729693820308,76.865778177355,6,NA,NA,NA
2025-05-30,"MARUTI.NS",-0.131757413209365,0.0675806107974697,76.582428170403,3,NA,NA,NA
2025-05-30,"BAJAJ-AUTO.NS",-0.176279717571902,0.00462282023603167,47.6634446322255,0,NA,NA,NA
2025-05-30,"EICHERMOT.NS",0.176284525933627,0.0489523080815824,60.6969779995808,4.33333333333333,NA,NA,NA
2025-05-30,"HEROMOTOCO.NS",-0.173378446006417,0.0173708436187528,52.3071971979148,1.33333333333333,NA,NA,NA
