Date,BankNifty,Nifty,hedge_ratio,spread,zscore
2020-06-25,21505.900390625,10288.900390625,1.6779968725081964,4241.157713607889,1.6563563116706734
2020-06-26,21591.80078125,10383.0,1.733058590801585,3597.4534329571434,1.5147572995372625
2020-06-29,21358.751953125,10312.400390625,1.7960681022503666,2836.9785538892174,1.3701921457307087
2020-06-30,21369.90234375,10302.099609375,1.8670076925835828,2135.8031232845533,1.2424196902497646
2020-07-01,21977.34375,10430.0498046875,1.9312852245985717,1833.9426703798126,1.1691315008841652
2020-07-02,21952.943359375,10551.7001953125,1.988028472712605,975.8629355665944,1.032167806864759
2020-07-03,21852.146484375,10607.349609375,1.9954653693691147,685.5476780761819,0.9689188689943232
2020-07-06,22198.69140625,10763.650390625,2.0147960297142085,512.1313339869594,0.9211765717059728
2020-07-07,22627.736328125,10799.650390625,2.0579143302968532,402.9810270618036,0.8825796792610608
2020-07-08,22584.388671875,10705.75,2.1007836876570667,93.92370774035953,0.8208999050484789
2020-07-09,22906.93359375,10813.4501953125,2.1482277607156655,-322.8203049365475,0.7480538247328039
2020-07-10,22398.189453125,10768.0498046875,2.1641677392859666,-905.6765492042396,0.6569375468782295
2020-07-13,22088.994140625,10802.7001953125,2.1678298450778546,-1329.4217502018073,0.5868605616611419
2020-07-14,21391.951171875,10607.349609375,2.175867499475733,-1688.2360987406755,0.5263603901882618
2020-07-15,21340.501953125,10618.2001953125,2.1815679045696497,-1823.822797263936,0.4931203980660912
2020-07-16,21596.8984375,10739.9501953125,2.18529969396624,-1873.1114375290672,0.4700875724231156
2020-07-17,21966.544921875,10901.7001953125,2.1751540055206617,-1746.331924944363,0.46747706107579556
2020-07-20,22321.58984375,11022.2001953125,2.1734446976540496,-1634.552727233382,0.4628911705571929
2020-07-21,22781.734375,11162.25,2.17694088787237,-1517.824050653362,0.4583421256983962
2020-07-22,22882.333984375,11132.599609375,2.193392555361197,-1535.8271206450918,0.4373080222051893
2020-07-23,23083.6328125,11215.4501953125,2.216746854365842,-1778.1811282557537,0.38937940031792384
2020-07-24,22661.787109375,11194.150390625,2.2173662194022943,-2159.7438217058734,0.3244360907507993
2020-07-27,21848.49609375,11131.7998046875,2.179137547446804,-2409.226831305532,0.2748694218007457
2020-07-28,22104.94140625,11300.5498046875,2.1471630834000632,-2159.1819564987964,0.2870096414319466
2020-07-29,22076.34375,11202.849609375,2.1250330900143326,-1730.082372376015,0.3208131008166774
2020-07-30,21646.59765625,11102.150390625,2.110084607208588,-1779.878989922625,0.29437721551231477
2020-07-31,21639.798828125,11073.4501953125,2.102043077268957,-1637.0704964142205,0.29209904954418725
2020-08-03,21071.85546875,10891.599609375,2.090071953792786,-1692.371406745151,0.26355944098637274
2020-08-04,21490.25,11095.25,2.060056388171614,-1366.5906408610972,0.28353158839092985
2020-08-05,21509.69921875,11101.650390625,2.0323337774121253,-1052.5598551377043,0.30193587011562706
2020-08-06,21642.34765625,11200.150390625,2.0126907705192494,-900.0916633885026,0.29884731166323
2020-08-07,21753.748046875,11214.0498046875,1.9995742137268837,-669.5767740271222,0.3065280544764291
2020-08-10,21899.99609375,11270.150390625,1.9787699007315962,-401.0382759371896,0.31913640730304227
2020-08-11,22226.94140625,11322.5,1.9291141388687356,384.5465689087396,0.4049369673359657
2020-08-12,22263.7421875,11308.400390625,1.8644983222209406,1179.2486321770593,0.4941756566524013
2020-08-13,22196.091796875,11300.4501953125,1.7957441410135793,1903.3745678268206,0.5764487621417989
2020-08-14,21679.1484375,11178.400390625,1.7008001945292182,2666.922878599511,0.6698001024901322
2020-08-17,21700.59765625,11247.099609375,1.551987513636995,4245.239497868475,0.901622177507104
2020-08-18,22170.341796875,11385.349609375,1.3892966277373293,6352.713978959793,1.2373197935175764
2020-08-19,22285.640625,11408.400390625,1.2961050653808623,7499.155090817929,1.427928246821877
2020-08-20,21999.193359375,11312.2001953125,1.212380073457444,8284.50725561672,1.5725399555858632
2020-08-21,22299.33984375,11371.599609375,1.1330091800429403,9415.21309455541,1.7988554395152667
2020-08-24,22832.734375,11466.4501953125,1.1060866848211879,10149.846491799535,1.9649960615227222
2020-08-25,23091.8828125,11472.25,1.1156209009171,10293.2009319538,2.0107758177855026
2020-08-26,23413.927734375,11549.599609375,1.1539899230760484,10085.806169593185,1.968729549442318
2020-08-27,23600.076171875,11559.25,1.1725493220597716,10046.285420855585,1.949864387520045
2020-08-28,24523.515625,11647.599609375,1.261727732897302,9827.41617616778,1.8588857561104906
2020-08-31,23754.07421875,11387.5,1.3080335995252632,8858.841604156065,1.5713268260139632
2020-09-01,23811.72265625,11470.25,1.3412246150558325,8427.541015405837,1.4120143444115545
2020-09-02,23874.2734375,11535.0,1.390561596466229,7834.145422262049,1.228779295958548
2020-09-03,23530.576171875,11527.4501953125,1.4072177824603922,7308.943270604728,1.0841003822785689
2020-09-04,23011.232421875,11333.849609375,1.4100315846305596,7030.146497203521,1.0074741440927706
2020-09-07,22944.783203125,11355.0498046875,1.3591403548342342,7511.6767824216295,1.1157919761148611
2020-09-08,22744.13671875,11317.349609375,1.3191043446748316,7815.371678819429,1.1827309780271278
2020-09-09,22266.740234375,11278.0,1.2486082299197567,8184.936617339983,1.25863535017754
2020-09-10,22465.9375,11449.25,1.2198622707057787,8499.429397121863,1.3146398674052
2020-09-11,22479.6875,11464.4501953125,1.2079985864861802,8630.647869221288,1.3192736283519548
2020-09-14,22100.9921875,11440.0498046875,1.2082245393737276,8278.843281818943,1.2158794053865511
2020-09-15,22465.388671875,11521.7998046875,1.2410286654108373,8166.504837132825,1.1681349565647536
2020-09-16,22573.2890625,11604.5498046875,1.2286856413354748,8314.94534331808,1.17449672858186
2020-09-17,22320.08984375,11516.099609375,1.2257716578195452,8203.98133395139,1.1236332319053355
2020-09-18,22030.794921875,11504.9501953125,1.2070416549661678,8143.840797821666,1.0828834739339777
2020-09-21,21366.552734375,11250.5498046875,1.1970521369271894,7899.058049068055,1.0027664581701736
2020-09-22,21138.853515625,11153.650390625,1.2141758061522987,7596.36106104699,0.9119914155359032
2020-09-23,21178.25390625,11131.849609375,1.3158440168232182,6530.476201578027,0.6657897120531867
2020-09-24,20456.611328125,10805.5498046875,1.4994097900711438,4254.664163875226,0.17016304866207546
2020-09-25,20982.10546875,11050.25,1.6017243516256208,3282.650952198983,-0.04649950332624713
2020-09-28,21665.248046875,11227.5498046875,1.668959876169515,2926.917915156686,-0.1316447881253003
2020-09-29,21411.052734375,11222.400390625,1.782472694694805,1407.4304691536236,-0.4623195142856635
2020-09-30,21451.55078125,11247.5498046875,1.9601319589662425,-595.1310509824871,-0.8887226974186914
2020-10-01,22245.7421875,11416.9501953125,2.1256292589334183,-2022.4611954418542,-1.1816404885190694
2020-10-05,22370.689453125,11503.349609375,2.2672572578876817,-3710.363438749897,-1.5128409215193528
2020-10-06,22853.43359375,11662.400390625,2.357052090384135,-4635.451625869413,-1.6696558904778898
2020-10-07,22964.533203125,11738.849609375,2.4586883295328805,-5897.639333586925,-1.8760206791253264
2020-10-08,23191.080078125,11834.599609375,2.5539961143844163,-7034.44133951408,-2.0327369795421877
2020-10-09,23846.5234375,11914.2001953125,2.7065220947800226,-8399.522632745742,-2.202954359621888
2020-10-12,23712.525390625,11930.9501953125,2.7703417337154277,-9340.28385832945,-2.268368850357348
2020-10-13,23491.92578125,11934.5,2.7680899428493464,-9543.843641685526,-2.1983219608857745
2020-10-14,23874.373046875,11971.0498046875,2.789287821496123,-9516.330383863387,-2.097042183165679
2020-10-15,23072.1328125,11680.349609375,2.8527591709507942,-10249.091655556062,-2.1204153616830825
2020-10-16,23532.9765625,11762.4501953125,2.9109667185718098,-10707.124484913169,-2.096974592627509
2020-10-19,24266.46875,11873.0498046875,3.0085282511184546,-11453.937014338793,-2.1149497095945162
2020-10-20,24311.517578125,11896.7998046875,3.0691580601460036,-12201.641432375043,-2.126740351275665
2020-10-21,24634.763671875,11937.650390625,3.1333122580226838,-12769.622629059595,-2.1068852786463053
2020-10-22,24483.865234375,11896.4501953125,3.195883134348951,-13535.799303446503,-2.1079042531404886
2020-10-23,24478.015625,11930.349609375,3.2425771359609024,-14207.06324237946,-2.092568386825866
2020-10-26,24075.169921875,11767.75,3.2933281317792744,-14679.892200870556,-2.051103165014613
2020-10-27,24769.212890625,11889.400390625,3.3996597324388147,-15650.702860225123,-2.067699856106232
2020-10-28,24232.21875,11729.599609375,3.444288670427424,-16167.908293220251,-2.026939519893435
2020-10-29,24091.720703125,11670.7998046875,3.4816152085765117,-16541.513393126785,-1.9719869354941637
2020-10-30,23900.623046875,11642.400390625,3.4926096465195213,-16761.736866064515,-1.9049038963193994
2020-11-02,24892.2109375,11669.150390625,3.544593772050185,-16470.186862226357,-1.7916028433699076
2020-11-03,25682.501953125,11813.5,3.6596965508723347,-17551.323250605325,-1.8231453646502236
2020-11-04,25771.30078125,11908.5,3.786205642151439,-19316.729108310414,-1.9110835104130908
2020-11-05,26312.79296875,12120.2998046875,3.929569571049517,-21314.7683357474,-2.0036164252744584
2020-11-06,26798.638671875,12263.5498046875,4.062421726802702,-23021.072502414536,-2.0528683063954865
2020-11-09,27533.779296875,12461.0498046875,4.183287442988626,-24594.373877530095,-2.0792893600471616
2020-11-10,28605.66796875,12631.099609375,4.328135325009181,-26063.440444295607,-2.0894241688191513
2020-11-11,28844.6640625,12749.150390625,4.397476550133364,-27219.42581439705,-2.071403134053977
2020-11-12,28278.47265625,12690.7998046875,4.406780213660031,-27647.092818567464,-1.9991640716884134
2020-11-13,28465.369140625,12719.9501953125,4.422038723944968,-27782.74318969823,-1.9133448072439478
2020-11-17,29180.9609375,12874.2001953125,4.44033369261553,-27984.78395522353,-1.8423179590506686
2020-11-18,29749.50390625,12938.25,4.484843717663307,-28276.525323807284,-1.7853671280048395
2020-11-19,28902.71484375,12771.7001953125,4.512579640103883,-28730.599427127978,-1.745210256102164
2020-11-20,29235.66015625,12859.0498046875,4.53130700552212,-29032.64230808831,-1.6973851717868385
2020-11-23,29023.861328125,12926.4501953125,4.51330177174428,-29317.109240743106,-1.6522484385740681
2020-11-24,29736.904296875,13055.150390625,4.510041718312371,-29142.36860368579,-1.5784088310782096
2020-11-25,29196.060546875,12858.400390625,4.554837408537693,-29371.86256629943,-1.5369497299170893
2020-11-26,29549.40625,12987.0,4.573471207904124,-29846.264327050856,-1.5150082783853764
2020-11-27,29608.70703125,12968.9501953125,4.592897116498254,-29956.346924810256,-1.4689946046696212
2020-12-01,29817.50390625,13109.0498046875,4.583768647292154,-30271.347584267896,-1.43967046721648
2020-12-02,29462.80859375,13113.75,4.573729448781225,-30515.935965204786,-1.407307769639421
2020-12-03,29448.408203125,13133.900390625,4.557903269549035,-30414.639329236037,-1.3539091815322868
2020-12-04,30052.05078125,13258.5498046875,4.546040753387469,-30221.85696167685,-1.2976492553320924
2020-12-07,30211.19921875,13355.75,4.515223045545216,-30092.990971790525,-1.2492658198854119
2020-12-08,30261.548828125,13392.9501953125,4.467707078335673,-29574.229559269792,-1.1762807270602902
2020-12-09,30709.04296875,13529.099609375,4.4140486892978315,-29009.06142939152,-1.1027695060403515
2020-12-10,30509.994140625,13478.2998046875,4.364125888446813,-28311.002969259338,-1.0212457660656398
2020-12-11,30604.494140625,13513.849609375,4.317215212722466,-27737.702975412307,-0.9503869482558583
2020-12-14,30745.54296875,13558.150390625,4.268723984848114,-27130.458793888763,-0.8779776500690932
2020-12-15,30690.693359375,13567.849609375,4.22143827953246,-26585.146352580166,-0.8106003741734649
2020-12-16,30698.04296875,13682.7001953125,4.151884655361581,-26110.950016080875,-0.7487476724354609
2020-12-17,30846.69140625,13740.7001953125,4.08744787877336,-25317.704459940767,-0.6590897960907866
2020-12-18,30714.29296875,13760.5498046875,4.022759453424077,-24641.08884236947,-0.5766542700665561
2020-12-21,29456.107421875,13328.400390625,3.9913117465478405,-23741.693619919388,-0.4696636204296501
2020-12-22,29625.60546875,13466.2998046875,3.968513919007212,-23815.59274367644,-0.4504444206054484
2020-12-23,29882.953125,13601.099609375,3.914739976796287,-23361.815244208672,-0.37802630571673657
2020-12-24,30401.845703125,13749.25,3.85547708954239,-22608.072670265705,-0.26961112856510977
2020-12-28,30880.58984375,13873.2001953125,3.7847943521537277,-21626.619901766746,-0.12861091645001643
2020-12-29,31322.13671875,13932.599609375,3.719868153101039,-20505.29685807204,0.037360205231492735
2020-12-30,31302.6875,13981.9501953125,3.6564574391869615,-19821.718305991977,0.1603221396088096
2020-12-31,31263.6875,13981.75,3.588840096401536,-18914.577517862177,0.3165487859974808
2021-01-01,31225.486328125,14018.5,3.5175128027806664,-18084.76689765577,0.4707653450664166
2021-01-04,31212.0859375,14132.900390625,3.4282653434562196,-17239.246674198555,0.6320183101267527
2021-01-05,31721.880859375,14199.5,3.351973332550687,-15874.46447617848,0.8688881288938929
2021-01-06,31797.53125,14146.25,3.3004338213615183,-14891.230695435377,1.0503384830207787
2021-01-07,31955.62890625,14137.349609375,3.2517786866847596,-14015.903239726737,1.2121655128469573
2021-01-08,32083.826171875,14347.25,3.1764107980755605,-13488.933650814586,1.322060714488895
2021-01-11,31998.529296875,14484.75,3.0900457745527654,-12760.011236078171,1.461840710660113
2021-01-12,32338.625,14563.4501953125,3.0002806833638784,-11355.813304127994,1.6899272953134654
2021-01-13,32574.271484375,14564.849609375,2.929427882373196,-10092.405063900478,1.8786469360130589
2021-01-14,32519.37109375,14595.599609375,2.869108122052162,-9356.982291729175,1.9672712764830935
2021-01-15,32246.42578125,14433.7001953125,2.817450292837018,-8419.80706075493,2.0645898386125574
2021-01-18,31811.380859375,14281.2998046875,2.7729568020220303,-7790.0465757490965,2.0999350012709814
2021-01-19,32424.47265625,14521.150390625,2.7204290218911313,-7079.28629765199,2.130413164975842
2021-01-20,32543.3203125,14644.7001953125,2.6563449313295853,-6358.054822159749,2.1479802690459135
2021-01-21,32186.525390625,14590.349609375,2.5797154610567308,-5452.425078902721,2.1769835338010743
2021-01-22,31166.888671875,14371.900390625,2.5090480901858023,-4892.900555563239,2.1495859196321256
2021-01-25,31198.037109375,14238.900390625,2.432814947544949,-3442.5725975411187,2.2188550344071984
2021-01-27,30284.19921875,13967.5,2.344227783269532,-2458.802344067186,2.2184454667754667
2021-01-28,30357.947265625,13817.5498046875,2.2382639778092592,-569.3767237923967,2.3039614091420684
2021-01-29,30565.14453125,13634.599609375,2.1690132427113435,991.5174194487117,2.335638269746929
2021-02-01,33088.66796875,14281.2001953125,2.1483287836783624,2407.9545236871054,2.337194301765448
2021-02-02,34267.5,14647.849609375,2.145056082715288,2847.041096711404,2.240810899518704
2021-02-03,34758.046875,14789.9501953125,2.16291384969533,2768.658761254439,2.108049819728783
2021-02-04,35344.390625,14895.650390625,2.2119489867443605,2395.9718365587905,1.9654739082095825
2021-02-05,35654.0859375,14924.25,2.288202155818152,1504.3849135309501,1.7955919011364863
2021-02-08,35983.23046875,15115.7998046875,2.398090323589051,-265.8227761803573,1.5702015707610677
2021-02-09,36056.08203125,15109.2998046875,2.499392566424005,-1707.9895844576095,1.3898899517933605
2021-02-10,35782.6875,15106.5,2.5631696056546454,-2937.834147821901,1.2384213270402988
2021-02-11,35751.6875,15173.2998046875,2.620205126286654,-4005.4704309264707,1.107924682577276
2021-02-12,36108.48046875,15163.2998046875,2.7010444279037835,-4848.265977335701,1.0013194365768758
2021-02-15,37305.81640625,15314.7001953125,2.8337903201768233,-6092.832763636667,0.8644484241158641
2021-02-16,37097.96875,15313.4501953125,2.939841896074599,-7921.153707631434,0.6809450599571737
2021-02-17,36910.51953125,15208.900390625,3.0431534924477437,-9372.498808770324,0.5312114713371365
2021-02-18,36586.57421875,15118.9501953125,3.1197656747225304,-10581.007638425435,0.40247645364796014
2021-02-19,35841.18359375,14981.75,3.1888597744448344,-11933.516332038897,0.2604022955683893
2021-02-22,35256.7890625,14675.7001953125,3.2706886841796083,-12742.85749872106,0.16517766119476554
2021-02-23,35116.54296875,14707.7998046875,3.3475972561881107,-14119.247301985903,0.01602758959841816
2021-02-24,36451.87890625,14982.0,3.4633314434272644,-15435.752779177274,-0.13092745274490403
2021-02-25,36548.57421875,15097.349609375,3.5603682232818503,-17203.549586245404,-0.32488635780672265
2021-02-26,34803.1953125,14529.150390625,3.6246146610902485,-17859.37620654449,-0.4172017422281324
2021-03-01,35295.58984375,14761.5498046875,3.6958662228370516,-19261.123476121407,-0.5857546157221376
2021-03-02,35419.2890625,14919.099609375,3.768877334002303,-20808.967298996053,-0.7724575218270696
2021-03-03,36367.62890625,15245.599609375,3.8255950957547076,-21955.86219121489,-0.92130913767811
2021-03-04,35802.08203125,15080.75,3.882366080113036,-22746.910231414666,-1.0331267300650697
2021-03-05,35227.73828125,14938.099609375,3.931796901295699,-23505.835474137115,-1.13962232782217
2021-03-08,35275.33984375,14956.2001953125,3.9891261663699327,-24386.829704838194,-1.2547899284810813
2021-03-09,35865.23046875,15098.400390625,4.049372260801868,-25273.813255526962,-1.3651961883448738
2021-03-10,35937.8828125,15174.7998046875,4.102190544363554,-26312.037458898965,-1.4840513557541946
2021-03-12,35496.234375,15030.9501953125,4.16239376903144,-27068.499060590657,-1.5641862761925742
2021-03-15,35182.140625,14929.5,4.200999353978655,-27536.679230224327,-1.6064572703570146
2021-03-16,34804.1953125,14910.4501953125,4.230048648030942,-28267.734377714332,-1.6672154293987151
2021-03-17,34228.8515625,14721.2998046875,4.256502165662437,-28432.39293751835,-1.661217733593848
2021-03-18,33856.40625,14557.849609375,4.35651525846268,-29565.08770364715,-1.745526744390888
2021-03-19,34161.203125,14744.0,4.42936557880864,-31145.362968954585,-1.8629152387249837
2021-03-22,33603.05859375,14736.400390625,4.475681241174454,-32352.372197006218,-1.9269750558607055
2021-03-23,34184.0,14814.75,4.511841417137726,-32657.80263454112,-1.894433841032514
2021-03-24,33292.86328125,14549.400390625,4.550712756297214,-32917.27867284286,-1.8546102909026834
2021-03-25,33006.06640625,14324.900390625,4.581719070388476,-32626.602894891897,-1.7645254737656397
2021-03-26,33317.8125,14507.2998046875,4.615297036552947,-33637.685296959375,-1.7913246956461046
2021-03-30,33874.70703125,14845.099609375,4.6378423317265165,-34974.52435580615,-1.836756106215746
2021-03-31,33303.51171875,14690.7001953125,4.663532123737185,-35207.04056228198,-1.7828231531054077
2021-04-01,33857.60546875,14867.349609375,4.63187666884879,-35006.12431453224,-1.6966895618540363
2021-04-05,32678.470703125,14637.7998046875,4.643065878367535,-35285.798104394504,-1.6527265104936324
2021-04-06,32500.97265625,14683.5,4.678200276682382,-36191.38110641576,-1.6575530387326818
2021-04-07,32990.81640625,14819.0498046875,4.711060717188167,-36822.62699466826,-1.6387658507345892
2021-04-08,32782.46875,14873.7998046875,4.666276426155432,-36622.79264596854,-1.5594374383219018
2021-04-09,32447.673828125,14834.849609375,4.608836429934499,-35923.72148416207,-1.4497269849869125
2021-04-12,30791.642578125,14310.7998046875,4.664475660827286,-35960.73479781172,-1.3993092976509873
2021-04-13,31771.23046875,14504.7998046875,4.68787141022912,-36225.40584674146,-1.3673597668320343
2021-04-15,32112.4765625,14581.4501953125,4.69754628216529,-36384.560591068584,-1.3295287795024748
2021-04-16,31977.078125,14617.849609375,4.709339893014784,-36863.34419052026,-1.3155062495694474
2021-04-19,31208.037109375,14359.4501953125,4.761949416950188,-37170.93837591862,-1.2902864403274703
2021-04-20,31112.337890625,14296.400390625,4.794433549186293,-37430.80377478752,-1.2630920085868034
2021-04-22,31782.23046875,14406.150390625,4.809808920668981,-37508.600192577054,-1.2250872924038314
2021-04-23,31721.931640625,14341.349609375,4.807960536043432,-37230.7113148519,-1.1652365330072971
2021-04-26,32274.775390625,14485.0,4.771601112453921,-36841.86672327005,-1.1006682466254827
2021-04-27,32734.96875,14653.0498046875,4.750794326594314,-36878.6571294133,-1.0679371366048849
2021-04-28,33722.41015625,14864.5498046875,4.7252091009200345,-36515.6958619385,-1.0096916572188364
2021-04-29,33714.109375,14894.900390625,4.818116268613064,-38051.2525164414,-1.0856446588810924
2021-04-30,32781.41796875,14631.099609375,5.337857874857805,-45317.3122989813,-1.5578376367555922
2021-05-03,32465.373046875,14634.150390625,5.577146022657473,-49151.420599170524,-1.7777136810464953
2021-05-04,32269.974609375,14496.5,5.6292234769268354,-49334.063523894874,-1.7419562629183372
2021-05-05,32783.31640625,14617.849609375,5.648223243846731,-49781.56153247773,-1.7298751742307124
2021-05-06,32827.41796875,14724.7998046875,5.651532736866914,-50390.27017125294,-1.7328609287022698
2021-05-07,32904.1171875,14823.150390625,5.621817759460449,-50428.93292966872,-1.697333301431739
2021-05-10,33142.01171875,14942.349609375,5.554595643473198,-49856.69832473782,-1.6178919425136755
2021-05-11,32871.81640625,14850.75,5.514773133395598,-49026.70070452467,-1.521524997649032
2021-05-12,32451.923828125,14696.5,5.534794900091429,-48890.18942106869,-1.4801170222952431
2021-05-14,32169.177734375,14677.7998046875,5.600935558168213,-50040.23310737367,-1.5399602444528697
2021-05-17,33458.859375,14923.150390625,5.546620862405366,-49314.19791445341,-1.4531023852491467
2021-05-18,33922.00390625,15108.099609375,5.311516079964151,-46324.91010664542,-1.181987160760644
2021-05-19,33684.80859375,15030.150390625,5.127623010889189,-43384.13640634388,-0.9079526699813029
2021-05-20,33334.1640625,14906.0498046875,4.9513254233800374,-40470.53929761826,-0.6255155282861443
2021-05-21,34606.49609375,15175.2998046875,4.683160139762118,-36461.863060502365,-0.22506134993772545
2021-05-24,34943.1953125,15197.7001953125,4.51359251188055,-33653.03048686808,0.08256938134946662
2021-05-25,34661.59765625,15208.4501953125,4.451897047489105,-33044.85686514682,0.18481428690538998
2021-05-26,34683.796875,15301.4501953125,4.314192194049321,-31329.60011525164,0.40978430959750667
2021-05-27,35094.64453125,15337.849609375,4.099851405362645,-27788.259744986986,0.8454449560815096
2021-05-28,35141.0390625,15435.650390625,3.824853387225303,-23898.0606181076,1.3236533038186225
2021-05-31,35526.234375,15582.7998046875,3.790287345063569,-23537.05452536609,1.402543943772731
2021-06-01,35336.7890625,15574.849609375,3.6592071669200075,-21654.812251826275,1.6414121880822057
2021-06-02,35373.33984375,15576.2001953125,3.5229181850486535,-19500.339078274796,1.8842803771554333
2021-06-03,35648.5859375,15690.349609375,3.3213003817837974,-16463.778210438446,2.1851122861633856
2021-06-04,35291.23828125,15670.25,3.1609829276306947,-14242.154440454891,2.3499742291640664
2021-06-07,35443.23828125,15751.650390625,3.043626988280546,-12498.909957616052,2.428810696930509
2021-06-08,35084.89453125,15740.099609375,2.9200622376285392,-10877.17595459766,2.4680518859733387
2021-06-09,34800.09375,15635.349609375,2.80521015199378,-9060.347704190732,2.5023461851126716
2021-06-10,35130.7890625,15737.75,2.6939509609324026,-7265.9376729139185,2.513086759854849
2021-06-11,35046.9921875,15799.349609375,2.6006930013263934,-6042.265767110446,2.4643431941074208
2021-06-14,34950.1953125,15811.849609375,2.5299939891186005,-5053.689156066044,2.39719965929512
2021-06-15,35247.33984375,15869.25,2.4842095776111806,-4175.202995756226,2.3249593574109215
2021-06-16,35003.09375,15767.5498046875,2.4716169026313675,-3968.248860347543,2.212109591990214
2021-06-17,34604.99609375,15691.400390625,2.473439101367319,-4206.727187632299,2.0802516708847976
2021-06-18,34557.59765625,15683.349609375,2.458273263528828,-3996.3613710518475,1.9908006791169046
2021-06-21,34870.89453125,15746.5,2.4436261664324834,-3607.6648984791027,1.9202725634961852
2021-06-22,34744.59765625,15772.75,2.4241185191862895,-3490.4177172455456,1.838869784693117
2021-06-23,34573.59765625,15686.9501953125,2.4264491239300927,-3489.988902301011,1.7575618286020307
2021-06-24,34826.59375,15790.4501953125,2.4553478939523115,-3944.4548816194147,1.6564300182387026
2021-06-25,35364.23828125,15860.349609375,2.4853913607506275,-4054.9376163752167,1.5834060064188067
2021-06-28,35359.0390625,15814.7001953125,2.494268762709278,-4087.073626280282,1.5197203132111619
2021-06-29,35009.89453125,15748.4501953125,2.500963352427687,-4376.402264759214,1.445721983340828
2021-06-30,34771.796875,15721.5,2.4982693066542154,-4504.744029564245,1.3858374698993838
2021-07-01,34683.59765625,15680.0,2.4912764266125733,-4379.616713035146,1.3435920233643388
2021-07-02,34809.4921875,15722.2001953125,2.475777803948601,-4115.182085291046,1.3109818500711046
2021-07-05,35211.58984375,15834.349609375,2.4678747309362015,-3865.601438036072,1.2789721917260006
2021-07-06,35578.734375,15818.25,2.4686846925274013,-3471.537262571568,1.2562800171394495
2021-07-07,35770.88671875,15879.650390625,2.4645440554355798,-3365.2112538601286,1.2192601311027076
2021-07-08,35273.69140625,15727.900390625,2.414562726966821,-2702.3106504000316,1.2134080785044845
2021-07-09,35071.54296875,15689.7998046875,2.3917852358094365,-2455.0885569073434,1.1855641774298806
2021-07-12,35198.48828125,15692.599609375,2.3794546280744795,-2141.340485797111,1.1623028206885064
2021-07-13,35672.984375,15812.349609375,2.3633921438682206,-1697.7984678946013,1.146582026181884
2021-07-14,35667.8359375,15853.9501953125,2.320169832656022,-1116.021034095109,1.1384541777359036
2021-07-15,35907.23046875,15924.2001953125,2.2730867375319277,-289.85780101817363,1.1429771168591778
2021-07-16,35751.38671875,15923.400390625,2.248123402387581,-46.38234500161343,1.1173529079461548
2021-07-19,35078.79296875,15752.400390625,2.213158079416434,216.2407740356939,1.093705923507043
2021-07-20,34415.05078125,15632.099609375,2.1905787741507945,171.7051815422019,1.055364799559796
2021-07-22,34676.8984375,15824.0498046875,2.161090032969889,479.7021233707201,1.0363199792022202
2021-07-23,35033.9921875,15856.0498046875,2.1710957810919074,608.9893517598102,1.0088816218949235
2021-07-26,34949.29296875,15824.4501953125,2.1792517732391308,463.8318200809226,0.96845294167205
2021-07-27,34797.04296875,15746.4501953125,2.173808525095637,567.2752941858271,0.9434254512413276
2021-07-28,34532.49609375,15709.400390625,2.136126075663456,975.2362862982554,0.9371875451308646
2021-07-29,34691.09765625,15778.4501953125,2.0948503650581585,1637.6055045476387,0.9460233227699387
2021-07-30,34583.94921875,15763.0498046875,2.0805347035764075,1788.3770658943467,0.9291297653484483
2021-08-02,34709.59765625,15885.150390625,2.0282344730615733,2490.7880242168576,0.945572623553802
2021-08-03,35207.0390625,16130.75,1.9349418958494469,3994.975076026534,1.0117172345719336
2021-08-04,36027.6328125,16258.7998046875,1.8901794111689316,5295.584171362239,1.0704956018994485
2021-08-05,35834.33203125,16294.599609375,1.796202798322693,6565.926615342767,1.1323397796821415
2021-08-06,35808.83203125,16238.2001953125,1.6562262312992098,8914.698918685488,1.270783265042308
2021-08-09,36028.53125,16258.25,1.4396010505237984,12623.137470321453,1.516278489556537
2021-08-10,36033.68359375,16280.099609375,1.3865992474835453,13459.709726433466,1.5811030609749235
2021-08-11,35805.98046875,16282.25,1.343908701767275,13924.123009399787,1.6215857375056622
2021-08-12,35936.6328125,16364.400390625,1.2720813421679087,15119.784399820699,1.7186577591315282
2021-08-13,36168.9296875,16529.099609375,1.140678331907601,17314.543917143546,1.8944102082156713
2021-08-16,36094.08203125,16563.05078125,1.1643538729444654,16808.82970632571,1.8396059836485263
2021-08-17,35867.03125,16614.599609375,1.1814455538717987,16237.786412143781,1.774761397012872
2021-08-18,35554.0859375,16568.849609375,1.1296799487442954,16836.58876002931,1.8204990009571531
2021-08-20,35033.4453125,16450.5,1.038660261198504,17946.96468565401,1.9139714921332593
2021-08-23,35123.98828125,16496.44921875,0.9947733274564774,18713.760600697256,1.9614016629725728
2021-08-24,35711.6875,16624.599609375,0.9941691845962534,19184.022862108464,1.9626973361532414
2021-08-25,35585.8359375,16634.650390625,0.9856591911116169,19189.73988905202,1.9249029749240802
2021-08-26,35617.13671875,16636.900390625,0.9765246482009979,19370.793417639878,1.9014789100413467
2021-08-27,35627.38671875,16705.19921875,0.9651383985140614,19504.557497907277,1.8682367081375457
2021-08-30,36347.2265625,16931.05078125,1.0136581192520624,19184.929470616964,1.7810885595501098
2021-08-31,36424.1796875,17132.19921875,1.0277370853166656,18816.783197357418,1.6879672706257276
2021-09-01,36573.875,17076.25,1.0621958137071872,18435.553736182646,1.5950236707260526
2021-09-02,36830.87109375,17234.150390625,1.092610927387022,18000.650052721812,1.498710459260493
2021-09-03,36760.72265625,17323.599609375,1.0948081402465752,17794.70478553386,1.4276807247608256
2021-09-06,36591.92578125,17377.80078125,1.0817700284652514,17793.14173545372,1.3787711553112718
2021-09-07,36468.375,17362.099609375,1.0598062111292692,18067.913995739316,1.3592426395794461
2021-09-08,36767.7734375,17353.5,1.0623368506132174,18332.51090038353,1.3389159631426555
2021-09-09,36682.7734375,17369.25,1.0619981650037882,18236.66181000795,1.2828962943354596
2021-09-13,36471.375,17355.30078125,1.0476358197203899,18289.340239541234,1.2445512542747466
2021-09-14,36612.625,17380.0,1.0326401513318961,18665.339169851646,1.2406416260046509
2021-09-15,36851.8203125,17519.44921875,1.0223311789549046,18941.141138054732,1.2269249779969738
2021-09-16,37668.1640625,17629.5,1.0608600559321462,18965.73170644423,1.1886778524534696
2021-09-17,37811.5078125,17585.150390625,1.0980549743439587,18502.04595148761,1.1032765591042193
2021-09-20,37145.265625,17396.900390625,1.1011687148763012,17988.343179024447,1.0158750614728196
2021-09-21,37235.41796875,17562.0,1.1051980379378912,17825.930026484755,0.96688006638082
2021-09-22,36944.21875,17546.650390625,1.10675332382484,17524.405108183357,0.9049956133521497
2021-09-23,37771.26171875,17822.94921875,1.1349782264237351,17542.60242481283,0.8775730717462238
2021-09-24,37829.859375,17853.19921875,1.155308974018655,17203.898102635285,0.8134846222057404
2021-09-27,38170.8046875,17855.099609375,1.1823057790755793,17060.617233365818,0.7710060773095841
2021-09-28,37944.55859375,17748.599609375,1.198183828410722,16678.473564860018,0.7027826761913211
2021-09-29,37742.5625,17711.30078125,1.2079886043623806,16347.51298781547,0.6399873867654142
2021-09-30,37424.66796875,17618.150390625,1.2161786608041767,15997.849420833107,0.5745010088260251
2021-10-01,37225.46484375,17532.05078125,1.2313180162990942,15637.934854126266,0.5068584269025868
2021-10-04,37579.2109375,17691.25,1.2541284754215352,15392.110546698765,0.4515393648685027
2021-10-05,37740.5625,17822.30078125,1.2718829004756729,15072.6828891939,0.3859610514485971
2021-10-06,37521.11328125,17646.0,1.284580983702752,14853.397242831237,0.3312149978358369
2021-10-07,37752.76171875,17790.349609375,1.3039550680715486,14554.945182840773,0.2642712499456432
2021-10-08,37774.8125,17895.19921875,1.3290498911367794,13991.199926449332,0.158752169334202
2021-10-11,38293.35546875,17945.94921875,1.367463061722887,13752.932804554675,0.09456173927670689
2021-10-12,38521.05078125,17991.94921875,1.4144910835014972,13071.599036516396,-0.035934338940638105
2021-10-13,38635.30078125,18161.75,1.454772662066842,12214.083385957532,-0.19965913638539967
2021-10-14,39340.44140625,18338.55078125,1.5036751202567777,11765.21885491888,-0.3087688715938169
2021-10-18,39684.33984375,18477.05078125,1.5415154540473803,11201.680519234902,-0.44465340658442326
2021-10-19,39540.0390625,18418.75,1.5715763275081416,10593.567580209416,-0.5968855450328965
2021-10-20,39517.73828125,18266.599609375,1.614433123306029,10027.534821706031,-0.7533145952164686
2021-10-21,40029.734375,18178.099609375,1.6731760389171697,9614.573675544187,-0.8974992514438076
2021-10-22,40323.1796875,18114.900390625,1.7404493616708197,8795.112865906238,-1.134220982584405
2021-10-25,41191.91796875,18125.400390625,1.8251202949983785,8110.881860848778,-1.360197759268687
2021-10-26,41237.8203125,18268.400390625,1.9164215336892891,6227.864417848432,-1.837149807891292
2021-10-27,40873.875,18210.94921875,1.9947017556044744,4548.462622135441,-2.2694151819684927
2021-10-28,39508.48828125,17857.25,2.034011534215321,3186.6358118834614,-2.592980287667908
2021-10-29,39115.1484375,17671.650390625,2.064439725962582,2633.091347771566,-2.6766573317310804
2021-11-01,39763.2890625,17929.650390625,2.1333273369021315,1513.4757430817044,-2.8123363655475737
2021-11-02,39937.984375,17888.94921875,2.196396080243879,646.7664312556954,-2.836698720649678
2021-11-03,39401.59375,17829.19921875,2.2610880689616075,-911.7958826552422,-2.9164843524630766
2021-11-04,39573.23828125,17916.80078125,2.3456905760354654,-2454.0324640329854,-2.922959978079654
2021-11-08,39437.79296875,18068.55078125,2.430157716389292,-4471.635136276454,-2.9703162004618044
2021-11-09,39368.34375,18044.25,2.511894473613081,-5956.908105492839,-2.916605537050823
2021-11-10,39022.796875,18017.19921875,2.589281131875706,-7628.797111355088,-2.880483771205867
2021-11-11,38559.75,17873.599609375,2.653949222961151,-8875.87579481952,-2.7924533530076414
2021-11-12,38732.90234375,18102.75,2.702446746468566,-10188.815495883835,-2.7192472235083445
2021-11-15,38701.90234375,18109.44921875,2.7314416257985887,-10763.001072629486,-2.5780409396378006
2021-11-16,38306.65625,17999.19921875,2.7581366717459255,-11337.595177294985,-2.458383514953854
2021-11-17,38041.109375,17898.650390625,2.7861447056019193,-11827.120648259566,-2.3483086049871664
2021-11-18,37975.80859375,17764.80078125,2.8278357141604755,-12260.12951041467,-2.248316556428615
2021-11-22,37128.37109375,17416.55078125,2.9047085150808254,-13461.63226388448,-2.2275059550740433
2021-11-23,37272.3671875,17503.349609375,2.9853383515327536,-14981.05368165303,-2.232335379076363
2021-11-24,37441.515625,17415.05078125,3.0786750371020895,-16173.766485099615,-2.206344707124823
2021-11-25,37364.31640625,17536.25,3.1836727740030004,-18465.365276860117,-2.2656892285835863
2021-11-26,36025.08203125,17026.44921875,3.2606173956944113,-19491.654478313772,-2.2164982775275237
2021-11-29,35976.03125,17053.94921875,3.276544588140513,-19901.993769118446,-2.126239707363623
2021-11-30,35694.88671875,16983.19921875,3.329880650621471,-20857.139745415312,-2.0840175497405733
2021-12-01,36364.4765625,17166.900390625,3.34559342321614,-21068.99248138158,-1.9933161894033367
2021-12-02,36507.82421875,17401.650390625,3.371605205854977,-22163.670828749542,-1.9714296347875662
2021-12-03,36196.7265625,17196.69921875,3.3618895113161735,-21616.67617027466,-1.8419063898996084
2021-12-06,35735.484375,16912.25,3.2994789653081416,-20066.128756032616,-1.6591750358961812
2021-12-07,36617.97265625,17176.69921875,3.2703333094384512,-19555.558945033546,-1.5600287871819754
2021-12-08,37284.265625,17469.75,3.258382576597008,-19638.863392505584,-1.506841067569991
2021-12-09,37082.01953125,17516.849609375,3.2481210883518457,-19814.829086448728,-1.4633482917556735
2021-12-10,37105.21875,17511.30078125,3.240630083862403,-19642.429369281956,-1.400498788777748
2021-12-13,36924.8203125,17368.25,3.22415022983116,-19073.026916765048,-1.3159314449670885
2021-12-14,36893.51953125,17324.900390625,3.2170977871189734,-18842.379177486328,-1.2577670965244798
2021-12-15,36789.125,17221.400390625,3.1999183225237124,-18317.94964947796,-1.1829159168382304
2021-12-16,36548.22265625,17248.400390625,3.204851227959892,-18730.334515988412,-1.172381979009631
2021-12-17,35618.234375,16985.19921875,3.206286639580359,-18841.182950688875,-1.1427709269807147
2021-12-20,34439.453125,16614.19921875,3.2058550499649523,-18823.26134155345,-1.105901888923521
2021-12-21,34607.44921875,16770.849609375,3.2486049661646814,-19874.41610906663,-1.1421404898887928
2021-12-22,35029.09375,16955.44921875,3.294299334802013,-20827.231332597432,-1.1713232155524895
2021-12-23,35190.73828125,17072.599609375,3.3377742552269756,-21793.745164719992,-1.2013988268639786
2021-12-24,34856.64453125,17003.75,3.3832978811400682,-22672.106815185434,-1.225291605279271
2021-12-27,35057.4921875,17086.25,3.4232002651952804,-23432.16334369286,-1.2412056949930932
2021-12-28,35183.390625,17233.25,3.4609826945728384,-24460.589396247364,-1.2759586496519515
2021-12-29,35044.9921875,17213.599609375,3.4999518599066475,-25201.77778102037,-1.290749380126642
2021-12-30,35063.1953125,17203.94921875,3.539047753305825,-25822.40251810469,-1.2979232224436943
2021-12-31,35481.28515625,17354.05078125,3.574096484288103,-26543.76672917283,-1.3132652705041532
2022-01-03,36421.4765625,17625.69921875,3.5733941700764174,-26562.094269301713,-1.279665287286867
2022-01-04,36839.71875,17805.25,3.5586083354117664,-26522.192314090353,-1.2440680313861208
2022-01-05,37695.4609375,17925.25,3.5522656138757043,-25979.78825762547,-1.1729856101121634
2022-01-06,37489.8125,17745.900390625,3.5588410576049925,-25665.026414324726,-1.121277699506266
2022-01-07,37739.1640625,17812.69921875,3.5624861498888496,-25718.330196432806,-1.0993069887315
2022-01-10,38347.453125,18003.30078125,3.5825139409392106,-26149.622906749908,-1.1084407905151878
2022-01-11,38441.75390625,18055.75,3.606308071421721,-26672.843054322737,-1.1272521969334786
2022-01-12,38727.1015625,18212.349609375,3.6289621611687783,-27364.826035898863,-1.1625901910948708
2022-01-13,38469.50390625,18257.80078125,3.61503202453952,-27533.03061563142,-1.1556872138436047
2022-01-14,38369.953125,18255.75,3.5530438779433453,-26493.527649764226,-1.0433668414658077
2022-01-17,38215.703125,18308.099609375,3.4220319463629623,-24435.198615476518,-0.8338443048952429
2022-01-18,38209.85546875,18113.05078125,3.3304428444369862,-22114.624896587826,-0.5867627063598101
2022-01-19,38040.91015625,17938.400390625,3.224512803314009,-19801.691574293334,-0.3212401336679962
2022-01-20,37850.41015625,17757.0,3.1227015676983396,-17599.401581369413,-0.04374649276684781
2022-01-21,37573.86328125,17617.150390625,3.0310813327982764,-15825.152404873297,0.20823493855792438
2022-01-24,36947.12109375,17149.099609375,2.9586266084892934,-13790.661322180225,0.5145563896734184
2022-01-25,37706.3125,17277.94921875,2.9095797209126784,-12565.258165834057,0.7439839424883836
2022-01-27,37981.66015625,17110.150390625,2.778899027816442,-9565.720130050926,1.2336536174971402
2022-01-28,37688.9609375,17101.94921875,2.655579376073081,-7726.622698461644,1.5820585917019907
2022-01-31,37974.91015625,17339.849609375,2.593620360898602,-6998.076845544674,1.7637277005944907
2022-02-01,38505.05078125,17576.849609375,2.5485091702779825,-6289.711632839164,1.924015355127467
2022-02-02,39330.04296875,17780.0,2.5395390048227746,-5822.9605369989295,2.0158749538332574
2022-02-03,39009.546875,17560.19921875,2.502376461017011,-4932.682300769309,2.141481182748433
2022-02-04,38788.90234375,17516.30078125,2.473397193230113,-4535.866844368189,2.16113333956517
2022-02-07,37995.0078125,17213.599609375,2.410683899796339,-3501.5396233608626,2.247739045176615
2022-02-08,38028.0078125,17266.75,2.370357978118116,-2900.370806170984,2.2467368503085785
2022-02-09,38609.80078125,17463.80078125,2.3635839332121247,-2667.3581581298495,2.188672077202791
2022-02-10,39010.49609375,17605.849609375,2.393320317285552,-3125.9414794410914,2.0440150485927435
2022-02-11,38516.80078125,17374.75,2.3867571704431665,-2952.508365907408,1.9889658503755094
2022-02-14,36908.12109375,16842.80078125,2.302254715158426,-1868.296421356834,2.0427995712534006
2022-02-15,38169.65625,17352.44921875,2.2922366309879276,-1606.263486576594,1.985374803039498
2022-02-16,37953.359375,17322.19921875,2.2800974063758694,-1542.9421363979855,1.9045787881294964
2022-02-17,37531.2109375,17304.599609375,2.271414817246223,-1774.7130217475788,1.7957971794340613
2022-02-18,37598.7109375,17276.30078125,2.258740305111073,-1423.9659603312903,1.7554822148987905
2022-02-21,37685.1640625,17206.650390625,2.2254730646231637,-607.7729142235767,1.764910104046252
2022-02-22,37371.21484375,17092.19921875,2.1765239823706533,169.63333268368297,1.7669197458445216
2022-02-23,37391.6171875,17063.25,2.111243822058945,1366.9360407527056,1.8075738513380994
2022-02-24,35227.69140625,16247.9501953125,2.0455760633174687,1991.2734087443605,1.7865895423491496
2022-02-25,36430.328125,16658.400390625,1.9918378538214014,3249.495642839902,1.825526285242546
2022-02-28,36204.87890625,16793.900390625,1.9693643843536943,3131.569602569529,1.7325562818460272
2022-03-02,35372.390625,16605.94921875,1.9662359732382075,2721.175901326842,1.6212759562878036
2022-03-03,34943.89453125,16498.05078125,1.9978312563505942,1983.5730116094128,1.49014095625754
2022-03-04,34407.40234375,16245.349609375,2.0368447479492415,1318.147313295267,1.3750645241163368
2022-03-07,32870.8671875,15863.150390625,2.151316182161386,-1255.7849479112701,1.0984812205172192
2022-03-08,33157.71484375,16013.4501953125,2.23219878792282,-2587.489272689003,0.9448160891344416
2022-03-09,33815.0546875,16345.349609375,2.284743351471073,-3529.8741599898276,0.8317012394041368
2022-03-10,34475.19921875,16594.900390625,2.3158057330627893,-3955.366245465295,0.7682042861175951
2022-03-11,34545.84765625,16630.44921875,2.3432583591304432,-4423.591491680287,0.7030094494661605
2022-03-14,35311.73828125,16871.30078125,2.3550356502106466,-4420.776524020483,0.6809037755044511
2022-03-15,35022.2421875,16663.0,2.3592052716727303,-4289.1952543827065,0.6705093741800301
2022-03-16,35747.8359375,16975.349609375,2.3364655287328175,-3914.483262992784,0.6818025323444115
2022-03-17,36428.12890625,17287.05078125,2.307969257623703,-3469.852851854819,0.6980752336108731
2022-03-21,36018.08203125,17117.599609375,2.2936847201988635,-3244.294639255473,0.6937453950700674
2022-03-22,36348.12890625,17315.5,2.279380313590763,-3120.480913730855,0.6798224713973348
2022-03-23,36146.9296875,17245.650390625,2.2600547114581553,-2829.1837299922045,0.6808547292103718
2022-03-24,35526.6875,17222.75,2.249247492105384,-3211.5397446580027,0.6203299222318822
2022-03-25,35409.69140625,17153.0,2.25363086679372,-3246.8388518626816,0.5918117746841962
2022-03-28,35710.0859375,17222.0,2.2510971792081422,-3058.309682822626,0.5842694419500905
2022-03-29,35846.98046875,17325.30078125,2.2414423600649904,-2986.682603210822,0.5657316231759999
2022-03-30,36333.87890625,17498.25,2.2351802131726495,-2777.8632588983164,0.560819985075985
2022-03-31,36373.1796875,17464.75,2.249610676979046,-2915.70838326979,0.5214148859583535
2022-04-01,37148.06640625,17670.44921875,2.272252853046196,-3003.6622456626064,0.48652536288692105
2022-04-04,38634.75,18053.400390625,2.294290297714379,-2784.9913569639175,0.48404255565644283
2022-04-05,38067.45703125,17957.400390625,2.2914254807293766,-3080.5877914877856,0.42483167475027234
2022-04-06,37632.36328125,17807.650390625,2.2888754308177925,-3127.1301784444295,0.392123827742217
2022-04-07,37556.9140625,17639.55078125,2.295254885443236,-2930.3510451881157,0.38787371433185797
2022-04-08,37751.61328125,17784.349609375,2.2980250320954854,-3117.26730063132,0.33496697641718404
2022-04-11,37613.36328125,17674.94921875,2.3129330069643497,-3267.6101632156206,0.28259798222527754
2022-04-12,37746.9609375,17530.30078125,2.3634176909465388,-3684.4620565201767,0.18287606569021325
2022-04-13,37462.96484375,17475.650390625,2.424891430663683,-4913.59003375101,-0.07517043929761548
2022-04-18,36728.57421875,17173.650390625,2.52345926289825,-6608.432937248806,-0.4788411378446805
2022-04-19,36341.1796875,16958.650390625,2.5846125780685716,-7490.361419176872,-0.7886950752632088
2022-04-20,36314.4765625,17136.55078125,2.62802145153143,-8720.746495882682,-1.2288533787387474
2022-04-21,36815.671875,17392.599609375,2.6403346713078237,-9106.611897807721,-1.492966415689656
2022-04-22,36044.33203125,17171.94921875,2.6540506319730905,-9530.890644983258,-1.7691930668721303
2022-04-25,36081.93359375,16953.94921875,2.6563572688951282,-8953.812649955442,-1.7225070096123483
2022-04-26,36404.37890625,17200.80078125,2.6490986671409775,-9162.239517116861,-1.8859766820621204
2022-04-27,36028.43359375,17038.400390625,2.6585675207524284,-9269.304290341111,-1.9287246253642707
2022-04-28,36421.77734375,17245.05078125,2.661102675269342,-9469.07342539003,-1.9526776345749925
2022-04-29,36087.73046875,17102.55078125,2.6512511115392265,-9255.426300195133,-1.8378555993327022
2022-05-02,36163.328125,17069.099609375,2.6270344660630847,-8677.784853492063,-1.616676206068416
2022-05-04,35264.140625,16677.599609375,2.573907380135114,-7662.456092508808,-1.278956328593015
2022-05-05,35232.44140625,16682.650390625,2.52964316286864,-6968.711092922378,-1.0465938684580391
2022-05-06,34590.796875,16411.25,2.4916685540217123,-6300.598682188829,-0.8291770609737065
2022-05-09,34275.0,16301.849609375,2.4875343733736375,-6276.4112528879195,-0.8032661151463006
2022-05-10,34482.24609375,16240.0498046875,2.4555234002719946,-5395.576223242788,-0.5234184237576288
2022-05-11,34692.74609375,16167.099609375,2.3787113625929135,-3764.1174472417624,-0.025747555254326836
2022-05-12,33531.7578125,15808.0,2.303755679554438,-2886.01196989655,0.2380952569117812
2022-05-13,33120.96484375,15782.150390625,2.2801915658892344,-2865.3613685486125,0.24386483142554521
2022-05-16,33597.2109375,15842.2998046875,2.2780808180333234,-2492.8283610916624,0.3599586638171526
2022-05-17,34301.5,16259.2998046875,2.2520099298658933,-2314.6046128228263,0.4181872588634249
2022-05-18,34163.30078125,16240.2998046875,2.2329633718815547,-2100.693830992357,0.4865707711028839
2022-05-19,33315.26171875,15809.400390625,2.217641615554729,-1744.3225044671854,0.5944534851201715
2022-05-20,34276.0,16266.150390625,2.201282898783642,-1530.3986839256759,0.6601149041623602
2022-05-23,34247.203125,16214.7001953125,2.180759967252542,-1113.1659419394782,0.7910361854462823
2022-05-24,34289.75,16125.150390625,2.158422133125933,-515.1315031092818,0.9800945028702551
2022-05-25,34339.1015625,16025.7998046875,2.1254713856215623,276.72264593709406,1.2370927871971453
2022-05-26,35094.4921875,16170.150390625,2.1211938919429025,794.4679471081108,1.41659253413564
2022-05-27,35612.88671875,16352.4501953125,2.1075488136580836,1149.2997092162404,1.5703595993603507
2022-05-30,35826.53125,16661.400390625,2.1038878476630893,772.8134431150102,1.4985931613186187
2022-05-31,35486.984375,16584.55078125,2.1017711283562877,630.054366210039,1.4948036779411649
2022-06-01,35620.38671875,16522.75,2.0930020341777857,1038.2373585389942,1.6513169697177903
2022-06-02,35613.234375,16628.0,2.09042298325393,853.6810094536486,1.5991147637692176
2022-06-03,35274.640625,16584.30078125,2.0558565219234577,1179.6977023268919,1.665554900433592
2022-06-06,35309.7890625,16569.55078125,2.02096224859265,1823.352457454901,1.8041017652916327
2022-06-07,34995.59375,16416.349609375,1.995074552930639,2243.752392323102,1.8513029835185246
2022-06-08,34945.7421875,16356.25,1.9793608717955613,2570.8209281938507,1.8613689870440968
2022-06-09,35085.04296875,16478.099609375,1.9687883745221395,2643.152023594692,1.7965002132774128
2022-06-10,34483.3984375,16201.7998046875,1.9667331829258676,2618.781138499253,1.7111176842750682
2022-06-13,33405.46484375,15774.400390625,1.9724184432830014,2291.7465815506694,1.5534241635806354
2022-06-14,33310.96484375,15732.099609375,1.98181494095674,2132.8547852709307,1.4536568261644376
2022-06-15,33338.61328125,15692.150390625,1.9870176201921856,2158.0339563724374,1.410019650132153
2022-06-16,32616.720703125,15360.599609375,1.9960244415252515,1956.5884463292678,1.3119666669737233
2022-06-17,32742.669921875,15293.5,1.993854012196015,2249.6635863552438,1.3449360600683333
2022-06-20,32684.419921875,15350.150390625,2.0014836149194033,1961.3454284903855,1.2316473376176842
2022-06-21,33191.36328125,15638.7998046875,2.0217284331154373,1573.9570563131347,1.0988581548058796
2022-06-22,32844.91796875,15413.2998046875,2.0360099791322894,1463.2857550484841,1.0405778186994914
2022-06-23,33134.61328125,15556.650390625,2.050282047556519,1239.0922652384543,0.9577068344249405
2022-06-24,33627.05859375,15699.25,2.064491567069764,1216.0893594300105,0.927349691933779
2022-06-27,33810.85546875,15832.0498046875,2.0847245026612993,805.3933135639309,0.8049030071031956
2022-06-28,33642.05859375,15850.2001953125,2.1074280409480988,238.9022475074089,0.6482631883780635
2022-06-29,33269.51171875,15799.099609375,2.1303542038285164,-388.16655078750046,0.4807622036136378
2022-06-30,33424.71484375,15780.25,2.1201191268816357,-31.29500822393311,0.5564662084362236
2022-07-01,33539.05859375,15752.0498046875,2.1247528467645975,69.84592886250903,0.5671117035509213
2022-07-04,33940.50390625,15835.349609375,2.1315940092391745,185.9675446983456,0.5806945788712944
2022-07-05,33815.50390625,15810.849609375,2.1252635999998946,213.28074637275859,0.573063624137735
2022-07-06,34323.8515625,15989.7998046875,2.1251043929522626,343.8577551313647,0.5894946737523211
2022-07-07,34919.89453125,16132.900390625,2.118955276222879,735.0001277570118,0.6668953156731
2022-07-08,35123.640625,16220.599609375,2.0867950005779536,1274.57445377954,0.775562688569213
2022-07-11,35469.234375,16216.0,2.061781913842746,2035.3788601260312,0.9297792758428048
2022-07-12,35131.83984375,16058.2998046875,2.03846130831573,2397.6170145604847,0.9846304346519861
2022-07-13,34827.39453125,15966.650390625,2.012338668755968,2697.0865396877307,1.024979627406131
2022-07-14,34650.796875,15938.650390625,2.005754665429521,2681.7744933538524,0.9936939545803966
2022-07-15,34682.24609375,16049.2001953125,2.0100392303120764,2422.724086039634,0.9048920563581432
2022-07-18,35358.2890625,16278.5,2.0501047752644546,1985.6584783575745,0.771239711819934
2022-07-19,35719.9375,16340.5498046875,2.0642486975254752,1988.9788488236663,0.7504061392729813
2022-07-20,35971.68359375,16520.849609375,2.1099675608572093,1113.2268401682522,0.48287042463235486
2022-07-21,36200.578125,16605.25,2.1700651536491544,166.10373236738087,0.17196259836850256
2022-07-22,36738.5234375,16719.44921875,2.2809582281092706,-1397.8418274629294,-0.37656208079020337
2022-07-25,36725.97265625,16631.0,2.407076751056143,-3306.120790564717,-1.1171746832353318
2022-07-26,36408.078125,16483.849609375,2.5221533679708736,-5166.718684410524,-1.8976805320581434
2022-07-27,36783.32421875,16641.80078125,2.6266386982938372,-6928.673722577863,-2.5950579619138
2022-07-28,37377.71484375,16929.599609375,2.7437834169445683,-9073.43981996437,-3.265304794989083
2022-07-29,37490.9609375,17158.25,2.774221303132346,-10109.821736970582,-3.3931170038475766
2022-08-01,37902.7578125,17340.05078125,2.778741130589533,-10280.754499870542,-3.228494527090269
2022-08-02,38023.55859375,17345.44921875,2.783676908304487,-10260.567860652482,-3.0080330602453462
2022-08-03,37988.80859375,17388.150390625,2.7712996064656665,-10198.965740954889,-2.77902562843708
2022-08-04,37755.11328125,17382.0,2.7395675748138646,-9864.050304164593,-2.512657466841578
2022-08-05,37920.16015625,17397.5,2.7114418711905772,-9252.149797788064,-2.2250169253178647
2022-08-08,38236.953125,17525.099609375,2.692322464194404,-8946.266240564888,-2.0441572819238205
2022-08-10,38287.40625,17534.75,2.6825991028596525,-8751.298368868294,-1.9082415340380385
2022-08-11,38879.3984375,17659.0,2.687898396981972,-8586.199354804638,-1.7916846013871919
2022-08-12,39041.84765625,17698.150390625,2.6859539585494785,-8494.56944445322,-1.7000359004206071
2022-08-16,39239.19140625,17825.25,2.683274620705818,-8590.849526486381,-1.6547704208812184
2022-08-17,39461.2421875,17944.25,2.6732765879257436,-8508.701225386525,-1.5739575941558117
2022-08-18,39655.6875,17956.5,2.6727269104209825,-8337.133266974372,-1.479365738894003
2022-08-19,38985.49609375,17758.44921875,2.6681373576094414,-8396.48568000707,-1.436545593351439
2022-08-22,38297.3046875,17490.69921875,2.6692445729627594,-8389.64927947241,-1.382480762034386
2022-08-23,38697.19921875,17577.5,2.6746113726248066,-8315.782183562536,-1.318210105197942
2022-08-24,39038.046875,17604.94921875,2.688120459840214,-8286.177314369867,-1.266509284471701
2022-08-25,38950.296875,17522.44921875,2.702632984269592,-8406.452348782695,-1.2466096518608025
2022-08-26,38986.6953125,17558.900390625,2.7136833537568577,-8662.60038781385,-1.2531253049857896
2022-08-29,38276.25390625,17312.900390625,2.7214576287520553,-8840.070937640841,-1.2439462401401866
2022-08-30,39536.2890625,17759.30078125,2.7327844094155713,-8996.051234621773,-1.2307342517788193
2022-09-01,39300.79296875,17542.80078125,2.7489579107396813,-8923.628015397451,-1.175324166217253
2022-09-02,39420.54296875,17539.44921875,2.7642124990780252,-9062.221788663053,-1.1620878950758584
2022-09-05,39805.2890625,17665.80078125,2.7806013936342335,-9316.261209508484,-1.1713160392593764
2022-09-06,39666.0390625,17655.599609375,2.792767796634528,-9641.950956835652,-1.1937767960810588
2022-09-07,39455.44140625,17624.400390625,2.797475373689438,-9848.38466256595,-1.1933305833297498
2022-09-08,40208.48046875,17798.75,2.806471950272175,-9743.212156156871,-1.1346377324473815
2022-09-09,40415.23046875,17833.349609375,2.8169977351994695,-9821.27499187972,-1.1124295963990163
2022-09-12,40573.52734375,17936.349609375,2.826919757826042,-10131.093750267602,-1.1347653012790884
2022-09-13,40872.625,18070.05078125,2.8399885432306085,-10446.112194345304,-1.1573579495757467
2022-09-14,41404.91796875,18003.75,2.882424402762972,-10489.530372493864,-1.1290389221126667
2022-09-15,41208.71875,17877.400390625,2.9171254361036403,-10941.900660901345,-1.178871506555784
2022-09-16,40776.328125,17530.849609375,2.9374708421305513,-10720.03144031483,-1.0992100090756332
2022-09-19,40903.921875,17622.25,2.9697798742032315,-11430.281513177899,-1.1995638091005296
2022-09-20,41467.8203125,17816.25,3.004474317288313,-12060.645242887906,-1.2809528703543689
2022-09-21,41202.96875,17718.349609375,3.0374023183176715,-12614.787430278637,-1.344859752678283
2022-09-22,40630.12890625,17629.80078125,3.0526478208288537,-13187.444030279636,-1.4085004494997246
2022-09-23,39545.7890625,17327.349609375,3.0458780041032605,-13231.203982102532,-1.3687352711322476
2022-09-26,38615.80078125,17016.30078125,3.0157516980086116,-12701.137193629955,-1.2224912280662563
2022-09-27,38358.703125,17007.400390625,2.990034933979663,-12494.018179148115,-1.1439951018282817
2022-09-28,37759.4140625,16858.599609375,2.9664916933956564,-12251.481640994192,-1.0618190389084974
2022-09-29,37647.3125,16818.099609375,2.9467613595502176,-11911.613569972855,-0.9633930019220383
2022-09-30,38631.5,17094.349609375,2.9250987888875537,-11371.161339203238,-0.8273670470912862
2022-10-03,38029.20703125,16887.349609375,2.8935689740987556,-10835.503853196242,-0.6928585654817245
2022-10-04,39109.59765625,17274.30078125,2.8817968780249914,-10671.428405220919,-0.633594941136024
2022-10-06,39282.39453125,17331.80078125,2.867415785620563,-10415.08462213706,-0.5544360203657396
2022-10-07,39177.59375,17314.650390625,2.8692893408316555,-10503.148056046972,-0.5489945671535377
2022-10-10,39092.6484375,17241.0,2.8758131878265134,-10489.246733816915,-0.5219020957329368
2022-10-11,38712.0,16983.55078125,2.8601801736536747,-9864.015222771624,-0.3453182061239966
2022-10-12,39118.09765625,17123.599609375,2.8382701646842086,-9483.304227037232,-0.21407363871618923
2022-10-13,38623.55078125,17014.349609375,2.7724366852338034,-8547.656251174682,0.0945214981535922
2022-10-14,39305.14453125,17185.69921875,2.7098478559876096,-7265.485650327624,0.5648349981140596
2022-10-17,39919.984375,17311.80078125,2.662979252537003,-6180.981929522626,1.0694537071151746
2022-10-18,40318.28125,17486.94921875,2.609495280310424,-5313.830203356185,1.5862071109387086
2022-10-19,40372.73046875,17512.25,2.551704244801526,-4313.352192275524,2.2234547715975577
2022-10-20,40099.0859375,17563.94921875,2.512904569817508,-4037.4423183395265,2.5156045122777364
2022-10-21,40783.578125,17576.30078125,2.4927295456041034,-3029.3861348463615,2.968404703477018
2022-10-24,41304.41796875,17730.75,2.4923490116757168,-2886.7992700192117,2.8899641780547225
2022-10-25,41122.2734375,17656.349609375,2.4706407475972783,-2500.22336124516,2.8401728606953074
2022-10-27,41298.8203125,17736.94921875,2.4677470851378596,-2471.4844213085453,2.633208409542014
2022-10-28,40990.375,17786.80078125,2.443101822349979,-2464.5904024479096,2.4511646153130515
2022-10-31,41307.41796875,18012.19921875,2.460659096328151,-3014.463883741999,2.1179422112987742
2022-11-01,41289.0703125,18145.400390625,2.450346733910268,-3173.4522701620663,1.954778606878536
2022-11-02,41146.171875,18082.849609375,2.4387948324469764,-2954.188308259574,1.9282273963926246
2022-11-03,41297.87109375,18052.69921875,2.4326009540934064,-2617.1422497425447,1.937984546652991
2022-11-04,41257.96875,18117.150390625,2.414512061846392,-2486.1093944491367,1.8843694794552097
2022-11-07,41686.21484375,18202.80078125,2.440252617942323,-2733.217416577878,1.7275467189365665
2022-11-09,41782.71484375,18157.0,2.47409575767095,-3139.441828281444,1.5411249857440426
2022-11-10,41603.265625,18028.19921875,2.521703654882932,-3858.51023587949,1.2817415803759944
2022-11-11,42136.5625,18349.69921875,2.5645269848078014,-4921.736309591004,0.9402898435710438
2022-11-14,42076.26171875,18329.150390625,2.617982143223312,-5909.126704360839,0.6332452768621906
2022-11-15,42372.20703125,18403.400390625,2.693659498129745,-7200.287228841684,0.2464751988729785
2022-11-16,42534.8046875,18409.650390625,2.766997179055676,-8404.646010760596,-0.10774991330736845
2022-11-17,42457.55859375,18343.900390625,2.810953646862664,-9106.295106962789,-0.31059520152600606
2022-11-18,42436.95703125,18307.650390625,2.813744467380571,-9076.092966108845,-0.29814202805992474
2022-11-21,42346.05859375,18159.94921875,2.835498006356375,-9146.441211548634,-0.3144992027373534
2022-11-22,42456.55859375,18244.19921875,2.8555872114716903,-9641.343378854304,-0.45244907807512597
2022-11-23,42728.60546875,18267.25,2.8768172551901783,-9822.934536122782,-0.49774260335747605
2022-11-24,43074.8984375,18484.099609375,2.8883187137511497,-10313.072371098126,-0.631076224548794
2022-11-25,42983.44921875,18512.75,2.86340211046139,-10025.9982016941,-0.5404028026390895
2022-11-28,43019.94921875,18562.75,2.8689261802300767,-10235.210233315855,-0.5937665245371514
2022-11-29,43052.94921875,18618.05078125,2.851446651577083,-10035.42934033741,-0.5293152818920253
2022-11-30,43230.49609375,18758.349609375,2.820395930108761,-9675.476800088516,-0.4216463544680581
2022-12-01,43260.14453125,18812.5,2.78892311521274,-9206.471573689669,-0.2864822877509522
2022-12-02,43103.25,18696.099609375,2.7705247062853573,-8694.755878945456,-0.14311113991730132
2022-12-05,43332.4453125,18701.05078125,2.7605504825809253,-8292.749446450078,-0.03417406256591324
2022-12-06,43138.05078125,18642.75,2.7575633314953625,-8270.513016985169,-0.034906574116059554
2022-12-07,43098.19921875,18560.5,2.7624981980715115,-8175.148586556286,-0.015174977710287594
2022-12-08,43596.34375,18609.349609375,2.784153720121553,-8214.946193983975,-0.03619350463887663
2022-12-09,43632.94140625,18496.599609375,2.817784208265365,-8486.484879654192,-0.12563376705948104
2022-12-12,43708.2421875,18497.150390625,2.844090702243133,-8899.3312564695,-0.2555838863597724
2022-12-13,43946.0390625,18608.0,2.869444244632148,-9448.57944161501,-0.4268145046899999
2022-12-14,44048.58984375,18660.30078125,2.903671548794242,-10134.794626708594,-0.6342272236910894
2022-12-15,43497.6953125,18414.900390625,2.9288444380675935,-10436.68327415079,-0.7319204667151283
2022-12-16,43218.99609375,18269.0,2.94604681242779,-10602.333122493292,-0.7944188635558315
2022-12-19,43413.24609375,18420.44921875,2.9658015338720225,-11218.15045383045,-0.9947752086911168
2022-12-20,43358.99609375,18385.30078125,2.982560188215113,-11476.270064766468,-1.0945004301571182
2022-12-21,42617.453125,18199.099609375,2.988271840592612,-11766.403761835318,-1.203892076137819
2022-12-22,42408.30859375,18127.349609375,2.9920479918457485,-11829.591402466285,-1.2356857647506363
2022-12-23,41667.56640625,17806.80078125,2.9736255676755454,-11283.19167537988,-1.0803673912468337
2022-12-26,42629.65234375,18014.599609375,2.9466698659769994,-10453.425472836338,-0.8379392600136104
2022-12-27,42859.0,18132.30078125,2.9173386642843893,-10039.062141574665,-0.7236220565614283
2022-12-28,42827.203125,18122.5,2.8997561821534448,-9723.6282860758,-0.6363007263217766
2022-12-29,43251.84765625,18191.0,2.8761438899649203,-9068.085846101865,-0.43677489635754874
2022-12-30,42985.94921875,18105.30078125,2.849014574686942,-8596.316586122128,-0.2964756934725625
2023-01-02,43203.1015625,18197.44921875,2.8255420411270675,-8214.556246353037,-0.1844488054245155
2023-01-03,43425.25,18232.55078125,2.7955525864315134,-7544.804493767348,0.020675368356598743
2023-01-04,42958.80078125,18042.94921875,2.745763957324487,-6582.878867429761,0.32150236879640093
2023-01-05,42608.69921875,17992.150390625,2.7008416230873906,-5985.249445098052,0.5017390590096275
2023-01-06,42188.80078125,17859.44921875,2.6399325623982506,-4958.940757826123,0.8199825589582708
2023-01-09,42582.75,18101.19921875,2.5457919864321696,-3499.1379159060016,1.2655514590390942
2023-01-10,42014.75,17914.150390625,2.4609508554070403,-2071.093727698957,1.6686170831449092
2023-01-11,42232.69921875,17895.69921875,2.391986097306648,-573.5645140814377,2.0466371044491534
2023-01-12,42082.25,17858.19921875,2.3163340057791815,716.6958676301656,2.31016650742943
2023-01-13,42371.25,17956.599609375,2.2338420527268825,2259.0426685990096,2.588849463566575
2023-01-16,42167.55078125,17894.849609375,2.0917807960507515,4735.448020143085,3.0003208890931403
2023-01-17,42235.05078125,18053.30078125,2.037433600931412,5452.649161809946,2.9318489044692457
2023-01-18,42458.0,18165.349609375,2.012431567333369,5901.477014446864,2.8128720128763502
2023-01-19,42328.8515625,18107.849609375,1.9743365213172555,6577.862756190538,2.753327362454727
2023-01-20,42506.80078125,18027.650390625,1.9192955630744764,7906.411373865587,2.805243762856703
2023-01-23,42821.25,18118.55078125,1.8141214549395304,9951.998295322985,2.93977472511354
2023-01-24,42733.44921875,18118.30078125,1.7439490914878326,11136.055031985776,2.889491154685747
2023-01-25,41647.6484375,17891.94921875,1.7455236978466437,10416.82707550313,2.571539372861227
2023-01-27,40345.30078125,17604.349609375,1.8752976909078458,7331.904608854624,1.9781392246674352
2023-01-30,40387.44921875,17648.94921875,1.9809343133895607,5426.040116058248,1.6237775441472349
2023-01-31,40655.05078125,17662.150390625,2.0507445926484222,4434.491373132565,1.4307673037865654
2023-02-01,40513.0,17616.30078125,2.144102854531269,2741.839208640449,1.1503823341609793
2023-02-02,40669.30078125,17610.400390625,2.2034146999287856,1866.2856889152463,0.9995974215108641
2023-02-03,41499.69921875,17854.05078125,2.203461067469428,2158.993425643501,1.0189738360728637
2023-02-06,41374.6484375,17764.599609375,2.2389872585085735,1599.9362596029896,0.9145927623422992
2023-02-07,41490.94921875,17721.5,2.2571879235461525,1490.1934316268598,0.8751350684549493
2023-02-08,41537.6484375,17871.69921875,2.2962815635382667,499.1950123831266,0.7113175655857901
2023-02-09,41554.30078125,17893.44921875,2.33149175961442,-164.12862334470992,0.5959416091695292
2023-02-10,41559.3984375,17856.5,2.356342725072048,-516.6354327490262,0.5255452892938626
2023-02-13,41282.19921875,17770.900390625,2.384448482036028,-1091.5972420892358,0.42468464602329814
2023-02-14,41648.3515625,17929.849609375,2.3952720562312244,-1298.5161792642684,0.37719820045565405
2023-02-15,41731.05078125,18015.849609375,2.4077024703481467,-1645.7548286628808,0.30911260965757065
2023-02-16,41631.3515625,18035.849609375,2.417892491899226,-1977.3937930313987,0.2432201586719061
2023-02-17,41131.75,17944.19921875,2.4539154684759557,-2901.7980323047814,0.09023696131153726
2023-02-20,40701.69921875,17844.599609375,2.5206505922522964,-4278.30135512619,-0.12855090601117328
2023-02-21,40673.6015625,17826.69921875,2.598563559237058,-5650.209408823481,-0.34723124230068764
2023-02-22,39995.8984375,17554.30078125,2.726706549892885,-7869.528481524161,-0.6894017664735648
2023-02-23,40001.55078125,17511.25,2.8883113238951172,-10576.390889308372,-1.0932445219538605
2023-02-24,39909.3984375,17465.80078125,3.08768479678631,-14019.48909846408,-1.575899178630037
2023-02-27,40307.1015625,17392.69921875,3.191498343210044,-15201.669178091252,-1.700496832809342
2023-02-28,40269.05078125,17303.94921875,3.249423473718361,-15958.807998186749,-1.7513260909066937
2023-03-01,40698.1484375,17450.900390625,3.3254619240777266,-17334.15635239656,-1.8731975946534816
2023-03-02,40389.80078125,17321.900390625,3.3514557327366212,-17663.781584802877,-1.8462106123850586
2023-03-03,41251.3515625,17594.349609375,3.3861829665993004,-18326.335393158683,-1.8600835867514067
2023-03-06,41350.3984375,17711.44921875,3.397446100314805,-18823.295641665885,-1.8507861898778417
2023-03-08,41577.1015625,17754.400390625,3.4025129173577198,-18832.475106542508,-1.7851994733988286
2023-03-09,41256.75,17589.599609375,3.409291001073751,-18711.31366073255,-1.7118884822445701
2023-03-10,40485.44921875,17412.900390625,3.4391379294867197,-19399.916977022556,-1.736670294345711
2023-03-13,39564.69921875,17154.30078125,3.406738216833191,-18875.512835785834,-1.6259383679425332
2023-03-14,39411.3984375,17043.30078125,3.3198590749759647,-17169.958328677763,-1.3961131076170807
2023-03-15,39051.5,16972.150390625,3.2922072534704427,-16824.336623006835,-1.3308460777672297
2023-03-16,39132.6015625,16985.599609375,3.2597635822640285,-16236.437467058735,-1.2438659904471279
2023-03-17,39598.1015625,17100.05078125,3.234710316843277,-15715.60911815332,-1.1694339512428287
2023-03-20,39361.94921875,16988.400390625,3.1920451540442762,-14865.791923108423,-1.0633386120636015
2023-03-21,39894.69921875,17107.5,3.139964334064983,-13822.2406262667,-0.9390458905474418
2023-03-22,39999.05078125,17151.900390625,3.085522690367775,-12923.527056951345,-0.8322838799581092
2023-03-23,39616.8984375,17076.900390625,3.0439999950182663,-12365.18626648993,-0.7642596569404745
2023-03-24,39395.3515625,16945.05078125,2.984745834213565,-11181.318167373254,-0.6303477546972127
2023-03-27,39431.30078125,16985.69921875,2.923206351711873,-10221.403063267397,-0.5222329162665508
2023-03-28,39567.8984375,16951.69921875,2.850313684460106,-8749.761820554806,-0.36035519327229737
2023-03-29,39910.1484375,17080.69921875,2.7849918574682904,-7659.459806583742,-0.2417543332713656
2023-03-31,40608.6484375,17359.75,2.7215132601539413,-6636.141380457382,-0.1310942725362697
2023-04-03,40813.05078125,17398.05078125,2.6674211175633826,-5594.877277096355,-0.018537152977093466
2023-04-05,40999.1484375,17557.05078125,2.6359871663452354,-5281.012100746593,0.014652180752993868
2023-04-06,41041.0,17599.150390625,2.617170593786994,-5018.9788779786395,0.04354768226670254
2023-04-10,40834.6484375,17624.05078125,2.5933627668486885,-4870.908659644287,0.06234715772503839
2023-04-11,41366.5,17722.30078125,2.583446525774291,-4418.116382047316,0.11652835802635332
2023-04-12,41557.94921875,17812.400390625,2.563650064175218,-4106.8121857904625,0.15761517906108283
2023-04-13,42132.55078125,17828.0,2.565630657992154,-3607.5125894341254,0.22143194481470094
2023-04-17,42262.55078125,17706.849609375,2.5557721068314776,-2992.121550250471,0.30096271627999327
2023-04-18,42265.19921875,17660.150390625,2.5472569834173298,-2719.742191969817,0.34882847103382997
2023-04-19,42154.0,17618.75,2.5442222503661616,-2672.0157736388064,0.37421196980081767
2023-04-20,42269.5,17624.44921875,2.5484877035071536,-2646.192115070633,0.3991826131549446
2023-04-21,42118.0,17624.05078125,2.5536929240623767,-2888.4137733941243,0.39629732137728435
2023-04-24,42635.75,17743.400390625,2.56007636589149,-2788.709990588897,0.43893421874052624
2023-04-25,42678.5,17769.25,2.558887859712445,-2791.018101195368,0.4796811706886964
2023-04-26,42829.8984375,17813.599609375,2.5792976897695556,-3116.6778814407953,0.48882818589330546
2023-04-27,43000.8515625,17915.05078125,2.6632461095595525,-4711.337733225882,0.328943551809243
2023-04-28,43233.8984375,18065.0,2.751537512036511,-6472.626717439569,0.1254353881344082
2023-05-02,43352.1015625,18147.650390625,2.8348728200624094,-8094.179277877782,-0.0726159496883138
2023-05-03,43312.69921875,18089.849609375,2.9090082002453057,-9310.821636126217,-0.22100251950338104
2023-05-04,43685.44921875,18255.80078125,2.974654781461305,-10619.255864600345,-0.3898489599922999
2023-05-05,42661.19921875,18069.0,2.983725094678042,-11251.729516987543,-0.4606679787666508
2023-05-08,43284.0,18264.400390625,3.009950616182404,-11690.943209963858,-0.5030018264060913
2023-05-09,43198.1484375,18265.94921875,3.017257084183549,-11914.916242110397,-0.5129214584170304
2023-05-10,43331.05078125,18315.099609375,3.017094313462856,-11927.332100701082,-0.48949443591260416
2023-05-11,43475.30078125,18297.0,3.044515833919895,-12230.205431982322,-0.5139397832345565
2023-05-12,43793.55078125,18314.80078125,3.090855206193067,-12814.846563865416,-0.5861813727538461
2023-05-15,44072.1015625,18398.849609375,3.1310540957448145,-13535.691863926477,-0.6825059157795278
2023-05-16,43903.69921875,18286.5,3.170131508862388,-14066.910618062058,-0.7472762729088696
2023-05-17,43698.69921875,18181.75,3.218590498060269,-14820.908569357292,-0.8509415704158377
2023-05-18,43752.30078125,18129.94921875,3.2843111971180594,-15792.09444107244,-0.9920772301235318
2023-05-19,43969.3984375,18203.400390625,3.359065787942227,-17177.021038862615,-1.203052748635548
2023-05-22,43885.1015625,18314.400390625,3.4039540221732056,-18456.275310858495,-1.386733879417829
2023-05-23,43954.44921875,18348.0,3.4313086279387814,-19003.20148667076,-1.4324781537397946
2023-05-24,43677.8515625,18285.400390625,3.448812585884112,-19385.067442617757,-1.4449875091830109
2023-05-25,43681.3984375,18321.150390625,3.4266397381719917,-19098.583540040934,-1.343724007111492
2023-05-26,44018.0,18499.349609375,3.382543966672723,-18556.8634085608,-1.2101191581944053
2023-05-29,44311.8984375,18598.650390625,3.3326781430871333,-17671.417210254913,-1.0381625264390733
2023-05-30,44436.3515625,18633.849609375,3.295361713000969,-16968.923006052442,-0.9088867535215582
2023-05-31,44128.1484375,18534.400390625,3.2696160863938215,-16472.225231351433,-0.8214941617502102
2023-06-01,43790.19921875,18487.75,3.2389597782847024,-16090.879422233003,-0.7622452812457
2023-06-02,43937.8515625,18534.099609375,3.2100121082091255,-15556.832598347777,-0.6802862658153294
2023-06-05,44101.6484375,18593.849609375,3.1826783945542747,-15076.594985849253,-0.6120103906511458
2023-06-06,44164.55078125,18599.0,3.159083085208906,-14591.235520550443,-0.5460925092412722
2023-06-07,44275.30078125,18726.400390625,3.1211304848838126,-14172.238350069827,-0.49220951200922386
2023-06-08,43995.25,18634.55078125,3.0900758243089785,-13586.924865998611,-0.40865198218129656
2023-06-09,43989.0,18563.400390625,3.0645656398411383,-12899.758995722943,-0.3097169103275798
2023-06-12,43944.19921875,18601.5,3.0217206654164883,-12264.337738994807,-0.21692353443081208
2023-06-13,44079.8515625,18716.150390625,2.971534636972943,-11535.837594036864,-0.09951023360077486
2023-06-14,43988.0,18755.900390625,2.9004462255058954,-10412.480493952833,0.09340962622666653
2023-06-15,43443.6015625,18688.099609375,2.8193151160946908,-9244.040157294221,0.2965659597147313
2023-06-16,43938.1484375,18826.0,2.7446135089592496,-7731.945482166833,0.564737370230077
2023-06-19,43633.75,18755.44921875,2.668137651965582,-6408.370240075339,0.7936580389318955
2023-06-20,43766.5,18816.69921875,2.6006085567101223,-5168.3689973219225,1.0004429884895412
2023-06-21,43859.19921875,18856.849609375,2.5298557917040156,-3845.9109788189453,1.2127119103448183
2023-06-22,43724.8515625,18771.25,2.4493639036615025,-2252.7706141059753,1.4585695214487227
2023-06-23,43622.8984375,18665.5,2.371746125565016,-646.9288692338087,1.6841383481337922
2023-06-26,43641.05078125,18691.19921875,2.273514663703888,1146.3352752112187,1.9135969797094832
2023-06-27,44121.5,18817.400390625,2.1777553243642616,3141.8061086222733,2.1416893350639614
2023-06-28,44327.80078125,18972.099609375,2.0647952924037227,5154.298820797994,2.3313302404183687
2023-06-30,44747.3515625,19189.05078125,1.9639880120667634,7060.28586518464,2.4661509724183213
2023-07-03,45158.1015625,19322.55078125,1.8850144314936126,8734.814486575575,2.5385693976399746
2023-07-04,45301.44921875,19389.0,1.8118238440537473,10171.996706391896,2.557731689963123
2023-07-05,45151.80078125,19398.5,1.7272486608155972,11645.76763441864,2.567104101758314
2023-07-06,45339.8984375,19497.30078125,1.632720470298663,13506.256336383009,2.604896981589452
2023-07-07,44925.0,19331.80078125,1.5604121023108573,14759.424101475015,2.5636692149717444
2023-07-10,44860.8515625,19355.900390625,1.491379955557198,15993.849698160135,2.5199891177078984
2023-07-11,44745.05078125,19439.400390625,1.432885215240441,16890.621368384185,2.4466766422195305
2023-07-12,44639.44921875,19384.30078125,1.3871129820169907,17751.23395775603,2.3779589348424484
2023-07-13,44665.05078125,19413.75,1.3428112839629562,18596.04821721416,2.3139692189293344
2023-07-14,44819.30078125,19564.5,1.287137603972651,19637.09712832707,2.270426703998073
2023-07-17,45449.75,19711.44921875,1.2691700180075505,20432.569640084144,2.2093685226545077
2023-07-18,45410.8515625,19749.25,1.2330134633255605,21059.760421917676,2.13994135854237
2023-07-19,45669.30078125,19833.150390625,1.23444128255813,21186.4411758786,2.0408308557108836
2023-07-20,46186.8984375,19979.150390625,1.2626781480690719,20959.66182227215,1.9273251237765745
2023-07-21,46075.19921875,19745.0,1.2963836359328025,20478.104327256817,1.8075906826371946
2023-07-24,45923.05078125,19672.349609375,1.3236424425100668,19883.893894384917,1.690045909773932
2023-07-25,45845.0,19680.599609375,1.3460291951894974,19354.33834694623,1.5858053088544326
2023-07-26,46062.3515625,19778.30078125,1.3735387572291904,18896.08888731675,1.4936891185402426
2023-07-27,45679.30078125,19659.900390625,1.3871700042039716,18407.676673737056,1.4058198909799657
2023-07-28,45468.1015625,19646.05078125,1.3961551218131454,18039.167140856665,1.331094453049047
2023-07-31,45651.1015625,19753.80078125,1.3729006780591857,18531.095075675803,1.3155214768541565
2023-08-01,45592.5,19733.55078125,1.3663614760136835,18629.33642754027,1.275575370876851
2023-08-02,44995.69921875,19526.55078125,1.3449649346052328,18733.173124180335,1.2379763351170954
2023-08-03,44513.44921875,19381.650390625,1.3217760611836677,18895.247706190792,1.20580010564795
2023-08-04,44879.5,19517.0,1.3065344786218513,19379.86658073733,1.1950422350212826
2023-08-07,44837.5,19597.30078125,1.2972146071909143,19415.595165048584,1.1569844253975095
2023-08-08,44964.44921875,19570.849609375,1.300544568585597,19511.68705667179,1.124378641503773
2023-08-09,44880.69921875,19632.55078125,1.3001778443047785,19354.89166578028,1.0776370513582159
2023-08-10,44541.80078125,19543.099609375,1.2963858951997276,19206.402099172945,1.0333231520152517
2023-08-11,44199.1015625,19428.30078125,1.3041652940752366,18861.385960738946,0.9785497111499034
2023-08-14,44090.94921875,19434.55078125,1.3189908710736271,18456.954154864423,0.9219774504547524
2023-08-16,43946.3984375,19465.0,1.315061343829105,18348.729379866472,0.8859402399251891
2023-08-17,43891.3515625,19365.25,1.3242924968936742,18246.096287029774,0.8513889134431991
2023-08-18,43851.05078125,19310.150390625,1.331412514102829,18141.274901964243,0.817662004349091
2023-08-21,44002.0,19393.599609375,1.3331319555928682,18147.77262676882,0.791996116745694
2023-08-22,43993.25,19396.44921875,1.3400714777428944,18000.621632464678,0.756193041683951
2023-08-23,44479.05078125,19444.0,1.360931560431937,18017.097520211417,0.731986232296543
2023-08-24,44496.19921875,19386.69921875,1.3914003934083943,17521.53829889104,0.6709160169013815
2023-08-25,44231.44921875,19265.80078125,1.4249233526624854,16779.15977780372,0.590557363364243
2023-08-28,44494.6484375,19306.05078125,1.4450732006480904,16595.991843164495,0.5513452680753417
2023-08-29,44495.25,19342.650390625,1.4729169961881436,16005.1314883232,0.4788858372433643
2023-08-30,44232.6015625,19347.44921875,1.50712458890062,15073.585112415785,0.37546655607419654
2023-08-31,43989.1484375,19253.80078125,1.55836060755194,13984.78375434723,0.2531265722222544
2023-09-01,44436.1015625,19435.30078125,1.5914631347766068,13505.53685584564,0.1780557515823552
2023-09-04,44578.30078125,19528.80078125,1.62098331616666,12922.440530101314,0.08789605870092446
2023-09-05,44532.1484375,19574.900390625,1.6687002340638422,11867.507573887666,-0.05676363962862903
2023-09-06,44409.1015625,19611.05078125,1.70382947951922,10995.215117057822,-0.19592589762223372
2023-09-07,44878.3515625,19727.05078125,1.7359215538844828,10633.738916754402,-0.29242641474697223
2023-09-08,45156.3984375,19819.94921875,1.7576385915923347,10320.090807224653,-0.3932508131373635
2023-09-11,45570.69921875,19996.349609375,1.7397022298407157,10783.00521464579,-0.4050742248424342
2023-09-12,45511.3515625,19993.19921875,1.7439518517517685,10644.174762518924,-0.49863253806399266
2023-09-13,45909.44921875,20070.0,1.7577402218518183,10631.602966184008,-0.5833137635261078
2023-09-14,46000.8515625,20103.099609375,1.7779572588218138,10258.399687193749,-0.7356683590106319
2023-09-15,46231.5,20192.349609375,1.8093499027092388,9696.474198806405,-0.9387255614470956
2023-09-18,45979.8515625,20133.30078125,1.8299271082807835,9137.378683719944,-1.1594626428092278
2023-09-20,45384.6015625,19901.400390625,1.8655278624669156,8257.984631679108,-1.455618191396323
2023-09-21,44623.8515625,19742.349609375,1.897525258543326,7162.244515717975,-1.7940284013993808
2023-09-22,44612.05078125,19674.25,2.0002575104965263,5258.484455363716,-2.261456981502445
2023-09-25,44766.1015625,19674.55078125,2.0943229552830633,3561.2382264457992,-2.5955731982628585
2023-09-26,44624.19921875,19664.69921875,2.1606620662234453,2135.429573103058,-2.773208957991851
2023-09-27,44588.30078125,19716.44921875,2.2068275295906647,1077.4978595361463,-2.8068836907086667
2023-09-28,44300.94921875,19523.55078125,2.274884787224469,-112.87944612001593,-2.820111736621892
2023-09-29,44584.55078125,19638.30078125,2.316946637194137,-916.3441740741837,-2.7435187185134566
2023-10-03,44399.05078125,19528.75,2.349950118986515,-1492.537604907906,-2.6294709382580783
2023-10-04,43964.05078125,19436.099609375,2.4411196848643364,-3481.7945721793512,-2.715000795374585
2023-10-05,44213.3515625,19545.75,2.5034648777033275,-4718.7470708698165,-2.6720735390012536
2023-10-06,44360.6015625,19653.5,2.5139883721007923,-5048.068908582922,-2.520626934249145
2023-10-09,43886.5,19512.349609375,2.568542993170094,-6231.808869445376,-2.4897729945877822
2023-10-10,44360.1484375,19689.849609375,2.577200987669162,-6384.551422838515,-2.3464601092483774
2023-10-11,44516.8984375,19811.349609375,2.528558985390043,-5577.267629988681,-2.1219846145644854
2023-10-12,44599.19921875,19794.0,2.48078163147228,-4505.39239461231,-1.89924813208578
2023-10-13,44287.94921875,19751.05078125,2.435049409103573,-3806.8353153074786,-1.7404612446722636
2023-10-16,44225.8984375,19731.75,2.3808188876310807,-2751.824648514579,-1.5580077861324129
2023-10-17,44409.5,19811.5,2.2581101376488637,-327.0489920304608,-1.2412667122417818
2023-10-18,43888.69921875,19671.099609375,2.1979585467608893,652.4377081394268,-1.0940138327810156
2023-10-19,43754.5,19624.69921875,2.179183119818663,988.6867309814916,-1.021652259323851
2023-10-20,43723.05078125,19542.650390625,2.180167975891633,1116.7902355632687,-0.974244849387869
2023-10-23,43151.19921875,19281.75,2.2078898687086137,579.218742777688,-1.0009626358789807
2023-10-25,42832.0,19122.150390625,2.2977000632670226,-1104.9661623405846,-1.151186705925378
2023-10-26,42280.1484375,18857.25,2.39881690391688,-2954.941623886589,-1.3116608353291135
2023-10-27,42782.0,19047.25,2.4231498118113226,-3372.3402530232124,-1.3113511580562043
2023-10-30,43039.1484375,19140.900390625,2.4309419075712757,-3491.2684707177104,-1.2796531167005543
2023-10-31,42845.94921875,19079.599609375,2.4792084323290884,-4456.355018275281,-1.339242863187764
2023-11-01,42700.94921875,18989.150390625,2.5330286960363066,-5399.11363405217,-1.3937649076356171
2023-11-02,43017.19921875,19133.25,2.5604259682576265,-5972.070938415229,-1.4078688309401775
2023-11-03,43318.25,19230.599609375,2.568300326451604,-6071.705254617904,-1.372504539881789
2023-11-06,43619.3984375,19411.75,2.5736186767232505,-6339.043910382556,-1.35738034539882
2023-11-07,43737.8984375,19406.69921875,2.571669570222234,-6169.719401814975,-1.29750167641661
2023-11-08,43658.6484375,19443.5,2.5779065948222586,-6464.878438926586,-1.289961800885977
2023-11-09,43683.6015625,19395.30078125,2.588460638618706,-6520.371083936261,-1.2575296004601673
2023-11-10,43820.1015625,19425.349609375,2.5936793917384855,-6563.027396651174,-1.2251227782102299
2023-11-13,43891.25,19443.55078125,2.5941216664310254,-6547.686353992518,-1.188265043926265
2023-11-15,44201.69921875,19675.44921875,2.586751900098891,-6693.806433150799,-1.1712464590283254
2023-11-16,44161.55078125,19765.19921875,2.5676929103245576,-6589.411123886857,-1.1276729046348963
2023-11-17,43583.94921875,19731.80078125,2.531755004889919,-6372.1361646705045,-1.073211888825785
2023-11-20,43584.94921875,19694.0,2.509033841882463,-5827.963263283222,-0.9818069122200722
2023-11-21,43689.1484375,19783.400390625,2.4730925091843026,-5237.030874748496,-0.88544115502895
2023-11-22,43449.6015625,19811.849609375,2.432965157624794,-4751.938245211757,-0.8010329728789076
2023-11-23,43577.5,19802.0,2.4288579679220534,-4518.745480792502,-0.7472646681312679
2023-11-24,43769.1015625,19794.69921875,2.4447717974178653,-4624.420825869449,-0.7383196943539386
2023-11-28,43880.94921875,19889.69921875,2.4308745754768917,-4468.414925991972,-0.6939948751578487
2023-11-29,44566.44921875,20096.599609375,2.38818546494181,-3427.9578631146287,-0.5212295143332907
2023-11-30,44481.75,20133.150390625,2.3444414098275352,-2719.2414860666686,-0.3897484309785134
2023-12-01,44814.19921875,20267.900390625,2.2721035847378905,-1236.569913899555,-0.1311307391517877
2023-12-04,46431.3984375,20686.80078125,2.2635077725258865,-393.3359195539597,0.03929286830687583
2023-12-05,47012.25,20855.099609375,2.2823573679253295,-586.5402522736913,0.043279711500907786
2023-12-06,46834.55078125,20937.69921875,2.2473787998422314,-220.3905604419997,0.1432448875655442
2023-12-07,46841.3984375,20901.150390625,2.230715813546564,216.87173981787055,0.26160446428662804
2023-12-08,47262.0,20969.400390625,2.2410749893110684,268.001243720566,0.3142419066856821
2023-12-11,47314.25,20997.099609375,2.241857739238976,241.7397391509803,0.3599068370102553
2023-12-12,47097.55078125,20906.400390625,2.24262061970289,212.4261814698184,0.41045267071484126
2023-12-13,47092.25,20926.349609375,2.234189250412963,338.8246523508642,0.5037272407739986
2023-12-14,47732.30078125,21182.69921875,2.233135624802128,428.46052639116533,0.5996891796773705
2023-12-15,48143.55078125,21456.650390625,2.2161578092624645,592.227457451896,0.7252056574442795
2023-12-18,47867.69921875,21418.650390625,2.1952804212899433,847.7553657567405,0.8907494358739919
2023-12-19,47870.8984375,21453.099609375,2.1829275685574805,1040.3358691855974,1.0514068620233135
2023-12-20,47445.30078125,21150.150390625,2.1884979213840827,1158.2406144064444,1.192161876962858
2023-12-21,47840.1484375,21255.05078125,2.2036215835711057,1002.059776037604,1.217657466506038
2023-12-22,47491.8515625,21349.400390625,2.194499853162381,640.5955401685569,1.143518954645884
2023-12-26,47724.8515625,21441.349609375,2.1877215804234176,817.1483086670996,1.2254443742278955
2023-12-27,48282.19921875,21654.75,2.18387405921675,990.9524349260828,1.287292402110792
2023-12-28,48508.55078125,21778.69921875,2.1829197021334132,967.3991698030513,1.2640804432696033
2023-12-29,48292.25,21731.400390625,2.177880266076019,963.8619350611189,1.2393475545405204
2024-01-01,48234.30078125,21741.900390625,2.1739455992471064,968.5921077818348,1.2129267104064552
2024-01-02,47761.6484375,21665.80078125,2.1599684302024578,964.2027349442578,1.1730766732559186
2024-01-03,47704.94921875,21517.349609375,2.1569420267075023,1293.2735429308013,1.2387242355929602
2024-01-04,48195.8515625,21658.599609375,2.157737306931814,1462.2831694527413,1.249820459656804
2024-01-05,48159.0,21710.80078125,2.1532892470227565,1409.3661334811113,1.1928376663670164
2024-01-08,47450.25,21513.0,2.144268230139504,1320.607565008846,1.1274540822108314
2024-01-09,47242.6484375,21544.849609375,2.128179077068781,1391.3502802346266,1.1134678454553186
2024-01-10,47360.8515625,21618.69921875,2.1132938512067354,1674.187432427767,1.166584987265169
2024-01-11,47438.3515625,21647.19921875,2.0981075843411454,2020.1987018969085,1.236665384001671
2024-01-12,47709.80078125,21894.55078125,2.0751119816288863,2276.156122696033,1.2758733303334557
2024-01-15,48158.30078125,22097.44921875,2.052732681287281,2798.1445968357802,1.4053504707391664
2024-01-16,48125.1015625,22032.30078125,2.033608154148,3320.035039108654,1.5321696073035524
2024-01-17,46064.44921875,21571.94921875,2.0011340460116305,2896.0871982753815,1.3745085865686313
2024-01-18,45713.55078125,21462.25,1.9735701898086135,3356.2939750300866,1.485131502176018
2024-01-19,45701.1484375,21622.400390625,1.9362206970381899,3835.4092815252297,1.5849891604786455
2024-01-23,45015.05078125,21238.80078125,1.9132968829436094,4378.919449024077,1.6782842291226345
2024-01-24,45082.3984375,21453.94921875,1.877078480602534,4811.652035044826,1.7242441132555093
2024-01-25,44866.1484375,21352.599609375,1.8496597324172983,5371.104757609726,1.7960210732571704
2024-01-29,45442.3515625,21737.599609375,1.8075786340135234,6149.930953853036,1.9121906999525813
2024-01-30,45367.75,21522.099609375,1.7774941952071819,7112.342875665177,2.0574274392669833
2024-01-31,45996.80078125,21725.69921875,1.744908586405868,8087.441668781867,2.1875055044610154
2024-02-01,46188.6484375,21697.44921875,1.7197892501485983,8873.60851544865,2.2579383884885185
2024-02-02,45970.94921875,21853.80078125,1.6850945851575592,9145.227857153586,2.205003345128181
2024-02-05,45825.55078125,21771.69921875,1.6537711745875883,9820.142191490137,2.2457420989657355
2024-02-06,45690.80078125,21929.400390625,1.6128089665898413,10322.86719931123,2.2418992487247467
2024-02-07,45818.5,21930.5,1.5697554363151618,11392.978403890345,2.3531743552857622
2024-02-08,45012.0,21717.94921875,1.5327053717811043,11724.782568352639,2.3028171289369124
2024-02-09,45634.55078125,21782.5,1.5059431851272436,12831.343351215815,2.405420322568542
2024-02-12,44882.25,21616.05078125,1.4829347320193427,12827.057527390527,2.2857466590240763
2024-02-13,45502.3984375,21743.25,1.457655598230695,13808.228351270442,2.3623222157899013
2024-02-14,45908.30078125,21840.05078125,1.4238710661326472,14810.884390960407,2.428634125681559
2024-02-15,46218.8984375,21910.75,1.3580276799637776,16463.49344873366,2.588438009129813
2024-02-16,46384.8515625,22040.69921875,1.2785973110658175,18203.672807395786,2.7206485909680285
2024-02-19,46535.5,22122.25,1.186512081891873,20287.18309636751,2.8608905232453123
2024-02-20,47094.19921875,22196.94921875,1.0732343767862569,23271.670257408652,3.071480270258484
2024-02-21,47019.69921875,22055.05078125,0.947483487538063,26122.90278670217,3.1853145881565936
2024-02-22,46919.80078125,22217.44921875,0.7868900651991518,29437.110716948966,3.2940507654510407
2024-02-23,46811.75,22212.69921875,0.5798129605219027,33932.53910479401,3.4554513119148362
2024-02-26,46576.5,22122.05078125,0.3935659391659482,37870.014308000544,3.4713393561642096
2024-02-27,46588.05078125,22198.349609375,0.1269825853091931,43769.24695825425,3.594370812207152
2024-02-28,45963.1484375,21951.150390625,-0.18691740698035808,50066.2005487515,3.6488939620075023
2024-02-29,46120.8984375,21982.80078125,-0.2793886800340289,52262.64413122446,3.387476984984085
2024-03-01,47286.8984375,22338.75,-0.21967848632723602,52194.24122394255,3.050857752475463
2024-03-04,47456.1015625,22405.599609375,-0.1558082047772037,50947.07781459353,2.7206301893591265
2024-03-05,47581.0,22356.30078125,-0.09125955920873995,49621.22615483488,2.4491216177443746
2024-03-06,47965.3984375,22474.05078125,0.062314220630754945,46564.9454786504,2.1247998476175027
2024-03-07,47835.80078125,22493.55078125,0.20427135710091768,43241.01263714566,1.8278166497074257
2024-03-11,47327.8515625,22332.650390625,0.2816513600752956,41037.83020589439,1.6234890536244946
2024-03-12,47282.3984375,22335.69921875,0.3633918829606085,39165.78664115664,1.4543494483672477
2024-03-13,46981.30078125,21997.69921875,0.47070924931902436,36626.7802952465,1.2594441062149873
2024-03-14,46789.94921875,22146.650390625,0.5425707699992214,34773.82406340504,1.112922089708794
2024-03-15,46594.1015625,22023.349609375,0.6146121967054383,33058.28228027017,0.9801670434685353
2024-03-18,46575.8984375,22055.69921875,0.6832188409131345,31507.0291817369,0.8610046450383226
2024-03-19,46384.80078125,21817.44921875,0.8240642152786619,28405.821611418727,0.6570140806920305
2024-03-20,46310.8984375,21839.099609375,1.0023279656717432,24420.958153932595,0.4050166807105753
2024-03-21,46684.8984375,22011.94921875,1.1259822969197713,21899.83329649051,0.2386049322134071
2024-03-22,46863.75,22096.75,1.252928322395575,19178.10609210558,0.060492085178244254
2024-03-26,46600.19921875,22004.69921875,1.3353257298389418,17216.758174586263,-0.07299992138973356
2024-03-27,46785.94921875,22123.650390625,1.372586221248401,16419.33152886132,-0.13765027572651142
2024-03-28,47124.6015625,22326.900390625,1.4263549241093065,15278.517250234032,-0.22342001130834546
2024-04-01,47578.25,22462.0,1.5013758567930646,13854.345504714183,-0.3268709279704209
2024-04-02,47545.44921875,22453.30078125,1.5840714805395435,11977.81580719562,-0.45838630525531565
2024-04-03,47624.25,22434.650390625,1.7328420052650717,8748.545429688551,-0.6723301330956921
2024-04-04,48060.80078125,22514.650390625,1.8814595046426466,5700.397810102317,-0.8721960941985508
2024-04-05,48493.05078125,22513.69921875,2.0406939479371142,2549.481039870341,-1.0736881914210967
2024-04-08,48581.69921875,22666.30078125,2.2310001678821063,-1986.8216294850645,-1.350872211962125
2024-04-09,48730.55078125,22642.75,2.4056521972523957,-5740.030508086682,-1.5634450068545909
2024-04-10,48986.6015625,22753.80078125,2.558279534141339,-9223.981300101084,-1.7405824171196869
2024-04-12,48564.55078125,22519.400390625,2.6975619579930714,-12182.927029314313,-1.8670626337971203
2024-04-15,47773.25,22272.5,2.74284043301328,-13316.663544288283,-1.876545951026631
2024-04-16,47484.80078125,22147.900390625,2.741390436873544,-13231.241546437202,-1.8159916992534078
2024-04-18,47069.44921875,21995.849609375,2.7413729580920196,-13229.378090649538,-1.762638599339189
2024-04-19,47574.1484375,22147.0,2.79900923107444,-14415.509003105617,-1.774440805647614
2024-04-22,47924.8984375,22336.400390625,2.8806758919479134,-16419.031680669395,-1.8222865548474123
2024-04-23,47970.44921875,22368.0,2.9166505993630882,-17269.191387803556,-1.8048078834995136
2024-04-24,48189.0,22402.400390625,3.0483375500241228,-20101.07832141727,-1.8793809391240173
2024-04-25,48494.94921875,22570.349609375,3.0977970895637674,-21423.414111608596,-1.871502519365787
2024-04-26,48201.05078125,22419.94921875,3.178495084275732,-23060.64760025841,-1.874607658746694
2024-04-29,49424.05078125,22643.400390625,3.2455753579642654,-24066.811547080928,-1.8457051321631917
2024-04-30,49396.75,22604.849609375,3.3846514179635045,-27112.78628322287,-1.901920564803521
2024-05-02,49231.05078125,22648.19921875,3.479451936807375,-29572.26985562897,-1.9223501327090229
2024-05-03,48923.55078125,22475.849609375,3.609719068254797,-32207.952128938065,-1.9426151696912963
2024-05-06,48895.30078125,22442.69921875,3.6568288382971628,-33173.8089311042,-1.8929531267420736
2024-05-07,48285.3515625,22302.5,3.69244253445937,-34065.3480622801,-1.8433205433628577
2024-05-08,48021.1015625,22302.5,3.6664109474168183,-33749.028592263596,-1.7530160743234613
2024-05-09,47487.8984375,21957.5,3.5650818004679894,-30792.385196275878,-1.5757568282688654
2024-05-10,47421.1015625,22055.19921875,3.471368412478943,-29140.620336399006,-1.4594125988187334
2024-05-13,47754.1015625,22104.05078125,3.4226397020031176,-27900.100216499282,-1.365352498157338
2024-05-14,47859.44921875,22217.849609375,3.3480025047114177,-26525.9669227391,-1.2727601152170618
2024-05-15,47687.44921875,22200.55078125,3.3006477959995593,-25588.749787359106,-1.2001701456120186
2024-05-16,47977.05078125,22403.849609375,3.2729595019341615,-25349.841677657852,-1.154751827086325
2024-05-17,48115.6484375,22466.099609375,3.2523899321089025,-24952.867745786993,-1.1054397798316464
2024-05-21,48048.19921875,22529.05078125,3.192957745003165,-23886.1079608118,-1.0352243759605366
2024-05-22,47781.94921875,22597.80078125,3.084387471216714,-21918.42438798878,-0.9371490345686372
2024-05-23,48768.6015625,22967.650390625,2.905027574644423,-17953.056147058378,-0.7747290659965153
2024-05-24,48971.6484375,22957.099609375,2.8217611484405727,-15807.803321114625,-0.6770655997775556
2024-05-27,49281.80078125,22932.44921875,2.7933798094507534,-14777.239847660952,-0.6181271850516802
2024-05-28,49142.1484375,22888.150390625,2.7628936638560457,-14095.377254142091,-0.5707785607293279
2024-05-29,48501.3515625,22704.69921875,2.716130428649625,-13167.57285888424,-0.514382253892612
2024-05-30,48682.3515625,22488.650390625,2.7040092290452713,-12127.166642522548,-0.45273490188863225
2024-05-31,48983.94921875,22530.69921875,2.6587792872327713,-10920.207190934081,-0.38291735241427466
2024-06-03,50979.94921875,23263.900390625,2.728190113830242,-12488.393836084622,-0.4142535758525839
2024-06-04,46928.6015625,21884.5,2.6894360926237346,-11928.362606524119,-0.3651991737034681
2024-06-05,49054.6015625,22620.349609375,2.712062937229113,-12293.210240250977,-0.35150388569587965
2024-06-06,49291.8984375,22821.400390625,2.7211912277974055,-12809.496111521032,-0.3442373377063788
2024-06-07,49803.19921875,23290.150390625,2.635743121048137,-11583.654461516424,-0.2609028531326227
2024-06-10,49780.8984375,23259.19921875,2.5816369792041414,-10265.910372301078,-0.1688272493505758
2024-06-11,49705.75,23264.849609375,2.5176431556463985,-8866.839386185755,-0.06714789613786537
2024-06-12,49895.1015625,23322.94921875,2.4650629024578308,-7597.43533254847,0.03500506666245463
2024-06-13,49846.69921875,23398.900390625,2.3995469793320283,-6300.061533265238,0.14538728456499375
2024-06-14,50002.0,23465.599609375,2.323404577214168,-4518.081539496867,0.2910917001596742
2024-06-18,50440.8984375,23557.900390625,2.2727804821679407,-3101.037771169009,0.4272550649953695
2024-06-19,51398.05078125,23516.0,2.314271227051995,-3024.3513941047204,0.4924303426407399
2024-06-20,51783.25,23567.0,2.380058010905653,-4307.577143013521,0.47055842669529235
2024-06-21,51661.44921875,23501.099609375,2.42639782458945,-5361.567748897476,0.4555306251157731
2024-06-24,51703.94921875,23537.849609375,2.467073582036634,-6365.657730490369,0.43921054248710956
2024-06-25,52606.0,23721.30078125,2.5465681064607897,-7801.908013294662,0.38442558807364774
2024-06-26,52870.5,23868.80078125,2.608023718590134,-9379.898571802718,0.3114097503988959
2024-06-27,52811.30078125,24044.5,2.620998540132836,-10209.298616973974,0.2950176444293054
2024-06-28,52342.25,24010.599609375,2.6025076963062426,-10145.520276326097,0.3552464062963649
2024-07-01,52574.75,24141.94921875,2.584504901363545,-9820.236084329183,0.44404187279859675
2024-07-02,52168.1015625,24123.849609375,2.544677721253744,-9219.321089352394,0.5649066381247541
2024-07-03,53089.25,24286.5,2.5411553232141575,-8626.518757240636,0.6847742234239076
2024-07-04,53103.69921875,24302.150390625,2.5403223311586927,-8631.596113731634,0.737212537472794
2024-07-05,52660.3515625,24323.849609375,2.5182523804301025,-8593.240617532414,0.7840460362380842
2024-07-08,52425.80078125,24320.55078125,2.486316630895116,-8042.789098701083,0.8693932987518512
2024-07-09,52568.80078125,24433.19921875,2.452371908852997,-7350.490626221494,0.9545484054984467
2024-07-10,52189.30078125,24324.44921875,2.4210911102520956,-6702.406984044159,1.0195343943708413
2024-07-11,52270.6484375,24315.94921875,2.3993190189704405,-6071.0709873663,1.0706027527183068
2024-07-12,52278.8984375,24502.150390625,2.3559948171826504,-5448.040892642355,1.1146710857503015
2024-07-15,52455.8984375,24586.69921875,2.3144010644191164,-4447.584404927657,1.1958013201872395
2024-07-16,52396.80078125,24613.0,2.26914121042095,-3453.5718308408395,1.2701741599735359
2024-07-18,52620.69921875,24800.849609375,2.2211090795111867,-2464.693028224283,1.3353238699040286
2024-07-19,52265.6015625,24530.900390625,2.1916778518562055,-1498.2295097235547,1.3889985818470512
2024-07-22,52280.3984375,24509.25,2.166346293752873,-815.1244626626067,1.4083854004739251
2024-07-23,51778.30078125,24479.05078125,2.133923704662791,-458.12594850359164,1.3919248621073512
2024-07-24,51317.0,24413.5,2.096924781537873,123.72684592513542,1.3975760643595283
2024-07-25,50888.75,24406.099609375,2.052261132877034,801.060366554324,1.4120937160872404
2024-07-26,51295.94921875,24834.849609375,1.9949284398523373,1752.2014335521017,1.4520298231663489
2024-07-29,51406.25,24836.099609375,1.9498022719727504,2980.76655469909,1.520020326057252
2024-07-30,51499.30078125,24857.30078125,1.9069032354684574,4098.833496471758,1.580941884886189
2024-07-31,51553.3984375,24951.150390625,1.8642841263145944,5037.364830969622,1.633972790183965
2024-08-01,51564.0,25010.900390625,1.8229793471260871,5969.64513486284,1.6937355952623052
2024-08-02,51350.1484375,24717.69921875,1.794471753685835,6994.935373350694,1.772749858297277
2024-08-05,50092.1015625,24055.599609375,1.7759718126529922,7370.034719783667,1.7918093631294854
2024-08-06,49748.30078125,23992.55078125,1.758311794264033,7561.9157680993885,1.781440688148176
2024-08-07,50119.0,24297.5,1.7197367130499122,8333.697214669759,1.8292556952430965
2024-08-08,50156.69921875,24117.0,1.6994669331089494,9170.655192961465,1.8807708296890564
2024-08-09,50484.5,24367.5,1.666695570088278,9871.295695873887,1.912441817635174
2024-08-12,50577.94921875,24347.0,1.6286628484626888,10924.894847228912,1.9796861268792005
2024-08-13,49831.8515625,24139.0,1.591867302676994,11405.766743180044,1.9847955672161153
2024-08-14,49727.30078125,24143.75,1.5542159494131673,12202.69945260584,2.0276238992294084
2024-08-16,50516.8984375,24541.150390625,1.4932627226658077,13870.513387844265,2.160811340224639
2024-08-19,50368.3515625,24572.650390625,1.4095149832425204,15732.83265893389,2.29180132733788
2024-08-20,50803.1484375,24698.849609375,1.3523121221024619,17402.59470875653,2.360850199568503
2024-08-21,50685.55078125,24770.19921875,1.292972506568517,18658.364209181294,2.3645305946770616
2024-08-22,50985.69921875,24811.5,1.2496005697650865,19981.234682023558,2.3664130968097745
2024-08-23,50933.44921875,24823.150390625,1.2000250498057023,21145.046934905793,2.3468331661444317
2024-08-26,51148.1015625,25010.599609375,1.1183753166537458,23176.864304665185,2.401501299735956
2024-08-27,51278.75,25017.75,1.0491534600681023,25031.291024381233,2.42298828404366
2024-08-28,51143.8515625,25052.349609375,0.981307977683056,26559.781031115323,2.4051046653676367
2024-08-29,51152.75,25151.94921875,0.9668025559851873,26835.781207302865,2.2895661337193665
2024-08-30,51351.0,25235.900390625,0.699701487588478,33693.40295604503,2.6857021425152348
2024-09-02,51439.55078125,25278.69921875,0.5795147171279507,36790.17255413355,2.7233876075836587
2024-09-03,51689.1015625,25279.849609375,0.4731528093750042,39727.869699246614,2.7336836662177677
2024-09-04,51400.25,25198.69921875,0.39327608038813705,41490.20434037039,2.655627592427623
2024-09-05,51473.05078125,25145.099609375,0.30784432647512794,43732.27452785195,2.611322978734326
2024-09-06,50576.8515625,24852.150390625,0.1853559162229933,45970.35845673408,2.5652824136673202
2024-09-09,51117.80078125,24936.400390625,0.07500401740183564,49247.47057241242,2.574820579354471
2024-09-10,51272.30078125,25041.099609375,-0.04606624069764424,52425.85010318916,2.5671126136582156
2024-09-11,51010.0,24918.44921875,-0.17405522959751496,55347.18639998355,2.5382645218489315
2024-09-12,51772.3984375,25388.900390625,-0.2318617574311881,57659.11350131569,2.4780257146061464
2024-09-13,51938.05078125,25356.5,-0.22009745277613074,57518.951842567956,2.313416569033309
2024-09-16,52153.1484375,25383.75,-0.16369338747790366,56308.300461892235,2.1259241899985866
2024-09-17,52188.6484375,25418.55078125,-0.1132867010544475,55068.23220109276,1.96163420265573
2024-09-18,52750.3984375,25377.55078125,-0.02452079762608305,53372.676224452676,1.7966448441665162
2024-09-19,53037.6015625,25415.80078125,0.16512807288637948,48840.73935862805,1.5268398931867853
2024-09-20,53793.19921875,25790.94921875,0.4609309640104701,41905.35213260648,1.1709737474785025
2024-09-23,54105.80078125,25939.05078125,0.7329633654222856,35093.42682476543,0.8321412704732437
2024-09-24,53968.6015625,25940.400390625,0.935744846932096,29695.005569617326,0.5604688580914136
2024-09-25,54101.6484375,26004.150390625,1.1164493369302586,25069.331976451995,0.32366083212619945
2024-09-26,54375.3515625,26216.05078125,1.27378805797228,20981.659150148887,0.10988802585925474
2024-09-27,53834.30078125,26178.94921875,1.3787067700959552,17741.206259361155,-0.06617017739886936
2024-09-30,52978.1015625,25810.849609375,1.4511966378018502,15521.483390565802,-0.19577654322890548
2024-10-01,52922.6015625,25796.900390625,1.506395015092303,14062.27940922982,-0.29042824518264454
2024-10-03,51845.19921875,25250.099609375,1.5561512522395406,12552.22509244796,-0.38880762700100047
2024-10-04,51462.05078125,25014.599609375,1.6027460082176956,11370.001110160287,-0.47152416415044074
2024-10-07,50478.8984375,24795.75,1.6659578743322072,9170.223475027175,-0.6065797736503081
2024-10-08,51021.0,25013.150390625,1.7284924214586292,7785.959112999735,-0.6997550151023859
2024-10-09,51007.0,24981.94921875,1.7691061484722743,6811.280036287244,-0.7711805126066105
2024-10-10,51530.8984375,24998.44921875,1.8054044798135866,6398.586229576293,-0.8116017244980223
2024-10-11,51172.30078125,24964.25,1.8392521182734614,5256.751087641744,-0.8890226819138595
2024-10-14,51816.8984375,25127.94921875,1.8554344511374052,5193.635770600005,-0.9065263886492233
2024-10-15,51906.0,25057.349609375,1.901516276793281,4259.041864473678,-0.9689483997987357
2024-10-16,51801.05078125,24971.30078125,1.9526675099164736,3040.4030653512673,-1.0441532787106222
2024-10-17,51288.80078125,24749.849609375,1.9912973312010587,2004.4913064739958,-1.1069091350549183
2024-10-18,52094.19921875,24854.05078125,2.0203443027459893,1880.4593226920551,-1.1175940067309953
2024-10-21,51962.69921875,24781.099609375,2.029905812067403,1659.401092258442,-1.1317727678870384
2024-10-22,51257.1484375,24472.099609375,2.002169362997388,2259.8603513890266,-1.0993317710346886
2024-10-23,51239.0,24435.5,1.9733180405757096,3019.9870195122494,-1.056978640117285
2024-10-24,51531.1484375,24399.400390625,1.9309106835285859,4418.085551550634,-0.9795215541446
2024-10-25,50787.44921875,24180.80078125,1.891059863640304,5060.107390646022,-0.9437114197092037
2024-10-28,51259.30078125,24339.150390625,1.8553241791895534,6102.286560592576,-0.8857373167131416
2024-10-29,52320.69921875,24466.849609375,1.808881152876722,8063.076090082373,-0.7778612340040448
2024-10-30,51807.5,24340.849609375,1.76726175397679,8790.84742605067,-0.7392816310349114
2024-10-31,51475.3515625,24205.349609375,1.7029289027610859,10255.362111258553,-0.661092017860046
2024-11-01,51673.8984375,24304.349609375,1.6395675405302996,11825.275724268482,-0.5776402046555954
2024-11-04,51215.25,23995.349609375,1.5661632305847195,13634.615736771462,-0.48140389806040346
2024-11-05,52207.25,24213.30078125,1.4795878688471322,16381.543899315708,-0.3338560366624968
2024-11-06,52317.3984375,24484.05078125,1.4329173076015265,17233.7783128522,-0.29246644278894307
2024-11-07,51916.5,24199.349609375,1.337258055215349,19555.724803890873,-0.1691094394742188
2024-11-08,51561.19921875,24148.19921875,1.2460819755537784,21470.563430183793,-0.06924621438627862
2024-11-11,51876.75,24141.30078125,1.1725060393831128,23570.929035420115,0.04137018926424622
2024-11-12,51157.80078125,23883.44921875,1.113857154243658,24555.05000093021,0.08931785994332866
2024-11-13,50088.3515625,23559.05078125,1.1154659975711867,23809.031480962723,0.04056286624421558
2024-11-14,50179.55078125,23532.69921875,1.1112973860942803,24027.723651710214,0.04798709513267233
2024-11-18,50363.80078125,23453.80078125,1.0958794746170812,24661.26190332006,0.07983429634762644
2024-11-19,50626.5,23518.5,1.0749009681815143,25346.44157982306,0.11508822241180436
2024-11-21,50372.8984375,23349.900390625,1.0658218321348487,25486.064822997843,0.12086893760784995
2024-11-22,51135.3984375,23907.25,1.0575483173157616,25852.326428352757,0.14105836097708052
2024-11-25,52207.5,24221.900390625,1.0417075517864198,26975.363444467504,0.20498945625740092
2024-11-26,52191.5,24194.5,1.0308535912562071,27250.512786351697,0.22033827561707456
2024-11-27,52301.80078125,24274.900390625,1.0257011551615225,27403.007409155045,0.23567390156807597
2024-11-28,51906.8515625,23914.150390625,1.0122182916345113,27700.511108210783,0.2626667883563829
2024-11-29,52055.6015625,24131.099609375,1.0054739836422408,27792.408708593997,0.2814835786583351
2024-12-02,52109.0,24276.05078125,1.0072897211111922,27655.983578873547,0.28966050789228415
2024-12-03,52695.75,24457.150390625,1.0080851776124422,28040.859204572585,0.3316424683604531
2024-12-04,53266.8984375,24467.44921875,1.0007930878891993,28780.04438109501,0.39878081294412
2024-12-05,53603.55078125,24708.400390625,1.0079468074974585,28698.797489150576,0.42376065585082456
2024-12-06,53509.5,24677.80078125,1.0174593717481026,28400.84032098454,0.44316784406394666
2024-12-09,53407.75,24619.0,1.0218259573537694,28251.416755907554,0.4811172374129464
2024-12-10,53577.69921875,24610.05078125,1.0396920494999888,27990.825083693388,0.522625207580517
2024-12-11,53391.3515625,24641.80078125,1.0566169436126636,27354.40733590348,0.5441147087020043
2024-12-12,53216.44921875,24548.69921875,1.0681611852925037,26994.48156386084,0.5896490536235717
2024-12-13,53583.80078125,24768.30078125,1.092964079162984,26512.93772543928,0.6312308345197621
2024-12-16,53581.3515625,24668.25,1.0985556604193774,26481.905892359693,0.7170925690025607
2024-12-17,52834.80078125,24336.0,1.0859188552018697,26407.879521057297,0.7934230612082205
2024-12-18,52139.55078125,24198.849609375,1.0602677299118228,26482.291439440367,0.859943109803836
2024-12-19,51575.69921875,23951.69921875,1.023413374208578,27063.2099032601,0.9492920378383406
2024-12-20,50759.19921875,23587.5,1.0047092090917922,27060.62074929735,0.9583025946012326
2024-12-23,51317.6015625,23753.44921875,0.9589967828646805,28538.12017977919,1.0983778148355159
2024-12-24,51233.0,23727.650390625,0.8888973481380507,30141.554490226656,1.2316883900775946
2024-12-26,51170.69921875,23750.19921875,0.8516877899440688,30942.944535401464,1.2723803931422755
2024-12-27,51311.30078125,23813.400390625,0.8604748885858889,30820.46773327579,1.219541814017022
2024-12-30,50952.75,23644.900390625,0.8876974679442462,29963.23179344827,1.099128463328263
2024-12-31,50860.19921875,23644.80078125,0.9590954381330415,28182.578653888548,0.8963466075657159
2025-01-01,51060.6015625,23742.900390625,1.0229183304187162,26773.553535623993,0.7343509948439804
2025-01-02,51605.55078125,24188.650390625,1.0982530167937712,25040.29251757626,0.5431236383582351
2025-01-03,50988.80078125,24004.75,1.207161889115844,22011.181423496444,0.2260082349437087
2025-01-06,49922.0,23616.05078125,1.3668536279793841,17642.31531110307,-0.22717144556067131
2025-01-07,50202.1484375,23707.900390625,1.4900957442053098,14875.106961386286,-0.5260585422606643
2025-01-08,49835.05078125,23688.94921875,1.655740714683624,10612.293071692795,-0.9798564706926186
2025-01-09,49503.5,23526.5,1.8507996058309253,5960.663073418735,-1.4626100714896728
2025-01-10,48734.1484375,23431.5,2.082026591113491,-50.85763217576459,-2.0464351495731536
2025-01-13,48041.25,23085.94921875,2.336943729312157,-5909.314261976702,-2.5427870284960883
2025-01-14,48729.1484375,23176.05078125,2.4951973930721616,-9099.673053583036,-2.724775116008657
2025-01-15,48751.69921875,23213.19921875,2.6352039726135352,-12419.815579569411,-2.865547081932735
2025-01-16,49278.69921875,23311.80078125,2.7437939346282443,-14684.078370105715,-2.882393431296323
2025-01-17,48540.6015625,23203.19921875,2.839692200809089,-17349.34229280392,-2.901341528476635
2025-01-20,49350.80078125,23344.75,2.897218352480535,-18284.03735281997,-2.7829662002795246
2025-01-21,48570.8984375,23024.650390625,2.929647450147832,-18883.20986993982,-2.650185078642338
2025-01-22,48724.3984375,23155.349609375,2.960828249913418,-19834.61482255913,-2.5525083387844636
2025-01-23,48589.0,23205.349609375,3.019712040340203,-21484.473615733514,-2.50086836782424
2025-01-24,48367.80078125,23092.19921875,3.058462918757584,-22258.834241859717,-2.397542076347398
2025-01-27,48064.6484375,22829.150390625,3.064190834700745,-21888.224953458062,-2.2440392002043597
2025-01-28,48866.8515625,22957.25,3.042520706607053,-20981.056929254773,-2.080206253148727
2025-01-29,49165.94921875,23163.099609375,3.0528373106646605,-21547.22549939202,-2.0080176979902475
2025-01-30,49311.94921875,23249.5,3.05131072212699,-21629.49941534146,-1.9167815951170628
2025-01-31,49587.19921875,23508.400390625,3.0574861808706144,-22289.410109959295,-1.8597029299480266
2025-02-03,49210.55078125,23361.05078125,3.0935961397920075,-23059.10573711006,-1.8116634664916063
2025-02-04,50157.94921875,23739.25,3.1004457792120483,-23444.308245409615,-1.748665421571055
2025-02-05,50343.05078125,23696.30078125,3.110574411818135,-23366.056083652322,-1.6697156080034148
2025-02-06,50382.1015625,23603.349609375,3.110755397967846,-23042.145644985532,-1.5862738797111589
2025-02-07,50158.8515625,23559.94921875,3.1103079216609966,-23119.84512650894,-1.5266116384534107
2025-02-10,49981.0,23381.599609375,3.100016175362534,-22502.33699491281,-1.4414079224124245
2025-02-11,49403.3984375,23071.80078125,3.069215619688881,-21408.93289466262,-1.3417505629909452
2025-02-12,49479.44921875,23045.25,3.0407912727550714,-20596.345859708803,-1.2599420666625998
2025-02-13,49359.8515625,23031.400390625,3.015572365257113,-20093.002988640626,-1.195482125875699
2025-02-14,49099.44921875,22929.25,2.996277745674509,-19602.95228125724,-1.1346717252185488
2025-02-17,49258.8984375,22959.5,2.9608162485175575,-18719.962220338857,-1.0600723468691395
2025-02-18,49087.30078125,22945.30078125,2.9312760004027205,-18171.708720849914,-1.0022975064337643
2025-02-19,49570.1015625,22932.900390625,2.881584407531488,-16512.98662259776,-0.8998167153841882
2025-02-20,49334.55078125,22913.150390625,2.8447409489428166,-15847.426404246035,-0.8419084130346391
2025-02-21,48981.19921875,22795.900390625,2.7981829700100294,-14805.90104034185,-0.7692767885037567
2025-02-24,48651.94921875,22553.349609375,2.7325365090968665,-12975.90199129274,-0.6640233811239784
2025-02-25,48608.3515625,22547.55078125,2.6847117198294064,-11925.322273370562,-0.5935297670419514
2025-02-27,48743.80078125,22545.05078125,2.6322237868034177,-10599.81815984723,-0.5112687196206918
2025-02-28,48344.69921875,22124.69921875,2.500377073891143,-6975.391474549782,-0.32656805433533986
2025-03-03,48114.30078125,22119.30078125,2.4001938429163965,-4976.308763522087,-0.21354030251546482
2025-03-04,48245.19921875,22082.650390625,2.2932460538025183,-2395.751647051424,-0.07242661355931701
2025-03-05,48489.94921875,22337.30078125,2.217961494638892,-1053.3238082297394,0.013229756138863106
2025-03-06,48627.69921875,22544.69921875,2.1484024441034832,192.61231560960732,0.09590239224759815
2025-03-07,48497.5,22552.5,2.09066043994719,1347.8804280909972,0.1755065426952414
2025-03-10,48216.80078125,22460.30078125,2.03041226563306,2613.1305851922007,0.2620600335384296
2025-03-11,47853.94921875,22497.900390625,1.972562057828797,3475.4445273914534,0.3300637083363844
2025-03-12,48056.6484375,22470.5,1.8772779548780198,5873.274152413454,0.4777996047631168
2025-03-13,48060.3984375,22397.19921875,1.7922581930643968,7918.834635999803,0.6102386065512365
2025-03-17,48354.1484375,22508.75,1.7323140643857793,9361.92424075659,0.7138389244377575
2025-03-18,49314.5,22834.30078125,1.6810614340664154,10928.637582768002,0.8273709141380966
2025-03-19,49702.6015625,22907.599609375,1.651465439070068,11871.492515562197,0.9094486950061046
2025-03-20,50062.8515625,23190.650390625,1.6143205093562987,12625.709011602405,0.987128480940522
2025-03-21,50593.55078125,23350.400390625,1.5899025493422059,13468.689672034074,1.0774008440130507
2025-03-24,51704.94921875,23658.349609375,1.6108015887880003,13596.042079866784,1.1331392226907457
2025-03-25,51607.94921875,23668.650390625,1.6233111993199325,13186.363966860343,1.1609473242256114
2025-03-26,51209.0,23486.849609375,1.629084207142377,12946.944225839085,1.2001722638656915
2025-03-27,51575.8515625,23591.94921875,1.6549726182993858,12531.821593159162,1.2256698484894981
2025-03-28,51564.8515625,23519.349609375,1.6713915305669327,12254.809820947929,1.2582212069717273
2025-04-01,50827.5,23165.69921875,1.6430721386335954,12764.585041705832,1.3390429692679215
2025-04-02,51348.05078125,23332.349609375,1.6688900002255616,12408.925836397277,1.3508723339432127
2025-04-03,51597.3515625,23250.099609375,1.71764690225898,11661.889991244308,1.3195790067814335
2025-04-04,51502.69921875,22904.44921875,1.7037357438779452,12479.570390928347,1.386582985821676
2025-04-07,49860.1015625,22161.599609375,1.5929322419595822,14558.17501132768,1.5205396729704854
2025-04-08,50511.0,22535.849609375,1.5468279750028042,15651.917383762731,1.564181913905286
2025-04-09,50240.1484375,22399.150390625,1.5081648067093913,16458.538118168457,1.5699531374355162
2025-04-11,51002.3515625,22828.55078125,1.497935232989344,16806.66102917921,1.535677538352176
2025-04-15,52379.5,23328.55078125,1.5854804671319862,15392.53840983149,1.3898413457238232
2025-04-16,53117.75,23437.19921875,1.716401736040287,12890.100573015443,1.1838298535899034
2025-04-17,54290.19921875,23851.650390625,1.9587753519330366,7570.174330669768,0.809203210957868
2025-04-21,55304.5,24125.55078125,2.257923811322463,830.8444297463793,0.3506768798164644
2025-04-22,55647.19921875,24167.25,2.532139950446336,-5547.659998674222,-0.08263897825057381
2025-04-23,55370.05078125,24328.94921875,2.697565176246604,-10258.875405922023,-0.4063522401167634
2025-04-24,55201.3984375,24246.69921875,2.833301145191335,-13496.802226094223,-0.6327051132153916
2025-04-25,54664.05078125,24039.349609375,2.9363994958651642,-15925.083292645184,-0.8065456886338725
2025-04-28,55432.80078125,24328.5,3.0278363454824317,-18229.915749819338,-0.9713094970380745
2025-04-29,55391.25,24335.94921875,3.0798741791498516,-19560.411623930122,-1.0673103742832961
2025-04-30,55087.1484375,24334.19921875,3.1163135275645537,-20745.845770341417,-1.1484699813291923
2025-05-02,55115.3515625,24346.69921875,3.154406467562726,-21684.033916929373,-1.2118411924415686
2025-05-05,54919.5,24461.150390625,3.166044451757806,-22525.58947785158,-1.2663884935977117
2025-05-06,54271.3984375,24379.599609375,3.1787770961003377,-23225.914412877988,-1.3110432537126564
2025-05-07,54610.8984375,24414.400390625,3.1854281780029594,-23159.420515843332,-1.3062279517280915
2025-05-08,54365.6484375,24273.80078125,3.229524600372584,-24027.188330090125,-1.3631379216815158
2025-05-09,53595.25,24008.0,3.2645777842310753,-24780.733443819656,-1.4094314143373647
2025-05-12,55382.8515625,24924.69921875,3.2236145449852365,-24964.771368444664,-1.4154797579322371
2025-05-13,54940.8515625,24578.349609375,3.2222348928978497,-24256.36415867036,-1.3641483538361012
2025-05-14,54801.30078125,24666.900390625,3.1915120181567325,-23923.408266104685,-1.3373749042176482
2025-05-15,55355.6015625,25062.099609375,3.113724827626319,-22680.880223654807,-1.2504079799189234
2025-05-16,55354.8984375,25019.80078125,3.053930075831977,-21053.823659683767,-1.1402674616341968
2025-05-19,55420.69921875,24945.44921875,3.0124525717220423,-19726.283433035045,-1.0522893690433057
2025-05-20,54877.3515625,24683.900390625,2.983535698427261,-18767.946429352305,-0.9900049692846521
2025-05-21,55075.1015625,24813.44921875,2.950226813767832,-18130.201664722714,-0.9485340112311902
