"loan_amount","tenor_years","interest_rate","debt_to_income","credit_score","collateral_ratio","industry","company_age_years","prev_defaults","default_flag","PD","LGD","EAD","EL"
457488216,2,12.05,0.21,579,1.914,"IT",5,1,0,0.05213862657547,0,457488216,0
468600631,4,16.76,0.813,403,0.918,"Infrastructure",9,0,0,0.138856962323189,0.082,468600631,5335613.73339794
143783628,7,12.92,0.222,320,0.867,"Infrastructure",20,3,0,0.110569402575493,0.133,143783628,2114443.28979689
415393365,3,11.68,0.837,477,0.355,"Manufacturing",43,1,0,0.162595763802528,0.645,415393365,43564074.942137
321231014,10,13.93,0.225,495,1.583,"Manufacturing",10,0,0,0.0492578558623791,0,321231014,0
260028879,10,12.06,0.208,698,0.908,"Retail",21,0,0,0.018072372302413,0.092,260028879,432339.161381373
368557569,1,10.76,0.274,664,0.104,"Real_Estate",30,0,0,0.0124135268852115,0.896,368557569,4099288.96521059
68198632,9,9.32,0.479,841,1.384,"Infrastructure",47,0,1,0.0839394107460976,0,68198632,0
328839153,3,8.01,0.612,737,0.383,"Manufacturing",48,0,0,0.017394196242094,0.617,328839153,3529173.83252881
352827327,8,12.88,0.328,785,1.592,"IT",12,0,0,0.00623796507716179,0,352827327,0
229413146,1,17.35,0.882,374,0.929,"Retail",45,1,0,0.125084549188614,0.071,229413146,2037418.83611997
359837014,9,17.57,0.522,452,1.946,"Manufacturing",5,0,0,0.213784739375114,0,359837014,0
467401451,7,11.66,0.668,614,1.656,"Manufacturing",13,0,0,0.0651290714740753,0,467401451,0
128458983,9,17.67,0.539,521,1.699,"Manufacturing",17,1,0,0.199919700622559,0,128458983,0
231684118,2,10.37,0.268,576,1.086,"Retail",44,0,0,0.0147815318778157,0,231684118,0
470067247,5,9.6,0.262,843,0.261,"IT",2,0,0,0.0602054260671139,0.739,470067247,20914142.5766286
489134988,2,14.13,0.331,490,0.158,"Manufacturing",40,0,0,0.0428421124815941,0.842,489134988,17644595.1389957
59626193,6,15.33,0.482,417,1.364,"IT",25,2,1,0.713583767414093,0,59626193,0
238023544,9,10.68,0.211,403,1.428,"Infrastructure",36,0,0,0.0659834891557693,0,238023544,0
280606040,9,17.35,0.782,317,1.242,"IT",3,1,0,0.555582404136658,0,280606040,0
452111662,3,16.21,0.289,352,1.188,"Retail",10,0,0,0.191757753491402,0,452111662,0
70216374,8,15.14,0.448,697,1.317,"Real_Estate",3,0,0,0.0916721150279045,0,70216374,0
494456973,10,11.25,0.295,654,1.698,"Manufacturing",40,3,0,0.0731474533677101,0,494456973,0
473387448,9,9.7,0.378,482,1.558,"Real_Estate",43,1,0,0.0731651410460472,0,473387448,0
42136341,1,16.04,0.837,380,0.905,"Real_Estate",38,0,0,0.0936225950717926,0.095,42136341,374766.791168747
257591680,3,15.84,0.674,637,1.672,"Real_Estate",24,1,1,0.210275501012802,0,257591680,0
195711530,8,12.08,0.691,428,1.972,"IT",46,1,1,0.317571491003036,0,195711530,0
452963327,6,8.97,0.562,424,1.503,"Manufacturing",33,0,0,0.141714081168175,0,452963327,0
224037844,4,9.64,0.134,769,0.267,"IT",11,0,0,0.00973307527601719,0.733,224037844,1598363.08784086
418166126,7,14.31,0.637,585,1.498,"IT",41,0,0,0.0638824924826622,0,418166126,0
369060213,6,15.7,0.737,482,1.458,"Manufacturing",24,0,0,0.223085060715675,0,369060213,0
405716515,4,16.55,0.708,353,0.304,"Retail",46,0,0,0.214102700352669,0.696,405716515,60458041.0016651
194666033,5,17.93,0.82,673,1.894,"Infrastructure",11,2,0,0.208194553852081,0,194666033,0
342899695,4,11.58,0.403,452,0.019,"IT",15,1,1,0.329476684331894,0.981,342899695,110830882.930244
2970221,4,9.6,0.427,809,0.647,"Infrastructure",3,2,0,0.149221062660217,0.353,2970221,156456.49548636
416625124,1,10.71,0.391,407,1.577,"Retail",8,0,0,0.136063441634178,0,416625124,0
4659739,9,11.3,0.83,649,1.481,"IT",19,3,1,0.61126035451889,0,4659739,0
104621827,9,9.35,0.212,818,1.547,"Infrastructure",45,0,0,0.0120578398928046,0,104621827,0
453394102,6,9.21,0.607,619,1.277,"Manufacturing",35,0,0,0.0273383054882288,0,453394102,0
306277543,9,13.95,0.227,868,0.69,"Infrastructure",33,1,0,0.0161400251090527,0.31,306277543,1532431.44265128
190400061,2,17.44,0.692,464,0.696,"Real_Estate",33,0,1,0.120805576443672,0.304,190400061,6992422.29370067
218450021,9,17.04,0.739,373,0.931,"IT",19,2,1,0.593899965286255,0.069,218450021,8951884.73231903
19678085,8,13.51,0.399,433,1.904,"Real_Estate",4,3,1,0.551212549209595,0,19678085,0
486796417,2,11.87,0.416,529,0.491,"Infrastructure",34,0,0,0.0353449247777462,0.509,486796417,8757743.41513916
216443873,10,8.1,0.84,416,0.784,"Retail",45,0,0,0.168203562498093,0.216,216443873,7863832.1922087
478830722,7,17.36,0.489,370,1.372,"IT",4,0,0,0.308467119932175,0,478830722,0
443989698,8,8.14,0.517,683,0.421,"Retail",41,0,0,0.0368298292160034,0.579,443989698,9467845.49083186
320349406,2,11.63,0.366,854,0.262,"Infrastructure",27,2,0,0.0850788205862045,0.738,320349406,20114152.8328227
485512339,2,16.26,0.415,319,0.056,"IT",12,1,0,0.383652776479721,0.944,485512339,175837140.087653
309800265,7,13.71,0.34,667,0.671,"Retail",32,0,0,0.017035685479641,0.329,309800265,1736350.09922026
167380178,4,14.18,0.644,698,1.64,"Real_Estate",36,0,0,0.0239806938916445,0,167380178,0
174027376,5,11.82,0.707,593,1.017,"IT",18,0,0,0.114190652966499,0,174027376,0
199844220,5,8.23,0.465,372,0.214,"Manufacturing",3,0,0,0.327878713607788,0.786,199844220,51502387.2995837
392561695,1,15.17,0.403,770,1.474,"Retail",12,2,0,0.0652035400271416,0,392561695,0
20429309,4,9.14,0.419,641,1.437,"Infrastructure",10,0,0,0.067637026309967,0,20429309,0
374648898,7,15.42,0.249,454,1.256,"IT",38,0,0,0.0288940835744143,0,374648898,0
338961138,7,14.55,0.713,838,1.332,"Manufacturing",40,1,0,0.0384463034570217,0,338961138,0
86460901,5,13.26,0.256,608,1.56,"IT",42,1,0,0.0250918362289667,0,86460901,0
131282894,2,13.18,0.436,718,0.015,"Manufacturing",17,0,0,0.0722775906324387,0.985,131282894,9346479.10053023
257692054,4,10.08,0.615,571,1.942,"Infrastructure",34,1,0,0.157168239355087,0,257692054,0
338128030,7,8.31,0.369,536,1.102,"Manufacturing",12,0,0,0.0424141809344292,0,338128030,0
491425782,6,16.99,0.136,466,0.549,"IT",5,0,0,0.0989433526992798,0.451,491425782,21929114.8277494
380012590,2,15.74,0.335,674,1.066,"IT",29,0,0,0.0128036756068468,0,380012590,0
283677724,7,9.66,0.592,361,0.774,"Manufacturing",11,2,1,0.52106910943985,0.226,283677724,33406347.9768484
424995170,7,11.35,0.166,329,1.563,"Manufacturing",9,0,0,0.049361776560545,0,424995170,0
95547494,10,13.7,0.162,521,0.432,"IT",32,0,0,0.0312343649566174,0.568,95547494,1695119.48942657
136372021,5,16.93,0.857,474,0.364,"Manufacturing",3,1,1,0.690573334693909,0.636,136372021,59895224.5073837
414251084,8,8.4,0.355,858,0.393,"Manufacturing",42,1,0,0.0418747588992119,0.607,414251084,10529425.209606
346909205,6,14.74,0.306,536,1.794,"Manufacturing",29,0,0,0.0777039974927902,0,346909205,0
121031825,2,15.97,0.178,836,1.999,"Real_Estate",13,0,0,0.0289623737335205,0,121031825,0
22451409,3,16.82,0.381,302,1.703,"Manufacturing",22,1,0,0.164595380425453,0,22451409,0
71099068,9,10.57,0.872,841,0.914,"Manufacturing",25,0,0,0.0786951780319214,0.086,71099068,481183.228018077
108976322,3,8.25,0.528,877,1.981,"Retail",22,0,0,0.0211075339466333,0,108976322,0
240219884,9,13.56,0.696,853,0.087,"Real_Estate",19,0,0,0.0803457200527191,0.913,240219884,17621483.9100271
99507761,5,15.72,0.307,677,1.857,"Real_Estate",39,0,0,0.0248601641505957,0,99507761,0
359958563,5,16.76,0.587,363,0.699,"IT",11,0,1,0.30842462182045,0.301,359958563,33417045.1829566
4934485,3,16.53,0.117,812,0.401,"Real_Estate",19,1,0,0.0295959673821926,0.599,4934485,87478.4734076433
188369492,8,17.69,0.751,438,1.416,"Retail",43,0,0,0.232922419905663,0,188369492,0
257689446,2,15,0.639,595,1.058,"Retail",20,3,0,0.368637472391129,0,257689446,0
1783707,1,11.68,0.823,503,0.921,"Manufacturing",50,1,0,0.09125866740942,0.079,1783707,12859.5191856395
291220397,3,9.32,0.66,711,0.585,"Infrastructure",5,1,0,0.119948953390121,0.415,291220397,14496606.4577924
79794699,7,15.51,0.146,709,1.904,"Manufacturing",32,1,0,0.0148826176300645,0,79794699,0
180155125,1,12.81,0.422,883,0.143,"IT",2,1,1,0.430801123380661,0.857,180155125,66512652.9094954
323170307,8,16.81,0.266,397,0.879,"Retail",5,1,0,0.185770839452744,0.121,323170307,7264309.92532849
388135858,2,8.28,0.334,606,0.063,"Retail",17,0,0,0.0331775657832623,0.937,388135858,12066126.5750547
282259774,3,8.99,0.722,645,1.924,"Manufacturing",5,0,0,0.115200713276863,0,282259774,0
117617996,1,10.84,0.269,673,0.988,"IT",6,2,0,0.0652020871639252,0.012,117617996,92027.2659268585
45900278,6,16.01,0.352,311,1.72,"Retail",10,0,0,0.224107712507248,0,45900278,0
43720420,9,10.27,0.88,724,0.238,"IT",27,0,0,0.0537614263594151,0.762,43720420,1791059.77085732
153303966,3,8.42,0.63,537,1.394,"Retail",13,0,0,0.0854326486587524,0,153303966,0
334045831,3,14.35,0.407,689,1.26,"Infrastructure",19,0,0,0.00730568589642644,0,334045831,0
1119209,1,13.06,0.633,370,1.151,"Manufacturing",31,0,0,0.0670945420861244,0,1119209,0
105076409,5,17.85,0.489,744,1.581,"Retail",44,0,0,0.0332985892891884,0,105076409,0
466584030,6,10.73,0.517,412,1.345,"Real_Estate",7,1,0,0.304556995630264,0,466584030,0
462896730,6,14.32,0.534,544,1.784,"Retail",16,0,0,0.078462041914463,0,462896730,0
367313056,4,14.93,0.873,395,1.771,"IT",29,3,1,0.671635091304779,0,367313056,0
167202920,3,11.38,0.427,527,0.798,"Retail",18,1,1,0.223791360855103,0.202,167202920,7558550.93916086
258016602,7,9.11,0.502,739,1.396,"Manufacturing",10,1,0,0.0959754809737206,0,258016602,0
372243349,10,16.22,0.893,374,1.732,"Infrastructure",15,0,1,0.269448190927505,0,372243349,0
309960461,2,16.53,0.46,397,0.332,"Real_Estate",25,0,0,0.362054526805878,0.668,309960461,74964688.8079723
313496427,1,15.78,0.496,521,1.743,"IT",20,0,0,0.192147552967072,0,313496427,0
109361691,3,17.97,0.684,753,0.546,"IT",49,0,0,0.0394715182483196,0.454,109361691,1959769.07981601
109067088,3,13.98,0.21,503,1.293,"Infrastructure",20,0,0,0.0201206970959902,0,109067088,0
195083569,1,11.57,0.537,553,0.854,"Manufacturing",27,2,0,0.123138062655926,0.146,195083569,3507243.06042889
471285390,4,10.56,0.599,469,0.587,"Manufacturing",38,0,0,0.0417696312069893,0.413,471285390,8130077.1935529
481341399,1,17,0.141,702,1.461,"Manufacturing",23,3,0,0.0446653105318546,0,481341399,0
370187784,8,15.2,0.791,716,1.659,"Retail",5,0,0,0.0840983837842941,0,370187784,0
366889707,2,8.03,0.497,461,0.843,"IT",19,0,0,0.064326249063015,0.157,366889707,3705300.27136876
268344884,1,15.55,0.223,669,0.062,"Manufacturing",31,0,0,0.0384703800082207,0.938,268344884,9683283.2217759
2134210,6,15.45,0.191,542,0.821,"IT",8,0,0,0.0566028542816639,0.179,2134210,21623.6255969281
304859789,5,14.15,0.862,384,1.819,"Manufacturing",21,0,0,0.192098468542099,0,304859789,0
418563978,2,10.55,0.563,508,0.42,"Manufacturing",3,0,0,0.28664556145668,0.58,418563978,69588113.7580239
376009759,10,17.73,0.587,501,1.787,"Infrastructure",49,0,0,0.0913797691464424,0,376009759,0
226913055,2,15.83,0.328,548,0.883,"Manufacturing",37,0,0,0.0209794454276562,0.117,226913055,556979.676340843
268359207,7,17.89,0.442,661,0.909,"Manufacturing",4,0,0,0.100048564374447,0.091,268359207,2443254.75912837
269150971,4,17.06,0.115,592,0.03,"Manufacturing",41,0,0,0.0535903424024582,0.97,269150971,13991175.9130288
1689041,7,9.61,0.746,682,1.2,"Retail",6,0,0,0.122418366372585,0,1689041,0
178477311,6,8.89,0.346,815,1.267,"IT",19,0,0,0.00680222315713763,0,178477311,0
306454412,9,14.56,0.164,627,0.08,"IT",22,1,0,0.0565414689481258,0.92,306454412,15941192.010505
414642123,2,11.71,0.455,416,1.267,"Infrastructure",7,0,0,0.0827196687459946,0,414642123,0
179004278,3,9.09,0.845,463,0.494,"Manufacturing",40,1,0,0.22796131670475,0.506,179004278,20647861.7597835
205906928,6,16.44,0.82,464,1.853,"Real_Estate",15,0,0,0.299711883068085,0,205906928,0
287164474,9,10.93,0.322,872,0.648,"Real_Estate",35,0,0,0.0114457895979285,0.352,287164474,1156962.10059014
295249473,3,16.17,0.672,366,1.479,"Infrastructure",9,0,0,0.470801383256912,0,295249473,0
360108989,4,11.32,0.25,706,1.938,"IT",14,0,0,0.00646493537351489,0,360108989,0
198091550,7,10.1,0.7,684,1.811,"IT",24,0,0,0.0264727957546711,0,198091550,0
459682761,7,12.44,0.339,463,0.134,"IT",26,0,0,0.101810723543167,0.866,459682761,40529349.4750348
481322576,10,13.25,0.633,660,0.303,"Infrastructure",24,1,0,0.0924419537186623,0.697,481322576,31012596.3081545
117528239,2,17.61,0.51,836,0.33,"IT",2,0,1,0.683731019496918,0.67,117528239,53839660.7896688
362524302,10,8.11,0.105,470,0.851,"IT",27,3,0,0.0658663213253021,0.149,362524302,3557843.18240067
451913628,10,10.03,0.238,503,1.209,"Retail",31,0,0,0.0179319083690643,0,451913628,0
302133568,4,11.92,0.584,500,1.068,"Retail",11,0,0,0.0997872725129128,0,302133568,0
316122142,10,14.97,0.105,873,1.198,"Manufacturing",45,2,0,0.0364553071558475,0,316122142,0
468755539,4,13.09,0.727,478,0.36,"IT",9,0,1,0.25916662812233,0.64,468755539,77750907.172029
425390893,4,15.84,0.546,607,0.829,"IT",26,0,0,0.0584995485842228,0.171,425390893,4255364.96131004
290330629,1,17.65,0.162,475,0.208,"Infrastructure",13,0,0,0.140384539961815,0.792,290330629,32280281.9768796
410880558,7,13.96,0.744,387,1.037,"Manufacturing",17,0,0,0.147301763296127,0,410880558,0
57745586,4,15.31,0.292,899,0.792,"Manufacturing",2,0,1,0.215031355619431,0.208,57745586,2582759.22083263
382489372,9,15.12,0.433,702,1.563,"IT",7,1,0,0.0381821356713772,0,382489372,0
312183115,7,12.63,0.174,308,1.055,"Manufacturing",41,0,0,0.0450190342962742,0,312183115,0
75074857,2,10.58,0.624,835,0.751,"Retail",14,0,0,0.0279350746423006,0.249,75074857,522208.211779706
41051969,5,16.47,0.611,641,1.992,"Retail",9,1,0,0.202818870544434,0,41051969,0
232570706,6,11.23,0.721,426,1.721,"IT",46,2,0,0.641631245613098,0,232570706,0
389904713,3,14.16,0.485,773,0.387,"Retail",10,0,0,0.132542759180069,0.613,389904713,31679255.4912181
367030452,10,10.48,0.234,390,1.564,"Manufacturing",19,0,0,0.0206268969923258,0,367030452,0
408797992,3,15.92,0.78,428,1.787,"Infrastructure",11,3,1,0.7624551653862,0,408797992,0
85911078,1,8.14,0.865,666,1.919,"IT",14,2,0,0.208477362990379,0,85911078,0
472415442,10,11.04,0.444,659,1.272,"Retail",9,0,0,0.121127240359783,0,472415442,0
147518297,8,15.34,0.266,320,0.791,"Retail",46,0,0,0.0577638782560825,0.209,147518297,1780936.8502266
75386954,6,16.07,0.694,511,1.801,"Manufacturing",32,0,0,0.159892335534096,0,75386954,0
359969917,1,11.39,0.516,523,0.297,"IT",3,0,0,0.308472603559494,0.703,359969917,78061722.8225597
162718890,7,15.48,0.349,851,0.928,"Retail",45,0,0,0.027334513142705,0.072,162718890,320244.597883538
389625940,5,12.3,0.872,470,1.182,"Retail",19,1,0,0.221893846988678,0,389625940,0
197826060,1,16.25,0.586,670,0.289,"IT",32,0,0,0.0214363001286983,0.711,197826060,3015108.40355634
339617841,1,15.47,0.574,747,1.643,"IT",27,0,0,0.0116852093487978,0,339617841,0
388136696,3,12.52,0.177,804,1.964,"Manufacturing",41,0,0,0.00364527176134288,0,388136696,0
94746653,6,13.2,0.491,320,1.834,"Retail",13,0,0,0.134835854172707,0,94746653,0
15513824,6,16.51,0.176,507,1.594,"Manufacturing",18,2,0,0.0567188300192356,0,15513824,0
68721185,3,12.56,0.202,338,1.949,"Manufacturing",13,0,0,0.0571203157305717,0,68721185,0
340401925,9,9.22,0.346,724,0.474,"Retail",30,0,0,0.0295411068946123,0.526,340401925,5289376.91777088
467476654,10,10.98,0.199,537,0.051,"Retail",32,0,0,0.019072076305747,0.949,467476654,8461047.14501489
275696548,10,9.46,0.612,631,0.982,"Manufacturing",13,0,0,0.0800807550549507,0.018,275696548,397403.779137903
301281351,1,17.47,0.334,412,0.695,"Retail",37,0,0,0.0871698185801506,0.305,301281351,8010105.41601707
99300250,2,11.27,0.791,815,1.282,"Infrastructure",45,3,0,0.230183288455009,0,99300250,0
268083069,6,13.55,0.366,688,1.811,"IT",29,3,1,0.360010266304016,0,268083069,0
90598314,2,16.91,0.269,807,1.213,"Real_Estate",29,0,0,0.0219812374562025,0,90598314,0
226491361,2,13.48,0.861,536,0.329,"Manufacturing",25,0,0,0.0687497109174728,0.671,226491361,10448285.6636109
159209623,4,16.26,0.326,388,0.953,"Retail",2,0,1,0.52787971496582,0.047,159209623,3950045.92922562
58971161,8,16.36,0.329,470,0.719,"Infrastructure",11,1,0,0.0973837748169899,0.281,58971161,1613736.42804925
93864976,10,16.38,0.336,793,0.328,"Real_Estate",15,1,1,0.341034203767776,0.672,93864976,21511504.4604375
365135318,5,14.48,0.201,856,0.222,"Infrastructure",37,0,0,0.021843945607543,0.778,365135318,6205324.90806066
206524164,3,11.13,0.778,691,1.969,"Infrastructure",49,0,0,0.012843363918364,0,206524164,0
207610791,2,9.89,0.709,312,0.415,"Retail",10,1,1,0.645566642284393,0.585,207610791,78405561.730008
240674754,5,16.78,0.695,429,1.156,"Retail",48,1,0,0.228130489587784,0,240674754,0
214319738,3,11.42,0.551,895,0.472,"Infrastructure",23,1,0,0.0474425926804543,0.528,214319738,5368642.76959068
69108690,10,12.98,0.341,642,1.425,"IT",48,0,0,0.0638206675648689,0,69108690,0
412515024,5,10.19,0.536,655,0.405,"Manufacturing",35,0,0,0.0358380302786827,0.595,412515024,8796316.9227115
296559817,3,10.19,0.41,468,1.717,"Manufacturing",10,0,1,0.157599329948425,0,296559817,0
397404092,9,8.46,0.846,440,1.424,"Manufacturing",8,0,0,0.311371654272079,0,397404092,0
384747180,4,10.06,0.775,789,0.315,"Real_Estate",35,0,0,0.0397321097552776,0.685,384747180,10471469.7708986
459110152,4,12.34,0.778,381,0.034,"IT",30,0,1,0.200561419129372,0.966,459110152,88949070.9786796
431452259,4,13.43,0.621,885,0.45,"Infrastructure",47,0,0,0.0159732438623905,0.55,431452259,3790430.68139245
159170644,1,15.24,0.804,386,0.993,"Real_Estate",21,1,1,0.511209964752197,0.00700000000000001,159170644,569587.335161772
130371027,1,17.73,0.876,764,0.64,"Real_Estate",36,1,0,0.097691036760807,0.36,130371027,4584989.08483242
371390960,2,11.02,0.423,758,1.854,"Manufacturing",41,0,0,0.00738106947392225,0,371390960,0
373933197,4,15.38,0.35,363,0.009,"Retail",3,2,1,0.801542401313782,0.991,373933197,297025802.840431
459034113,8,14.7,0.447,807,0.174,"IT",47,1,0,0.161361083388329,0.826,459034113,61182019.7151372
396802413,8,12.18,0.421,383,1.3,"Manufacturing",9,0,0,0.106881506741047,0,396802413,0
67531480,10,15.75,0.473,445,1.36,"Infrastructure",5,2,1,0.562086820602417,0,67531480,0
144587126,10,11.47,0.349,890,1.275,"Retail",14,1,0,0.0400002673268318,0,144587126,0
98143396,2,12.55,0.263,821,0.244,"Infrastructure",38,3,0,0.140286043286324,0.756,98143396,10408720.4168392
392270582,5,9.79,0.422,728,1.97,"IT",44,1,0,0.0254544094204903,0,392270582,0
65307209,3,11.18,0.194,654,0.771,"Manufacturing",26,0,0,0.0100950552150607,0.229,65307209,150975.092702401
65415552,3,8.2,0.865,477,0.789,"Infrastructure",38,0,0,0.0407038182020187,0.211,65415552,561821.83733666
37054303,4,10.41,0.622,459,1.129,"IT",27,0,0,0.0920919924974442,0,37054303,0
27511612,4,14.1,0.422,715,1.537,"Manufacturing",7,1,0,0.062116052955389,0,27511612,0
266405344,3,11.9,0.443,845,1.67,"Manufacturing",43,1,0,0.0328547842800617,0,266405344,0
57041813,3,8.46,0.14,411,0.829,"Real_Estate",30,0,0,0.0213139988481998,0.171,57041813,207899.942355391
371850672,2,17.41,0.501,765,1.187,"Retail",35,0,0,0.0192987211048603,0,371850672,0
365926423,10,17.35,0.204,373,0.737,"Real_Estate",4,0,0,0.172705113887787,0.263,365926423,16620906.8789553
442673726,5,13.36,0.805,364,0.477,"Manufacturing",24,0,0,0.256746172904968,0.523,442673726,59441452.5529512
259038417,2,12.5,0.855,394,1.569,"Manufacturing",31,3,1,0.67915678024292,0,259038417,0
426113562,7,11.22,0.296,780,1.549,"Retail",20,3,0,0.0379449874162674,0,426113562,0
221955338,4,13.36,0.274,829,0.772,"Retail",15,0,0,0.00745360553264618,0.228,221955338,377195.798052311
79782170,10,11.26,0.88,846,0.109,"Retail",20,3,1,0.400799334049225,0.891,79782170,28491186.7790568
221719995,7,12.74,0.231,659,1.237,"Retail",42,0,0,0.00664485711604357,0,221719995,0
483899100,2,13.29,0.363,549,1.539,"Manufacturing",24,1,0,0.0245794877409935,0,483899100,0
242809377,9,16.46,0.66,302,0.274,"Real_Estate",10,1,0,0.612048149108887,0.726,242809377,107891607.61965
126976761,1,13.52,0.726,466,0.327,"Retail",12,2,0,0.346614569425583,0.673,126976761,29620072.8645402
130585300,2,15.06,0.344,574,0.537,"Real_Estate",3,1,0,0.554077327251434,0.463,130585300,33500065.9030773
271465955,9,17.11,0.203,773,0.247,"Infrastructure",44,0,0,0.0447548925876617,0.753,271465955,9148520.53189571
325288043,1,12.4,0.851,763,1.021,"Manufacturing",40,0,0,0.0199549160897732,0,325288043,0
168873147,4,11.36,0.586,864,1.086,"Retail",36,0,0,0.0236448980867863,0,168873147,0
31413923,7,17.2,0.438,458,1.211,"Real_Estate",7,0,0,0.178235441446304,0,31413923,0
226204114,2,16.36,0.278,496,0.041,"Manufacturing",38,1,0,0.0704401731491089,0.959,226204114,15280568.8219555
419538762,7,16.44,0.806,469,0.621,"IT",35,0,0,0.113695703446865,0.379,419538762,18078207.0194816
287744030,1,10.64,0.284,701,0.486,"IT",29,2,0,0.049140639603138,0.514,287744030,7267921.79755884
177321838,8,13.61,0.45,344,0.441,"Retail",9,1,0,0.330356001853943,0.559,177321838,32745847.3946776
274165613,1,13.87,0.184,879,0.412,"Manufacturing",30,0,0,0.0148264514282346,0.588,274165613,2390163.04892876
446466578,2,9.45,0.185,804,1.044,"Infrastructure",23,0,0,0.004897091537714,0,446466578,0
245505295,5,11.65,0.495,542,0.261,"Manufacturing",28,0,1,0.361672013998032,0.739,245505295,65617579.527985
86644424,4,16.96,0.633,761,1.999,"Infrastructure",15,1,0,0.0484900735318661,0,86644424,0
271972466,8,16.43,0.721,515,1.149,"Retail",45,3,1,0.693632185459137,0,271972466,0
480772380,7,15.69,0.119,598,0.695,"Real_Estate",26,1,0,0.0175357684493065,0.305,480772380,2571367.50541311
157528227,8,17.19,0.445,450,1.086,"Manufacturing",18,3,0,0.396579563617706,0,157528227,0
410436760,6,11.56,0.393,765,0.54,"Manufacturing",43,1,0,0.0291907135397196,0.46,410436760,5511233.26817209
154220146,4,17.38,0.416,384,1.407,"Retail",8,2,1,0.763824224472046,0,154220146,0
93541337,5,13.92,0.106,487,0.443,"IT",25,0,0,0.0574477389454842,0.557,93541337,2993172.23788327
25125042,2,15.53,0.369,353,1.915,"Real_Estate",37,1,1,0.273320883512497,0,25125042,0
123591399,8,8.8,0.702,769,1.384,"Retail",37,1,0,0.155399411916733,0,123591399,0
176202354,7,11.07,0.704,734,0.874,"Manufacturing",40,0,0,0.0189870353788137,0.126,176202354,421540.601482761
80352168,3,16.03,0.86,341,1.615,"Manufacturing",22,0,0,0.252443850040436,0,80352168,0
152744900,3,12.51,0.783,531,1.953,"Manufacturing",5,2,1,0.6166752576828,0,152744900,0
9756614,9,8.33,0.488,816,0.04,"IT",2,3,1,0.687318861484528,0.96,9756614,6437668.63336704
498279787,7,14.18,0.111,347,0.068,"IT",40,0,0,0.0799713507294655,0.932,498279787,37138436.2902649
402392263,2,15.73,0.634,386,0.438,"IT",9,0,1,0.588584542274475,0.562,402392263,133105128.654147
44203720,10,8.18,0.346,718,0.087,"Retail",18,0,0,0.0806104019284248,0.913,44203720,3253274.30760551
435096702,6,12.54,0.52,580,1.009,"IT",25,0,0,0.12978807091713,0,435096702,0
277738346,4,17.22,0.749,464,0.318,"Retail",22,0,0,0.258426398038864,0.682,277738346,48950495.6814633
211267832,5,14.36,0.843,600,1.112,"Real_Estate",44,1,0,0.195183947682381,0,211267832,0
34750773,4,9.43,0.851,326,0.79,"IT",37,2,1,0.501647174358368,0.21,34750773,3660851.687266
281157540,1,10.05,0.151,773,1.115,"Real_Estate",39,2,0,0.013110401108861,0,281157540,0
36290225,4,11.23,0.675,452,0.928,"Real_Estate",25,0,1,0.444911986589432,0.072,36290225,1162508.83909398
106484577,6,14.61,0.106,725,0.128,"Infrastructure",9,0,0,0.102545283734798,0.872,106484577,9521796.29312883
275260586,2,17.09,0.458,385,1.899,"Retail",47,0,0,0.0940110757946968,0,275260586,0
241508743,10,16.18,0.635,831,0.871,"Infrastructure",41,3,1,0.306472539901733,0.129,241508743,9548037.92596336
80575457,3,14.59,0.683,581,0.649,"Infrastructure",43,0,0,0.0406570434570312,0.351,80575457,1149861.90974352
75639919,10,11.51,0.751,741,0.015,"Manufacturing",15,0,0,0.0687627196311951,0.985,75639919,5123188.44497645
250137167,4,14.82,0.569,764,1.702,"Real_Estate",5,0,0,0.076184406876564,0,250137167,0
470341874,9,11.17,0.181,503,1.541,"Manufacturing",11,0,0,0.0106012392789125,0,470341874,0
167781432,8,10.27,0.66,804,1.135,"Manufacturing",31,0,0,0.0228762291371822,0,167781432,0
95028730,9,13.1,0.535,543,1.405,"Manufacturing",39,0,0,0.0934624224901199,0,95028730,0
135588373,2,8.55,0.642,712,1.617,"Real_Estate",29,1,0,0.033802404999733,0,135588373,0
265841295,7,10.57,0.515,597,1.381,"Infrastructure",24,0,0,0.0611467398703098,0,265841295,0
11703664,10,10.14,0.847,432,1.742,"Real_Estate",15,0,0,0.254314869642258,0,11703664,0
399581393,9,11.19,0.214,700,1.539,"Infrastructure",3,1,0,0.0294642150402069,0,399581393,0
56057215,10,14.92,0.61,712,0.067,"Infrastructure",49,1,0,0.157705530524254,0.933,56057215,8248217.13159092
270359345,9,17.77,0.446,482,0.935,"Manufacturing",28,0,1,0.346634656190872,0.065,270359345,6091534.70913418
286045715,8,15.63,0.376,384,1.473,"Infrastructure",1,0,0,0.20403815805912,0,286045715,0
309856822,2,11.72,0.274,509,0.924,"IT",17,0,0,0.0302132740616798,0.076,309856822,711495.970305503
357711993,1,13.17,0.778,757,0.649,"Manufacturing",10,3,0,0.139491602778435,0.351,357711993,17514134.55206
62526989,6,9.06,0.422,424,1.808,"Real_Estate",50,0,0,0.086446575820446,0,62526989,0
156213760,3,11.47,0.269,561,0.642,"IT",41,0,0,0.0119198840111494,0.358,156213760,666613.8642521
472923842,3,8.12,0.532,337,0.116,"Real_Estate",2,0,0,0.423860818147659,0.884,472923842,177201235.747022
250512521,1,14.48,0.406,505,0.284,"IT",7,1,0,0.746109127998352,0.716,250512521,133827329.874721
68480019,9,10.51,0.321,869,1.353,"Infrastructure",36,0,0,0.021593451499939,0,68480019,0
434759652,6,10.67,0.107,738,0.722,"Retail",6,1,0,0.0207849889993668,0.278,434759652,2512139.93440441
103319756,6,10.48,0.606,740,0.029,"Infrastructure",14,0,0,0.0234830565750599,0.971,103319756,2355902.02888077
462597900,8,14.95,0.562,683,0.181,"Manufacturing",9,0,1,0.338240951299667,0.819,462597900,128148564.533722
443490046,3,11.49,0.704,541,1.733,"IT",3,3,0,0.352721810340881,0,443490046,0
69011617,9,9.35,0.689,316,0.409,"IT",18,1,1,0.619511187076569,0.591,69011617,25267300.0429184
392889372,7,9.23,0.659,727,0.13,"Manufacturing",12,1,0,0.11713095754385,0.87,392889372,40036972.2655108
227198404,6,17.69,0.134,314,1.005,"Manufacturing",12,3,0,0.276727676391602,0,227198404,0
68735467,2,14.8,0.583,841,1.003,"Retail",8,3,0,0.47492703795433,0,68735467,0
442725297,3,8.03,0.896,888,0.801,"Real_Estate",33,0,0,0.0319965332746506,0.199,442725297,2818969.26470102
169020057,7,8.09,0.828,375,1.383,"IT",10,0,1,0.419851273298264,0,169020057,0
160317783,9,17.22,0.241,644,1.544,"Real_Estate",3,0,0,0.0521822087466717,0,160317783,0
202487625,8,16.03,0.157,786,1.187,"Retail",10,2,0,0.0291196461766958,0,202487625,0
240059576,6,10.56,0.179,847,0.024,"IT",49,0,0,0.0258708205074072,0.976,240059576,6061485.28493755
184583008,1,13.51,0.621,367,0.13,"Manufacturing",8,1,0,0.28084197640419,0.87,184583008,45099631.3962949
233379593,3,16.95,0.397,854,1.595,"Manufacturing",33,0,0,0.0220041908323765,0,233379593,0
25896184,5,17.07,0.847,718,1.675,"Retail",7,2,0,0.384142607450485,0,25896184,0
94490999,8,8.72,0.594,584,1.355,"Infrastructure",26,0,0,0.0722693204879761,0,94490999,0
491347047,7,15.37,0.482,672,0.675,"Manufacturing",47,1,0,0.0311597809195518,0.325,491347047,4975836.56049634
164808761,9,11.7,0.364,358,0.192,"Manufacturing",6,0,0,0.206394150853157,0.808,164808761,27484575.9380428
86327199,9,17.48,0.354,591,1.026,"Retail",19,0,0,0.0830301493406296,0,86327199,0
244639192,5,13.83,0.652,346,0.624,"Infrastructure",39,0,0,0.226982980966568,0.376,244639192,20878878.8310911
10325018,9,13.5,0.427,353,1.175,"Manufacturing",38,2,1,0.342075496912003,0,10325018,0
170403057,6,9.56,0.249,305,0.739,"Real_Estate",26,1,1,0.0991355925798416,0.261,170403057,4409075.09664211
15802024,10,14.5,0.232,524,1.921,"Manufacturing",3,0,0,0.0684757977724075,0,15802024,0
433747103,5,10.96,0.714,865,0.967,"IT",17,0,0,0.0198233053088188,0.033,433747103,283743.941236295
366122092,5,8.78,0.151,707,0.028,"Infrastructure",20,0,0,0.0189145728945732,0.972,366122092,6731141.79351911
158315138,9,14.9,0.54,582,0.276,"Infrastructure",23,0,0,0.205484688282013,0.724,158315138,23552687.8303518
193840552,10,12.2,0.203,887,1.159,"Manufacturing",5,0,0,0.0103762177750468,0,193840552,0
166890549,1,15.08,0.876,785,0.226,"Retail",14,0,0,0.082770548760891,0.774,166890549,10691743.6785719
45799208,8,8.64,0.867,375,1.319,"Manufacturing",28,0,0,0.182778671383858,0,45799208,0
378770746,10,9.1,0.618,551,1.926,"Retail",6,0,0,0.277492135763168,0,378770746,0
301881280,2,16.57,0.842,328,1.994,"Manufacturing",3,1,1,0.790692269802094,0,301881280,0
73554586,3,9.57,0.486,838,0.349,"Manufacturing",33,0,0,0.056219644844532,0.651,73554586,2692023.46874589
17226224,8,13,0.543,383,0.964,"Real_Estate",26,0,0,0.102778360247612,0.036,17226224,63737.3900152102
242400303,3,13.82,0.543,670,0.397,"Retail",48,0,0,0.0592751912772655,0.603,242400303,8664099.56857325
222840194,9,8.13,0.105,516,0.253,"Retail",23,0,0,0.0310144610702991,0.747,222840194,5162717.58571805
31132409,9,17.22,0.667,673,1.032,"Real_Estate",35,2,1,0.450732409954071,0,31132409,0
164425505,4,14.66,0.172,460,1.823,"Infrastructure",48,0,0,0.0331907235085964,0,164425505,0
439336095,2,15.72,0.268,536,1.687,"Infrastructure",12,0,0,0.0382251590490341,0,439336095,0
465371838,6,14.15,0.122,346,0.154,"Manufacturing",1,0,0,0.188951641321182,0.846,465371838,74391125.632083
196697050,10,8.64,0.226,579,0.335,"Retail",2,0,0,0.0816197320818901,0.665,196697050,10676149.7473283
80264541,9,15.48,0.112,315,1.803,"IT",8,1,1,0.168494373559952,0,80264541,0
160653853,5,10.36,0.744,794,1.217,"Manufacturing",41,2,0,0.0895262882113457,0,160653853,0
154175845,1,17.89,0.494,876,0.037,"Manufacturing",39,0,0,0.0637671798467636,0.963,154175845,9467598.55920451
54797816,7,8.33,0.527,302,1.765,"Retail",6,1,0,0.179344713687897,0,54797816,0
489687817,7,14.16,0.188,592,0.138,"IT",38,0,0,0.0247854255139828,0.862,489687817,10462198.2273149
248954811,4,15.84,0.155,418,1.122,"Manufacturing",30,0,0,0.117491722106934,0,248954811,0
47444261,9,16.95,0.107,435,1.27,"Retail",43,0,0,0.024820314720273,0,47444261,0
106675055,7,9.92,0.234,381,0.837,"Infrastructure",33,0,0,0.0176963452249765,0.163,106675055,307704.651828258
465319872,3,12.32,0.571,457,0.135,"Manufacturing",41,0,0,0.0692052841186523,0.865,465319872,27855243.7648599
149126357,5,12.96,0.533,508,1.266,"Manufacturing",33,0,0,0.0678844600915909,0,149126357,0
326955906,9,11.45,0.652,882,1.877,"Real_Estate",16,2,0,0.108678080141544,0,326955906,0
450634168,9,15.29,0.804,394,1.086,"IT",36,0,0,0.140090420842171,0,450634168,0
495407101,2,15.32,0.249,842,0.237,"Retail",2,1,0,0.188397988677025,0.763,495407101,71213614.1717981
215736277,7,12.47,0.561,751,0.311,"Real_Estate",38,1,0,0.0932780727744102,0.689,215736277,13865066.7966535
197494684,8,16.21,0.875,441,1.694,"Manufacturing",26,0,0,0.133236080408096,0,197494684,0
71812539,4,9.98,0.498,839,1.243,"Infrastructure",7,0,0,0.0477835908532143,0,71812539,0
140623541,3,10.14,0.469,858,0.928,"IT",12,0,0,0.0144998384639621,0.072,140623541,146809.341268585
282846289,1,13.46,0.358,794,0.382,"Retail",6,0,0,0.075386144220829,0.618,282846289,13177423.121356
467634613,1,16.95,0.376,840,1.184,"Manufacturing",15,0,0,0.0207493435591459,0,467634613,0
179841672,3,8.92,0.288,817,1.947,"Infrastructure",2,0,0,0.0234950296580791,0,179841672,0
421161583,5,9.94,0.434,703,1.693,"Infrastructure",26,2,0,0.049689058214426,0,421161583,0
361482198,6,17.91,0.309,782,0.373,"Real_Estate",22,2,0,0.124628223478794,0.627,361482198,28246904.3657805
375617259,1,11.32,0.392,662,0.164,"Infrastructure",17,1,0,0.0904429629445076,0.836,375617259,28400540.0317776
462070238,3,8.06,0.637,784,1.893,"Retail",43,0,0,0.0125644644722342,0,462070238,0
2186675,7,13.81,0.502,303,1.516,"Infrastructure",3,0,0,0.064939595758915,0,2186675,0
81054528,5,17.86,0.324,397,1.335,"Manufacturing",43,0,0,0.0692653581500053,0,81054528,0
200237203,2,13.78,0.129,591,0.316,"Infrastructure",7,1,0,0.0881770998239517,0.684,200237203,12076933.7127815
337984469,7,15.16,0.559,322,1.446,"Retail",12,1,1,0.624666333198547,0,337984469,0
240705636,9,13.95,0.517,366,0.342,"Retail",21,3,1,0.851756155490875,0.658,240705636,134904809.68782
267380562,8,10.8,0.406,890,1.01,"Real_Estate",20,0,0,0.0199397727847099,0,267380562,0
159158128,2,11.37,0.528,479,1.101,"Manufacturing",21,0,0,0.0990021005272865,0,159158128,0
407564038,7,14.08,0.551,463,0.163,"Real_Estate",3,1,1,0.617026090621948,0.837,407564038,210486788.902862
146817541,7,10.39,0.868,726,1.11,"Retail",5,0,0,0.106026791036129,0,146817541,0
205156914,4,12.81,0.777,872,0.971,"Retail",3,0,0,0.0811215043067932,0.029,205156914,482636.486995963
46368236,10,12.34,0.23,324,0.424,"Manufacturing",44,2,0,0.119649663567543,0.576,46368236,3195615.65046937
399499722,8,17.88,0.73,332,0.821,"Retail",9,3,0,0.80502712726593,0.179,399499722,57567852.3245904
180532840,10,11.64,0.64,491,0.161,"Retail",46,0,0,0.0712874308228493,0.839,180532840,10797697.0455694
21203301,3,17.86,0.486,563,1.982,"Retail",38,1,0,0.11298243701458,0,21203301,0
21502084,4,14.09,0.496,399,0.712,"Manufacturing",29,2,0,0.288175702095032,0.288,21502084,1784556.90812343
477262685,2,15.78,0.228,569,1.302,"Manufacturing",18,0,0,0.0275072567164898,0,477262685,0
187297281,10,13.26,0.397,364,0.694,"Infrastructure",9,0,0,0.0799840465188026,0.306,187297281,4584123.09752287
403403414,10,11.88,0.674,640,0.909,"IT",44,0,0,0.13409811258316,0.091,403403414,4922702.9148573
455119445,4,15.73,0.639,480,1.985,"Retail",18,1,0,0.16252039372921,0,455119445,0
220598030,8,13.6,0.543,402,1.063,"Infrastructure",32,1,0,0.0797854289412498,0,220598030,0
288591915,5,10.86,0.86,841,1.338,"Manufacturing",28,2,0,0.165739208459854,0,288591915,0
37760230,6,10.17,0.225,525,1.962,"Retail",49,0,0,0.0261849835515022,0,37760230,0
83149070,6,12.04,0.175,773,1.712,"IT",34,1,0,0.010190362110734,0,83149070,0
370205497,9,9.69,0.774,775,0.107,"Real_Estate",7,0,0,0.124738290905952,0.893,370205497,41237669.2749335
238379795,6,17.27,0.725,350,1.718,"Real_Estate",41,0,0,0.341794431209564,0,238379795,0
343074956,7,11.8,0.748,586,0.935,"IT",4,0,0,0.0886258706450462,0.065,343074956,1976345.58368071
475805956,4,14.31,0.378,731,1.59,"Manufacturing",5,0,0,0.014150976203382,0,475805956,0
249234779,10,17.37,0.295,471,1.12,"IT",38,1,1,0.313120812177658,0,249234779,0
235779813,5,9.21,0.177,390,1.321,"Retail",7,0,0,0.148643359541893,0,235779813,0
280535783,1,11.16,0.897,493,1.225,"Infrastructure",17,0,0,0.0639442950487137,0,280535783,0
326602550,10,15.26,0.378,669,1.274,"Manufacturing",6,0,0,0.0504637435078621,0,326602550,0
140507176,3,14.09,0.101,896,1.833,"IT",7,1,0,0.0523092783987522,0,140507176,0
489973887,10,13.27,0.316,617,0.512,"IT",7,0,0,0.0824268534779549,0.488,489973887,19708858.8263852
322288190,2,17.02,0.693,449,0.472,"Manufacturing",4,0,1,0.772924602031708,0.528,322288190,131527160.685502
291706639,9,9.34,0.279,673,1.624,"Infrastructure",21,0,0,0.00936989299952984,0,291706639,0
308319642,4,14.64,0.352,743,0.041,"Real_Estate",11,0,0,0.0543967559933662,0.959,308319642,16083953.2121488
462645007,5,9.7,0.661,609,1.517,"Infrastructure",36,0,0,0.0559586510062218,0,462645007,0
195621425,8,15.01,0.561,840,0.598,"Manufacturing",24,1,0,0.0509102493524551,0.402,195621425,4003572.48122391
144671923,2,13.88,0.723,720,0.04,"Retail",48,1,1,0.137479528784752,0.96,144671923,19093850.690327
46277246,6,10.57,0.218,385,0.428,"Manufacturing",40,0,0,0.0199611634016037,0.572,46277246,528383.666772225
161694918,10,14.31,0.457,636,0.391,"Retail",12,0,0,0.104073345661163,0.609,161694918,10248331.8354345
379376786,3,13.48,0.422,514,0.056,"Manufacturing",35,0,0,0.0810041502118111,0.944,379376786,29010152.8870571
53102052,8,12.7,0.728,757,0.07,"Manufacturing",45,0,0,0.0603681392967701,0.93,53102052,2981275.02703471
355428648,7,9.62,0.316,697,1.155,"IT",24,0,0,0.00821215473115444,0,355428648,0
483272214,3,12.76,0.876,648,1.729,"Retail",24,0,0,0.100796565413475,0,483272214,0
101544122,6,10.25,0.653,833,1.106,"Manufacturing",27,0,0,0.0322882272303104,0,101544122,0
55135839,8,11.53,0.634,840,0.906,"Infrastructure",21,0,0,0.0225639510899782,0.094,55135839,116943.743203086
28645687,9,9.23,0.641,823,0.344,"Real_Estate",18,0,0,0.104030713438988,0.656,28645687,1954900.50364732
415032034,7,16.7,0.646,586,1.427,"Manufacturing",21,0,0,0.127269104123116,0,415032034,0
291017681,10,11.29,0.714,584,1.968,"IT",25,0,1,0.401895999908447,0,291017681,0
235576095,3,16.18,0.616,418,0.103,"Infrastructure",19,0,0,0.15549224615097,0.897,235576095,32857339.7674689
183142046,3,14.31,0.624,685,1.857,"Manufacturing",41,0,0,0.00946484040468931,0,183142046,0
140782189,3,8.38,0.474,506,1.125,"Manufacturing",29,1,0,0.0908250510692596,0,140782189,0
300258212,7,12.6,0.473,646,0.532,"Real_Estate",10,1,0,0.121281266212463,0.468,300258212,17042545.7944795
409466237,1,8.88,0.55,567,1.951,"Real_Estate",7,2,1,0.623137652873993,0,409466237,0
49818308,4,9.65,0.469,663,1.819,"IT",6,0,0,0.0519910827279091,0,49818308,0
481881074,2,14.4,0.374,348,0.286,"Manufacturing",24,3,0,0.586961567401886,0.714,481881074,201951808.73439
85199485,3,9.65,0.875,555,0.24,"Manufacturing",11,0,0,0.0918850600719452,0.76,85199485,5949705.44596608
43955620,2,9.52,0.177,333,1.402,"IT",16,0,0,0.0522067584097385,0,43955620,0
430744137,10,8.9,0.742,319,1.117,"IT",20,2,0,0.460037589073181,0,430744137,0
262870510,7,9.27,0.196,421,1.666,"IT",49,1,0,0.120991505682468,0,262870510,0
328748627,1,14.61,0.481,536,1.977,"Real_Estate",24,0,0,0.0747122690081596,0,328748627,0
115530167,3,13.94,0.133,736,0.095,"Real_Estate",17,1,0,0.0694120079278946,0.905,115530167,7257358.68528206
360891790,4,14.08,0.847,668,1.648,"Manufacturing",35,2,0,0.134474262595177,0,360891790,0
245884447,4,12.71,0.264,889,1.414,"Manufacturing",39,0,0,0.0144203538075089,0,245884447,0
482662541,5,8.79,0.639,689,0.698,"Manufacturing",8,0,0,0.0723473876714706,0.302,482662541,10545650.9384037
453564298,4,13.58,0.614,543,1.38,"Retail",36,0,0,0.0893217623233795,0,453564298,0
276074013,6,8.46,0.468,593,0.03,"Manufacturing",20,0,0,0.106532864272594,0.97,276074013,28528626.6954359
38723951,7,10.05,0.469,361,0.839,"Manufacturing",14,0,0,0.0566239021718502,0.161,38723951,353024.895314175
12327306,2,12.72,0.223,695,1.532,"IT",11,0,0,0.00596129195764661,0,12327306,0
257106524,8,10.09,0.524,460,1.848,"Infrastructure",28,1,1,0.252713769674301,0,257106524,0
315732350,4,11.23,0.608,542,0.406,"Retail",8,0,0,0.404874205589294,0.594,315732350,75932139.3247441
209967041,1,13.42,0.478,533,1.166,"Retail",13,1,0,0.0682156533002853,0,209967041,0
439753707,3,9.14,0.658,325,1.907,"IT",49,1,0,0.222214877605438,0,439753707,0
54885549,9,13.07,0.177,832,0.807,"Infrastructure",16,2,0,0.0189051907509565,0.193,54885549,200261.002249982
490159070,5,16.51,0.309,555,1.811,"Manufacturing",15,1,0,0.097220204770565,0,490159070,0
133218349,7,12.89,0.768,525,0.925,"IT",10,0,1,0.441073805093765,0.075,133218349,4406934.30763044
43054484,9,12.74,0.227,569,1.275,"IT",38,0,0,0.0143327927216887,0,43054484,0
193567681,5,9.99,0.71,448,0.274,"Manufacturing",19,0,0,0.14111864566803,0.726,193567681,19831422.5251582
63323018,6,12.92,0.173,305,1.842,"IT",4,0,0,0.0932778269052505,0,63323018,0
291195557,4,14.14,0.425,520,1.461,"Real_Estate",8,0,0,0.290104657411575,0,291195557,0
120834654,2,15.31,0.253,792,0.125,"Retail",40,2,0,0.130339458584785,0.875,120834654,13780832.9580599
361222056,6,13.28,0.45,603,0.651,"Infrastructure",40,0,1,0.0233018398284912,0.349,361222056,2937581.33350917
73818417,4,14.63,0.786,381,1.97,"IT",3,0,0,0.35922846198082,0,73818417,0
77266546,1,17.03,0.731,899,1.066,"Real_Estate",39,1,0,0.0950754731893539,0,77266546,0
130352112,2,11.71,0.644,738,1.894,"IT",49,0,0,0.0148542197421193,0,130352112,0
389165244,8,11.09,0.713,867,1.379,"IT",5,1,0,0.0730442330241203,0,389165244,0
213806684,2,9.28,0.242,657,1.781,"IT",19,0,0,0.00566369341686368,0,213806684,0
30964120,3,16.25,0.101,727,1.025,"Infrastructure",48,0,0,0.00927269458770752,0,30964120,0
58301436,5,16.81,0.145,399,1.359,"Real_Estate",27,0,0,0.10590635985136,0,58301436,0
241895692,9,9.73,0.821,869,0.13,"Retail",34,0,0,0.0642509683966637,0.87,241895692,13521568.2419235
489607618,2,8.44,0.102,657,0.419,"Real_Estate",45,0,0,0.00722056441009045,0.581,489607618,2053976.38137662
405946877,4,14.08,0.595,364,1.574,"Retail",19,1,0,0.165475681424141,0,405946877,0
271913496,1,17.16,0.24,839,0.63,"Real_Estate",43,0,0,0.0179634001106024,0.37,271913496,1807261.64192465
37111176,7,9.46,0.311,358,0.6,"Manufacturing",40,0,0,0.0600856393575668,0.4,37111176,891939.494908476
233776138,10,10.94,0.647,644,0.687,"Real_Estate",8,0,1,0.481767505407333,0.313,233776138,35251858.7571704
170612917,5,16.28,0.268,824,0.421,"Retail",4,1,0,0.125925347208977,0.579,170612917,12439520.179894
345269384,1,17.81,0.193,532,1.826,"Retail",12,1,1,0.318476617336273,0,345269384,0
257564529,8,14.76,0.66,680,0.706,"Manufacturing",9,0,0,0.138507500290871,0.294,257564529,10488338.0081633
257946585,8,12.19,0.596,610,0.054,"IT",40,1,0,0.153634384274483,0.946,257946585,37489473.6650228
273211663,7,11.82,0.876,837,0.401,"Retail",21,0,0,0.0651448965072632,0.599,273211663,10661208.9609166
224281208,3,10.91,0.867,526,0.745,"Manufacturing",14,0,0,0.0903436541557312,0.255,224281208,5166907.89174131
42858535,5,12.44,0.781,624,1.396,"Infrastructure",34,0,0,0.0778065323829651,0,42858535,0
465136712,1,13.16,0.112,334,1.427,"Manufacturing",16,0,0,0.0401201955974102,0,465136712,0
9207645,7,14.34,0.363,328,1.422,"Infrastructure",49,0,0,0.074042521417141,0,9207645,0
207632107,9,17.06,0.462,638,0.089,"Infrastructure",18,0,0,0.0488593727350235,0.911,207632107,9241889.57648854
114261071,7,15.03,0.283,430,0.906,"Infrastructure",36,1,0,0.111851997673512,0.094,114261071,1201350.9304805
50720653,1,8.35,0.232,407,0.594,"IT",1,1,0,0.193890392780304,0.406,50720653,3992704.41689086
241979014,7,16.92,0.228,878,0.776,"IT",29,0,0,0.037129383534193,0.224,241979014,2012535.08243914
325414207,7,11.79,0.765,334,1.886,"Real_Estate",40,3,1,0.824579656124115,0,325414207,0
460743559,3,11.42,0.739,334,1.278,"IT",3,0,1,0.40359154343605,0,460743559,0
181938302,1,14.16,0.502,316,1.135,"IT",31,0,0,0.0775989517569542,0,181938302,0
427712360,1,10.68,0.324,525,0.242,"Manufacturing",27,0,0,0.0756915137171745,0.758,427712360,24539640.5406704
151152170,6,13.59,0.611,511,1.737,"Retail",30,2,0,0.272126644849777,0,151152170,0
233365550,5,17.98,0.615,651,0.591,"Real_Estate",3,1,0,0.419445753097534,0.409,233365550,40034633.246509
72222602,4,13.46,0.556,742,0.939,"Infrastructure",44,3,1,0.333627492189407,0.061,72222602,1469822.18066388
404051778,4,9.82,0.586,538,0.256,"IT",37,0,0,0.0851954743266106,0.744,404051778,25610996.8621399
333238008,7,11.73,0.573,338,1.643,"Manufacturing",4,2,0,0.422896027565002,0,333238008,0
31908549,6,14.24,0.158,726,0.778,"Real_Estate",20,2,0,0.019111754372716,0.222,31908549,135381.893894865
216031859,2,9.27,0.603,438,1.425,"Manufacturing",44,0,1,0.0484865866601467,0,216031859,0
199030686,9,16.56,0.579,856,1.308,"IT",21,0,0,0.0279999151825905,0,199030686,0
348781419,10,17.98,0.232,704,1.716,"Real_Estate",36,0,1,0.0710556358098984,0,348781419,0
330000506,2,8.05,0.289,697,1.256,"Retail",37,0,0,0.00382447661831975,0,330000506,0
204268004,5,8.73,0.82,359,1.025,"IT",49,0,0,0.105669990181923,0,204268004,0
154153190,8,16.96,0.316,605,0.831,"Real_Estate",40,1,0,0.0515816733241081,0.169,154153190,1343800.03354791
128298565,7,16.37,0.85,860,0.313,"IT",37,0,0,0.0614252835512161,0.687,128298565,5414092.92949098
336611509,1,16,0.745,516,1.5,"Retail",10,0,0,0.561975121498108,0,336611509,0
447302323,8,9.34,0.452,425,0.174,"IT",8,0,1,0.474993318319321,0.826,447302323,175496597.737005
423022342,3,11.19,0.212,353,0.196,"Manufacturing",11,0,0,0.0567537061870098,0.804,423022342,19302500.9095607
197058027,2,8.23,0.442,492,1.554,"Manufacturing",3,1,0,0.169209599494934,0,197058027,0
40446219,6,11.24,0.87,611,1.856,"Retail",8,0,1,0.507901728153229,0,40446219,0
414383105,7,13.6,0.126,832,0.672,"Manufacturing",12,0,0,0.00874365214258432,0.328,414383105,1188416.72543395
37373021,3,13.53,0.315,680,0.051,"Retail",3,1,0,0.316855043172836,0.949,37373021,11237896.8431491
58266576,3,17.83,0.552,724,0.414,"Manufacturing",25,0,0,0.108276784420013,0.586,58266576,3697025.64822838
320352151,2,17.88,0.475,615,1.275,"IT",41,0,0,0.0338237844407558,0,320352151,0
160962534,5,15.35,0.11,782,1.509,"Infrastructure",8,0,0,0.0244929566979408,0,160962534,0
95186014,6,16.28,0.527,555,0.382,"IT",34,3,0,0.584831118583679,0.618,95186014,34402665.1994256
197520991,9,8.51,0.436,375,1.305,"Retail",6,0,0,0.132817894220352,0,197520991,0
431150982,3,10.34,0.475,340,1.973,"Infrastructure",23,1,0,0.154091730713844,0,431150982,0
174607792,2,10.55,0.155,814,0.249,"Retail",41,0,0,0.0057249404489994,0.751,174607792,750714.027559587
1715515,6,10.87,0.255,610,0.258,"Retail",12,0,0,0.0148641802370548,0.742,1715515,18920.7953262534
455730942,10,10.27,0.268,598,0.093,"Infrastructure",31,1,0,0.0786735638976097,0.907,455730942,32519557.4886983
475910001,1,10.93,0.669,896,1.628,"Retail",40,1,0,0.0380997508764267,0,475910001,0
245968573,5,9.26,0.448,711,0.139,"Real_Estate",27,0,0,0.135412082076073,0.861,245968573,28677427.3884762
232362206,4,15.1,0.881,730,0.915,"Manufacturing",34,0,0,0.0345438905060291,0.085,232362206,682269.041153287
298639551,2,16.48,0.66,606,1.865,"Manufacturing",15,0,1,0.292261987924576,0,298639551,0
453119428,3,17.86,0.509,355,1.125,"Manufacturing",36,0,0,0.109488375484943,0,453119428,0
87327588,6,17.93,0.836,558,1.353,"IT",37,2,1,0.592813432216644,0,87327588,0
393154657,10,12.47,0.224,685,1.22,"Infrastructure",18,2,0,0.0236819442361593,0,393154657,0
117234258,6,8.73,0.368,890,0.786,"Real_Estate",50,1,0,0.0658147037029266,0.214,117234258,1651167.92217793
288947056,9,14.41,0.5,757,1.659,"Manufacturing",5,1,0,0.030867125838995,0,288947056,0
420597640,10,15.95,0.433,354,1.398,"Real_Estate",1,1,0,0.451241105794907,0,420597640,0
66969685,10,14.04,0.424,836,0.043,"Retail",4,0,1,0.481166571378708,0.957,66969685,30837960.0478983
448049704,3,9.43,0.427,854,0.925,"IT",19,0,0,0.0171795506030321,0.075,448049704,577296.942190617
225618533,3,17.82,0.804,396,1.532,"Real_Estate",41,3,0,0.373268902301788,0,225618533,0
447177126,6,16.63,0.349,521,0.133,"Infrastructure",38,0,0,0.118849337100983,0.867,447177126,46078193.2279102
125024045,8,8.81,0.244,516,1.422,"IT",33,0,0,0.0363468490540981,0,125024045,0
42763952,1,13.87,0.403,438,1.617,"Infrastructure",24,1,0,0.072987399995327,0,42763952,0
25271896,4,11.55,0.411,795,0.115,"IT",26,0,0,0.124947689473629,0.885,25271896,2794533.53722879
489928118,1,11.88,0.71,753,1.656,"Real_Estate",33,0,0,0.0130875566974282,0,489928118,0
242599703,2,15.48,0.778,480,0.119,"Real_Estate",10,0,1,0.509317994117737,0.881,242599703,108856707.206962
422851124,7,15.61,0.868,504,0.18,"Real_Estate",6,2,0,0.476482838392258,0.82,422851124,165214669.100319
208730509,4,9.89,0.573,321,0.648,"IT",29,0,0,0.121905326843262,0.352,208730509,8956767.04447549
245181929,5,17.86,0.853,792,1.841,"Manufacturing",20,0,0,0.12176925688982,0,245181929,0
92460621,7,9.77,0.806,606,1.446,"Real_Estate",13,0,0,0.214626893401146,0,92460621,0
379821572,5,17.21,0.464,401,0.886,"Manufacturing",4,0,0,0.276806682348251,0.114,379821572,11985635.0121764
153266508,4,18,0.138,659,0.658,"Real_Estate",32,1,0,0.0253503788262606,0.342,153266508,1328794.50139891
83673445,1,12.22,0.677,385,0.448,"Real_Estate",22,0,0,0.318922281265259,0.552,83673445,14730299.9303192
17371762,4,13.81,0.287,388,0.42,"Infrastructure",26,0,0,0.112234599888325,0.58,17371762,1130833.39930662
69116099,7,15.75,0.324,839,1.999,"IT",21,0,0,0.028198841959238,0,69116099,0
89391069,4,10.01,0.293,403,0.124,"Manufacturing",22,2,0,0.419930189847946,0.876,89391069,32883295.5124716
260260665,2,9.37,0.153,762,0.864,"Retail",29,1,0,0.0166089572012424,0.136,260260665,587881.521476658
405749272,8,14.55,0.464,616,0.167,"IT",13,0,0,0.0915116369724274,0.833,405749272,30929939.8075485
58565644,2,14.66,0.658,560,0.091,"Infrastructure",42,1,0,0.0856510624289513,0.909,58565644,4559734.55406608
446817472,9,11.19,0.183,643,0.638,"Real_Estate",48,0,0,0.00965721905231476,0.362,446817472,1562035.141669
288101088,5,16.32,0.615,716,1.076,"Retail",11,0,0,0.0483162552118301,0,288101088,0
74139625,3,9.03,0.329,639,0.722,"Manufacturing",14,1,0,0.0478138253092766,0.278,74139625,985481.943752186
451500092,2,14.77,0.856,613,1.458,"Infrastructure",47,0,0,0.0524680726230145,0,451500092,0
127248232,2,15,0.125,365,1.443,"Retail",14,0,0,0.0939234867691994,0,127248232,0
76148203,10,10.75,0.445,618,1.736,"Manufacturing",48,0,0,0.0428842417895794,0,76148203,0
384505033,5,17.64,0.686,396,0.105,"Real_Estate",44,0,1,0.124683722853661,0.895,384505033,42907659.4785166
115831542,10,12.82,0.135,488,1.297,"Infrastructure",9,0,0,0.0358051508665085,0,115831542,0
153394265,8,17.81,0.37,557,0.304,"Infrastructure",11,0,0,0.136595994234085,0.696,153394265,14583317.3276873
259766236,1,10.8,0.59,664,0.91,"Real_Estate",10,0,0,0.0804794803261757,0.09,259766236,1881526.651161
167965234,3,9.43,0.574,709,1.488,"Infrastructure",22,0,0,0.0203559752553701,0,167965234,0
78063049,8,14.71,0.152,571,0.564,"IT",19,1,0,0.025547306984663,0.436,78063049,869515.095155341
133918415,9,8.15,0.464,798,1.594,"Infrastructure",22,0,0,0.0145658832043409,0,133918415,0
176026554,5,11.78,0.206,839,1.455,"IT",18,0,0,0.00612399447709322,0,176026554,0
289650731,9,17.42,0.68,496,0.635,"IT",32,0,0,0.195987418293953,0.365,289650731,20720283.1261109
404492296,6,12.12,0.358,328,0.488,"Manufacturing",46,0,0,0.0956589356064796,0.512,404492296,19810970.8781471
466701887,4,15.16,0.628,851,1.271,"Retail",48,2,0,0.0667399987578392,0,466701887,0
417097805,10,10.64,0.361,747,1.633,"Retail",48,0,0,0.0159077867865562,0,417097805,0
64374384,7,9.52,0.128,547,1.116,"Retail",15,0,0,0.00859771482646465,0,64374384,0
325077522,4,16.57,0.167,473,0.705,"IT",41,0,0,0.0391908325254917,0.295,325077522,3758317.32313864
345485477,2,9.68,0.18,740,0.241,"Retail",22,0,0,0.0121716214343905,0.759,345485477,3191684.893777
16990367,9,14.32,0.782,475,0.036,"IT",6,0,0,0.17004269361496,0.964,16990367,2785080.61046
460324086,9,9.2,0.241,558,0.524,"Retail",2,1,0,0.197409525513649,0.476,460324086,43255243.0742877
239755975,5,9.7,0.596,588,1.594,"Retail",23,0,0,0.0607639998197556,0,239755975,0
133993769,2,14.13,0.126,875,1.817,"Manufacturing",14,0,0,0.0127915134653449,0,133993769,0
428398847,6,13.99,0.243,851,0.783,"Retail",16,0,0,0.00983659271150827,0.217,428398847,914434.739796068
115344092,3,14.42,0.113,870,0.37,"Retail",4,0,1,0.255542546510696,0.63,115344092,18569453.4866257
396181490,9,10.92,0.259,346,1.02,"IT",50,1,0,0.0911324843764305,0,396181490,0
323740655,1,13.88,0.77,618,0.336,"Manufacturing",38,1,0,0.142053455114365,0.664,323740655,30536349.7928817
212743011,6,13.41,0.188,409,1.894,"Manufacturing",28,1,1,0.0747779980301857,0,212743011,0
48439066,1,12.06,0.469,866,0.078,"Infrastructure",40,0,0,0.0324718318879604,0.922,48439066,1450218.6017408
2730384,9,17.69,0.61,547,0.862,"IT",44,0,0,0.0751209631562233,0.138,2730384,28305.0524695551
266035701,10,12.06,0.454,344,1.845,"IT",19,3,1,0.762859761714935,0,266035701,0
262629251,4,9.49,0.749,641,1.187,"IT",9,0,0,0.120209783315659,0,262629251,0
107379592,7,13.96,0.405,897,0.823,"Infrastructure",11,3,0,0.162373900413513,0.177,107379592,3086108.84247975
358749108,5,13.87,0.36,646,1.119,"Manufacturing",47,0,0,0.0101067507639527,0,358749108,0
480710445,5,14.32,0.216,300,0.658,"Infrastructure",37,0,0,0.029819106683135,0.342,480710445,4902349.76675809
259615033,7,8.77,0.777,885,1.875,"Retail",42,1,0,0.150639817118645,0,259615033,0
88089483,2,9.15,0.66,816,0.958,"Infrastructure",18,1,0,0.0777413249015808,0.042,88089483,287624.110969242
281707527,4,15.31,0.4,654,0.757,"Retail",28,0,0,0.0350822657346725,0.243,281707527,2401554.01216616
379869827,10,17.4,0.596,477,0.829,"Retail",49,0,0,0.134782701730728,0.171,379869827,8755179.75172658
333818697,1,8.75,0.581,583,0.423,"Retail",34,1,0,0.206234335899353,0.577,333818697,39723494.194358
113211589,2,8.79,0.476,809,0.636,"Manufacturing",12,0,0,0.0236187838017941,0.364,113211589,973306.896179278
173579031,1,8.44,0.794,643,0.459,"Manufacturing",8,0,0,0.23277273774147,0.541,173579031,21858816.2468664
160596048,7,9.02,0.626,752,0.679,"Real_Estate",25,0,0,0.0404577367007732,0.321,160596048,2085650.19267917
452544300,3,15.11,0.276,411,0.036,"Infrastructure",15,2,1,0.587210714817047,0.964,452544300,256172262.861363
100399992,8,8.79,0.791,490,1.325,"IT",2,0,1,0.336895078420639,0,100399992,0
340800545,10,10.26,0.536,762,0.062,"Real_Estate",23,0,0,0.0696043223142624,0.938,340800545,22250477.1383548
69621362,9,17.76,0.152,860,0.661,"Manufacturing",39,3,0,0.0521706007421017,0.339,69621362,1231311.82692791
54390349,6,8.24,0.662,437,1.807,"Retail",41,0,0,0.123740121722221,0,54390349,0
47336838,4,15.01,0.706,781,1.246,"IT",13,2,0,0.157470405101776,0,47336838,0
458308029,2,8.93,0.369,406,0.957,"Manufacturing",38,0,0,0.0277110636234283,0.043,458308029,546108.726882123
139253157,7,12.94,0.769,344,1.45,"Infrastructure",19,0,0,0.174459651112556,0,139253157,0
443011145,7,16.59,0.547,700,1.061,"Infrastructure",32,0,0,0.0257992409169674,0,443011145,0
386659460,2,10.15,0.451,758,0.59,"Real_Estate",36,0,0,0.00881051365286112,0.41,386659460,1396734.06504854
397730567,3,13.7,0.624,727,1.182,"Infrastructure",7,0,1,0.0690522566437721,0,397730567,0
103631123,3,12.91,0.424,512,0.308,"IT",10,0,1,0.516047537326813,0.692,103631123,37007181.3836769
25048468,7,13.82,0.806,334,1.772,"Manufacturing",15,0,0,0.199812918901443,0,25048468,0
20369150,6,11.27,0.661,804,0.026,"Retail",17,0,0,0.0685763880610466,0.974,20369150,1360524.82376695
143002491,9,16.14,0.757,846,0.782,"Retail",8,3,0,0.497028708457947,0.218,143002491,15494642.8629438
175056106,2,17.49,0.174,482,0.403,"Real_Estate",36,0,0,0.0366013012826443,0.597,175056106,3825146.92241229
368989209,5,13.79,0.377,313,0.866,"IT",18,0,0,0.082293689250946,0.134,368989209,4068974.76252138
126580127,6,14.71,0.58,657,0,"Manufacturing",25,0,1,0.184947460889816,1,126580127,23410673.0877605
259201065,9,8.01,0.683,807,1.65,"Manufacturing",5,0,0,0.0443144515156746,0,259201065,0
379962917,10,8.65,0.534,542,1.667,"IT",50,1,0,0.16639344394207,0,379962917,0
318406179,7,13.08,0.852,616,1.74,"Retail",7,3,0,0.615281641483307,0,318406179,0
102766402,8,9,0.631,364,0.561,"IT",29,0,0,0.129761695861816,0.439,102766402,5854127.60189921
496529596,1,8.82,0.312,828,1.672,"Manufacturing",20,0,0,0.00531943142414093,0,496529596,0
1202117,1,15.77,0.505,639,1.76,"Real_Estate",7,1,0,0.176103100180626,0,1202117,0
104078443,9,9.75,0.838,730,0.247,"Retail",2,0,0,0.205487579107285,0.753,104078443,16104280.9488621
317380017,6,9.65,0.503,442,1.995,"Retail",22,0,0,0.158422663807869,0,317380017,0
9628621,5,8.52,0.168,858,1.158,"Retail",20,0,0,0.0062974407337606,0,9628621,0
14341000,5,13.72,0.398,878,0.562,"Real_Estate",22,0,0,0.0373038239777088,0.438,14341000,234318.673172973
304312457,7,14.44,0.248,600,0.655,"IT",16,0,0,0.0192199926823378,0.345,304312457,2017864.70285606
285700135,5,10.92,0.669,761,0.426,"Real_Estate",36,0,0,0.0385569185018539,0.574,285700135,6323021.45534795
123680821,10,17.89,0.544,782,0.651,"Infrastructure",24,0,0,0.0728418529033661,0.349,123680821,3144189.91941709
459843018,10,12.19,0.267,351,1.251,"Retail",1,0,0,0.0574086755514145,0,459843018,0
336435885,10,14.87,0.135,381,1.225,"Retail",2,0,0,0.0966923832893372,0,336435885,0
323079769,5,13.6,0.75,353,1.154,"Real_Estate",44,0,1,0.412993550300598,0,323079769,0
104934442,9,17.73,0.601,574,1.878,"Real_Estate",33,0,1,0.282853424549103,0,104934442,0
240828250,9,16.45,0.219,576,1.019,"Real_Estate",46,0,0,0.0661517158150673,0,240828250,0
493272773,3,12.08,0.113,852,0.086,"Manufacturing",46,0,0,0.0109712490811944,0.914,493272773,4946402.07020478
496566804,2,13.24,0.584,535,1.665,"IT",29,0,0,0.0360492691397667,0,496566804,0
225936244,4,10.95,0.283,756,0.402,"Infrastructure",3,0,0,0.0222990829497576,0.598,225936244,3012826.28569497
357709544,7,13.35,0.527,490,1.602,"Infrastructure",6,0,0,0.023792302235961,0,357709544,0
158964245,8,15.84,0.236,341,0.979,"IT",5,0,1,0.261702984571457,0.021,158964245,873629.764489615
417010093,3,15.93,0.895,438,0.968,"Retail",8,0,0,0.296787858009338,0.032,417010093,3960433.03263184
217553815,1,9.05,0.76,464,0.702,"IT",47,0,0,0.0673472583293915,0.298,217553815,4366192.58784619
498000137,9,13.37,0.5,694,0.683,"IT",32,1,0,0.0407206602394581,0.317,498000137,6428409.51781984
403099795,5,8.93,0.209,631,1.605,"Real_Estate",29,0,0,0.00876219570636749,0,403099795,0
243634842,1,13.3,0.177,737,1.181,"IT",35,0,0,0.00718457857146859,0,243634842,0
269847228,3,8.01,0.822,415,0.842,"Manufacturing",18,0,0,0.181239187717438,0.158,269847228,7727289.00086251
171178914,2,12.72,0.311,347,1.895,"Retail",30,0,0,0.155205860733986,0,171178914,0
26955787,4,8.13,0.267,432,0.634,"Infrastructure",44,0,0,0.0265413336455822,0.366,26955787,261851.968339327
229902833,8,11.81,0.278,556,0.027,"Infrastructure",45,1,0,0.138426899909973,0.973,229902833,30965468.5684871
249580139,7,11.29,0.394,873,1.842,"Manufacturing",5,0,0,0.0431185029447079,0,249580139,0
142099348,3,17.52,0.736,678,1.152,"Retail",8,0,0,0.322283655405045,0,142099348,0
388446096,9,13.5,0.263,385,1.649,"IT",44,0,0,0.0217920131981373,0,388446096,0
152622528,10,10.15,0.17,884,0.484,"Retail",41,0,0,0.00816159322857857,0.516,152622528,642751.783383525
258260040,2,11.63,0.787,652,0.31,"Manufacturing",4,2,0,0.441778838634491,0.69,258260040,78724736.170459
239497436,7,10.52,0.318,760,0.655,"Manufacturing",45,0,0,0.0123212598264217,0.345,239497436,1018063.99716764
384657260,5,8.28,0.174,780,0.076,"Manufacturing",48,0,0,0.0138233853504062,0.924,384657260,4913153.35231771
82800499,7,8.22,0.769,449,0.422,"Manufacturing",40,0,1,0.33881351351738,0.578,82800499,16215170.3765914
221445301,10,9.24,0.716,649,1.185,"Manufacturing",17,2,1,0.544172823429108,0,221445301,0
262180427,6,8.81,0.367,639,0.207,"Retail",48,0,0,0.0487246215343475,0.793,262180427,10130291.1688759
238982675,6,10.15,0.769,558,1.984,"Manufacturing",33,0,0,0.229624524712563,0,238982675,0
262797001,3,10.5,0.576,731,0.405,"IT",44,0,0,0.0247773602604866,0.595,262797001,3874292.50164571
342928895,9,16.16,0.383,748,0.623,"Retail",49,3,0,0.145390823483467,0.377,342928895,18796735.3440027
176544219,1,15.66,0.626,582,1.904,"IT",34,1,0,0.130953460931778,0,176544219,0
419976011,1,14.24,0.177,488,0.166,"Manufacturing",20,0,0,0.0241536311805248,0.834,419976011,8460050.69241794
461034932,4,11.89,0.494,753,0.242,"Manufacturing",17,0,0,0.0507068894803524,0.758,461034932,17720256.6863774
54048501,8,10.04,0.713,866,0.283,"Manufacturing",27,1,0,0.0747532546520233,0.717,54048501,2896896.07426902
104057930,9,12.56,0.642,645,0.653,"Manufacturing",34,3,0,0.245812579989433,0.347,104057930,8875825.63985597
243834813,7,8.53,0.233,468,0.185,"Retail",2,1,0,0.548626780509949,0.815,243834813,109026061.372435
162587190,5,11.6,0.404,712,0.152,"Retail",16,0,0,0.0559509284794331,0.848,162587190,7714174.79497897
236385249,7,12.34,0.25,374,0.729,"Infrastructure",21,0,0,0.0570056028664112,0.271,236385249,3651801.86318034
293458163,9,10.02,0.784,387,1.685,"Real_Estate",22,2,1,0.705092787742615,0,293458163,0
112751056,2,8.38,0.297,300,1.667,"Manufacturing",38,0,0,0.044305082410574,0,112751056,0
367280830,9,12.48,0.865,676,1.722,"Infrastructure",48,0,0,0.0432119593024254,0,367280830,0
76091565,3,10.52,0.24,665,1.244,"Manufacturing",37,0,0,0.00342507450841367,0,76091565,0
349079130,1,12.55,0.19,676,1.384,"Manufacturing",7,0,0,0.0128964921459556,0,349079130,0
132789845,10,11.79,0.861,394,1.695,"IT",13,1,0,0.274612307548523,0,132789845,0
213805996,6,16.61,0.863,541,1.698,"Real_Estate",23,1,0,0.210584938526154,0,213805996,0
360945453,9,16.89,0.684,612,1.759,"Retail",7,0,0,0.308535367250443,0,360945453,0
237761382,9,15.23,0.144,699,0.11,"Real_Estate",13,0,0,0.0494210608303547,0.89,237761382,10457873.5534088
169954893,4,16.15,0.606,336,1.189,"Retail",25,0,1,0.507198870182037,0,169954893,0
121055477,9,13.97,0.634,755,1.727,"Infrastructure",12,0,0,0.0234380606561899,0,121055477,0
108913579,7,13.81,0.326,801,1.28,"Real_Estate",49,3,0,0.165926098823547,0,108913579,0
121787001,3,10.81,0.887,882,1.844,"Real_Estate",16,0,0,0.0733726769685745,0,121787001,0
282887432,5,12.14,0.783,546,0.331,"Real_Estate",33,0,0,0.108172558248043,0.669,282887432,20471839.6772761
356571476,7,8.66,0.421,475,1.268,"Retail",21,0,0,0.0450083464384079,0,356571476,0
54940202,4,11.13,0.224,820,1.494,"Retail",11,0,0,0.00861826445907354,0,54940202,0
260018861,4,15.01,0.416,819,1.691,"Real_Estate",32,0,0,0.0164621453732252,0,260018861,0
426242982,9,15.26,0.433,718,1.066,"Infrastructure",46,0,0,0.0279586501419544,0,426242982,0
357601339,4,8.94,0.79,485,0.428,"Retail",31,0,0,0.216839596629143,0.572,357601339,44354098.4188024
157676861,4,8.82,0.792,795,0.439,"Retail",42,3,0,0.42613360285759,0.561,157676861,37694380.3733802
58792754,7,10.1,0.187,817,1.569,"Infrastructure",44,0,0,0.00677769724279642,0,58792754,0
287927030,10,11.62,0.24,727,0.733,"IT",22,1,0,0.0246277339756489,0.267,287927030,1893294.40989673
415854589,8,12.61,0.328,664,0.082,"Infrastructure",17,1,0,0.0682852119207382,0.918,415854589,26068187.8015542
260649539,5,16.91,0.512,650,1.165,"Manufacturing",15,0,0,0.0604787319898605,0,260649539,0
347311503,5,17.32,0.427,790,0.937,"Retail",31,1,0,0.0413958542048931,0.063,347311503,905767.149537828
250452091,2,10.08,0.277,861,1.985,"Manufacturing",11,0,0,0.0140020474791527,0,250452091,0
177726039,10,17.1,0.583,333,0.981,"Real_Estate",31,0,1,0.534333765506744,0.019,177726039,1804335.4493019
482437275,10,8.63,0.379,499,1.8,"Real_Estate",36,2,0,0.187459841370583,0,482437275,0
461208366,5,11.12,0.137,858,0.948,"Manufacturing",44,1,0,0.00919544044882059,0.052,461208366,220532.731330644
103091761,7,13,0.483,358,0.36,"Real_Estate",44,1,0,0.248684570193291,0.64,103091761,16407891.3758428
477496563,4,17.41,0.385,827,1.043,"IT",19,0,0,0.0212949179112911,0,477496563,0
437122423,9,14.16,0.44,887,1.487,"Infrastructure",20,0,0,0.0187374148517847,0,437122423,0
348975071,8,17.92,0.728,335,1.024,"IT",34,1,1,0.542248785495758,0,348975071,0
256784299,5,17.56,0.766,534,0.379,"Manufacturing",2,0,1,0.819904744625092,0.621,256784299,130744511.024199
240927441,6,12.16,0.551,820,0.119,"IT",13,0,0,0.067915678024292,0.881,240927441,14415583.1994621
101698661,2,9.82,0.687,798,1.437,"Manufacturing",33,0,0,0.0324613861739635,0,101698661,0
51014448,1,13.82,0.397,882,0.075,"Retail",19,0,0,0.0884943529963493,0.925,51014448,4175903.77653396
236821848,4,10.99,0.735,528,0.211,"Manufacturing",32,0,0,0.212583467364311,0.789,236821848,39721739.170821
156777644,2,13.21,0.558,513,0.131,"Infrastructure",32,1,0,0.145075961947441,0.869,156777644,19765116.0706684
386427253,5,16.93,0.741,661,0.153,"Infrastructure",3,0,0,0.20508100092411,0.847,386427253,67123807.9916665
450635927,10,16.73,0.236,546,0.117,"IT",30,3,0,0.171606853604317,0.883,450635927,68284344.567771
168279413,6,11.94,0.827,720,1.144,"Infrastructure",49,1,0,0.0636514350771904,0,168279413,0
412148179,6,8.45,0.451,401,0.855,"Infrastructure",42,0,0,0.0429883860051632,0.145,412148179,2569049.82647568
110796397,10,14.2,0.572,318,1.641,"Manufacturing",8,2,0,0.357192844152451,0,110796397,0
383295745,3,11.16,0.183,532,0.329,"Retail",45,0,0,0.0200518034398556,0.671,383295745,5157152.29944699
280793218,1,14.81,0.695,678,0.354,"Real_Estate",3,0,0,0.329080194234848,0.646,280793218,59692652.4206471
212304313,9,11.82,0.847,455,0.605,"IT",33,0,0,0.0880647450685501,0.395,212304313,7385127.45451297
419446324,4,17.01,0.393,404,1.657,"Infrastructure",3,2,1,0.535434901714325,0,419446324,0
144372973,5,16.93,0.602,390,0.536,"Manufacturing",11,0,0,0.234650477766991,0.464,144372973,15719014.8102662
235889630,5,16.2,0.463,883,1.787,"Manufacturing",10,1,0,0.0823345929384232,0,235889630,0
390641422,6,15.25,0.564,836,0.227,"IT",24,0,0,0.100743807852268,0.773,390641422,30421186.468042
42275702,5,12.84,0.663,751,1.489,"Retail",8,2,0,0.267481058835983,0,42275702,0
197864258,8,9.7,0.117,786,0.947,"IT",21,1,0,0.00715914415195584,0.053,197864258,75076.5535137145
48735042,10,8.99,0.394,833,1.736,"Retail",39,2,0,0.124989584088326,0,48735042,0
67533285,5,11.72,0.19,399,0.911,"Manufacturing",36,0,0,0.0178160592913628,0.089,67533285,107082.753863344
111341963,9,12.68,0.383,534,1.089,"Retail",35,0,0,0.110974229872227,0,111341963,0
137785651,10,17.49,0.513,639,0.555,"Retail",13,0,0,0.133222371339798,0.445,137785651,8168478.36745392
150230566,10,15.7,0.586,620,1.919,"Manufacturing",13,1,0,0.160900488495827,0,150230566,0
188018599,8,11.06,0.366,821,1.35,"Retail",5,2,0,0.0896774157881737,0,188018599,0
246234794,1,16.99,0.85,678,1.656,"IT",11,0,0,0.0991304740309715,0,246234794,0
439422709,2,13.83,0.722,847,1.292,"Manufacturing",31,1,0,0.0312499180436134,0,439422709,0
374616185,10,15.47,0.166,689,1.166,"Real_Estate",3,0,0,0.0341066084802151,0,374616185,0
477637826,9,17.65,0.781,424,0.416,"Manufacturing",34,0,1,0.506153404712677,0.584,477637826,141186678.920085
166628186,8,8.64,0.355,401,0.557,"IT",29,0,0,0.0767005831003189,0.443,166628186,5661752.20902674
412257235,7,14.39,0.206,790,0.347,"Infrastructure",43,1,0,0.0795530676841736,0.653,412257235,21416002.0006672
67200026,8,13.5,0.619,546,1.143,"Infrastructure",8,0,0,0.0825743302702904,0,67200026,0
63223730,7,13.58,0.438,502,1.688,"Manufacturing",30,3,0,0.177270576357841,0,63223730,0
364326746,10,9.29,0.6,366,1.781,"Manufacturing",39,1,0,0.194118022918701,0,364326746,0
274661993,1,9.44,0.874,873,1.957,"IT",8,0,0,0.0776778981089592,0,274661993,0
304650189,9,11.17,0.163,857,1.492,"Manufacturing",13,1,0,0.0151405008509755,0,304650189,0
62350404,3,14.85,0.702,397,0.372,"Manufacturing",8,0,1,0.660307884216309,0.628,62350404,25855050.9808309
438340915,10,9.36,0.284,546,0.495,"IT",40,0,0,0.042374961078167,0.505,438340915,9380213.00210701
421332059,8,16.95,0.77,844,1.646,"Real_Estate",35,1,0,0.109620481729507,0,421332059,0
24072669,1,17.56,0.205,756,0.412,"Manufacturing",7,2,0,0.112727031111717,0.588,24072669,1595620.61829538
353802146,8,13.7,0.267,382,1.602,"Retail",2,0,0,0.0466524809598923,0,353802146,0
267860737,10,12.27,0.485,565,1.408,"IT",8,1,1,0.5952388048172,0,267860737,0
472783160,4,12.05,0.772,423,1.435,"Infrastructure",3,0,0,0.115523464977741,0,472783160,0
456102960,10,17.69,0.824,767,0.326,"Manufacturing",21,2,0,0.241126835346222,0.674,456102960,74125619.0890331
228533280,9,10.57,0.138,570,1.844,"Real_Estate",31,0,0,0.0236685741692781,0,228533280,0
382994719,3,8.41,0.499,686,1.83,"Retail",37,0,0,0.00833830889314413,0,382994719,0
253017245,8,12.32,0.404,658,1.084,"Manufacturing",17,0,0,0.0243269745260477,0,253017245,0
102071693,8,10.17,0.433,811,0.964,"Manufacturing",35,1,0,0.0413127057254314,0.036,102071693,151806.881369001
358852222,2,16.53,0.319,867,0.369,"Retail",29,0,0,0.0412769690155983,0.631,358852222,9346581.52271241
384270405,9,15.87,0.89,791,1.153,"Retail",15,0,0,0.0931162387132645,0,384270405,0
353482146,3,13.53,0.84,375,0.861,"Infrastructure",6,0,0,0.102826289832592,0.139,353482146,5052268.80573872
96620444,4,10.97,0.318,712,0.029,"Manufacturing",9,1,1,0.381306797266006,0.971,96620444,35773613.1225498
149652001,5,17.04,0.392,307,1.108,"Manufacturing",44,2,0,0.287650167942047,0,149652001,0
163240502,4,17.76,0.536,507,1.809,"Real_Estate",38,0,0,0.145646020770073,0,163240502,0
286366241,10,16.22,0.38,350,0.15,"Manufacturing",41,0,0,0.195810332894325,0.85,286366241,47662448.6329206
441363271,5,10.57,0.395,497,0.714,"IT",24,0,1,0.0597715899348259,0.286,441363271,7544961.55170055
438674585,4,11.37,0.287,619,1.489,"IT",37,0,0,0.0127727333456278,0,438674585,0
193540416,5,8.16,0.246,728,1.592,"IT",37,0,0,0.00388183887116611,0,193540416,0
369148305,6,10.67,0.532,705,0.21,"Real_Estate",38,1,0,0.108501918613911,0.79,369148305,31642106.4830027
398363363,2,12.63,0.682,428,0.04,"Manufacturing",49,2,0,0.3128622174263,0.96,398363363,119647531.285995
362356569,1,14.01,0.656,353,0.54,"Manufacturing",17,0,1,0.449104160070419,0.46,362356569,74858487.5807022
193333856,6,11.46,0.34,826,1.412,"IT",28,0,0,0.00968830287456512,0,193333856,0
149777989,1,14.68,0.147,740,1.252,"Real_Estate",34,1,0,0.00981023907661438,0,149777989,0
29678105,7,12.45,0.742,741,1.283,"IT",46,2,0,0.182980418205261,0,29678105,0
337172789,10,9.29,0.461,638,1.433,"Retail",2,0,0,0.162596553564072,0,337172789,0
99797972,8,10.04,0.373,714,0.111,"Manufacturing",7,1,0,0.368446201086044,0.889,99797972,32688693.2732879
312928842,5,9.91,0.849,688,1.742,"IT",6,3,1,0.478886067867279,0,312928842,0
69953237,8,10.46,0.455,617,1.137,"Real_Estate",24,0,0,0.0290367528796196,0,69953237,0
187166182,7,13.3,0.363,688,0.436,"Manufacturing",11,0,0,0.0115264002233744,0.564,187166182,1216746.70961529
157730827,1,10.14,0.266,800,0.203,"Infrastructure",21,0,0,0.0184187609702349,0.797,157730827,2315449.50091992
407777265,7,8.26,0.254,507,1.396,"Manufacturing",29,2,1,0.154070258140564,0,407777265,0
184790730,8,11.42,0.398,673,0.385,"Infrastructure",4,0,0,0.0334658958017826,0.615,184790730,3803275.19891894
220382419,5,11.94,0.681,698,1.726,"Manufacturing",24,1,0,0.047554437071085,0,220382419,0
220089956,8,9.25,0.618,567,1.469,"Manufacturing",34,0,0,0.106613494455814,0,220089956,0
301312315,1,16.24,0.682,744,1.347,"Manufacturing",35,2,0,0.0890613570809364,0,301312315,0
202549561,1,16.68,0.118,523,0.916,"Infrastructure",7,0,0,0.0973413661122322,0.084,202549561,1656181.88174652
479200822,4,9.84,0.162,325,1.017,"IT",18,0,0,0.0229207146912813,0,479200822,0
485413214,2,9.9,0.227,572,0.798,"Retail",35,0,0,0.0069489199668169,0.202,485413214,681365.710134116
457349484,7,10.92,0.866,818,1.147,"IT",18,0,0,0.0308014247566462,0,457349484,0
42353980,5,17,0.589,789,0.472,"Retail",11,0,0,0.102018289268017,0.528,42353980,2281424.94797807
238952946,7,17.01,0.561,400,0.189,"Infrastructure",34,0,0,0.214496374130249,0.811,238952946,41567432.3493451
170228498,7,8.73,0.208,650,0.043,"Manufacturing",15,0,0,0.0125018265098333,0.957,170228498,2036655.96161741
337044471,9,11.39,0.865,788,1.069,"Real_Estate",43,1,1,0.259664207696915,0,337044471,0
318606487,6,16,0.77,487,1.303,"Manufacturing",18,0,1,0.44228458404541,0,318606487,0
429779779,3,10.32,0.214,459,0.465,"IT",32,0,0,0.0183552578091621,0.535,429779779,4220464.4749197
474193928,7,10.73,0.224,548,0.017,"Manufacturing",5,0,0,0.0249464064836502,0.983,474193928,11628334.0938073
287409566,9,9.09,0.537,405,1.226,"Manufacturing",31,0,0,0.12131579965353,0,287409566,0
268099259,4,13.52,0.255,306,1.712,"Retail",43,0,1,0.10012911260128,0,268099259,0
470905527,1,15.44,0.429,875,0.813,"Real_Estate",8,0,0,0.0393010005354881,0.187,470905527,3460819.91496398
446285221,2,15.78,0.428,665,1.134,"Real_Estate",16,0,0,0.0135452747344971,0,446285221,0
205742863,9,11.63,0.879,741,0.135,"Real_Estate",47,0,0,0.0378801226615906,0.865,205742863,6741433.6274166
25965343,5,9.8,0.414,801,1.078,"IT",41,0,0,0.0203797705471516,0,25965343,0
389356378,8,14.16,0.275,841,0.951,"Infrastructure",8,0,0,0.0194784700870514,0.049,389356378,371619.261541708
463054733,4,13.94,0.42,377,0.635,"IT",22,1,0,0.0783889815211296,0.365,463054733,13248911.9515691
189361127,10,11.73,0.728,537,0.803,"Manufacturing",49,1,1,0.202263534069061,0.197,189361127,7545267.6001771
123215576,2,12.82,0.629,623,0.033,"IT",22,0,0,0.0545479208230972,0.967,123215576,6499355.41885425
44730318,1,13.13,0.208,408,0.091,"Manufacturing",2,0,0,0.121996313333511,0.909,44730318,4960352.90622416
196163140,1,9.32,0.673,488,1.369,"IT",7,0,0,0.342975348234177,0,196163140,0
92098151,1,15.12,0.597,393,1.01,"Real_Estate",3,0,0,0.373054623603821,0,92098151,0
67678768,9,15.18,0.128,429,1.241,"IT",36,0,0,0.0271126925945282,0,67678768,0
129473994,3,9.02,0.806,740,1.51,"Manufacturing",48,3,1,0.256072074174881,0,129473994,0
277070277,10,8.11,0.764,621,0.696,"Manufacturing",27,1,0,0.29011258482933,0.304,277070277,24435998.568914
74886569,1,8.72,0.886,690,0.147,"IT",35,3,0,0.360274434089661,0.853,74886569,23013697.9760848
481485515,2,17.39,0.828,437,1.219,"Real_Estate",17,0,1,0.356748729944229,0,481485515,0
472316917,3,11.35,0.277,762,0.902,"IT",32,0,0,0.00413637747988105,0.098,472316917,191460.743766873
496150611,9,16.84,0.28,582,1.581,"Retail",39,0,0,0.0470944233238697,0,496150611,0
353399075,4,10.49,0.416,738,1.669,"Real_Estate",48,0,0,0.00657922960817814,0,353399075,0
71248400,4,12.2,0.124,844,1.365,"Real_Estate",33,0,0,0.0118321003392339,0,71248400,0
5482329,3,16.67,0.712,466,0.363,"Infrastructure",36,0,0,0.0762615203857422,0.637,5482329,266323.804434317
343561274,9,11.33,0.14,327,1.487,"Manufacturing",27,0,0,0.0635320469737053,0,343561274,0
340927878,2,12.93,0.113,423,1.318,"IT",18,1,0,0.072229377925396,0,340927878,0
458837930,6,14.36,0.122,450,1.376,"Manufacturing",26,0,0,0.0581604093313217,0,458837930,0
204802186,2,8.54,0.157,789,0.894,"Real_Estate",31,0,0,0.00351832271553576,0.106,204802186,76379.379418689
211797256,6,11.14,0.597,500,0.533,"Manufacturing",44,0,0,0.0690279677510262,0.467,211797256,6827509.25128343
269122721,3,8.78,0.535,793,0.975,"Real_Estate",50,0,0,0.0137371644377708,0.025,269122721,92424.5768079332
207409585,6,12.23,0.69,836,1.947,"Retail",23,1,0,0.0689813271164894,0,207409585,0
49724685,6,11.78,0.294,335,0.513,"IT",26,0,1,0.195419922471046,0.487,49724685,4732273.52065984
190753553,8,13.91,0.844,787,1.424,"Retail",49,0,0,0.103235006332397,0,190753553,0
99802288,7,17.83,0.723,403,1.541,"Retail",29,1,0,0.294719070196152,0,99802288,0
362787089,4,12.62,0.601,586,1.294,"Infrastructure",34,3,0,0.136325359344482,0,362787089,0
6493511,3,12.15,0.743,767,1.278,"IT",42,2,0,0.0963187962770462,0,6493511,0
459510022,3,17.56,0.758,366,0.74,"Infrastructure",21,0,0,0.129064247012138,0.26,459510022,15419641.8958299
450214138,7,10,0.9,772,0.257,"Infrastructure",13,0,0,0.0278345514088869,0.743,450214138,9310910.86689235
377322778,5,11.69,0.331,665,0.087,"IT",43,0,0,0.0190165098756552,0.913,377322778,6551105.81107589
476008986,2,12.43,0.236,880,0.643,"Retail",31,0,0,0.00416039628908038,0.357,476008986,706997.808755623
313167959,5,9.91,0.228,624,0.811,"Real_Estate",5,1,0,0.0293299835175276,0.189,313167959,1736004.89330498
328319310,8,9.98,0.232,528,0.667,"Manufacturing",17,0,0,0.0264741238206625,0.333,328319310,2894424.69986294
191306433,2,9.29,0.584,715,0.637,"Infrastructure",45,0,0,0.0107032405212522,0.363,191306433,743278.351935237
33737212,4,15.88,0.36,829,1.819,"Manufacturing",50,0,0,0.014178623445332,0,33737212,0
345749544,7,10.86,0.606,601,0.044,"Manufacturing",2,2,1,0.427712678909302,0.956,345749544,141374679.293289
64614450,10,10.47,0.367,807,0.151,"Manufacturing",27,0,0,0.0775781869888306,0.849,64614450,4255758.4297541
146367941,4,9.65,0.115,348,1.572,"IT",42,0,0,0.0315984189510345,0,146367941,0
316478225,5,9.18,0.768,694,0.47,"Infrastructure",40,1,0,0.144975870847702,0.53,316478225,24317304.3250663
195621975,10,16.28,0.761,532,0.942,"Infrastructure",45,3,1,0.56884765625,0.058,195621975,6454187.91540528
36142404,6,11.45,0.196,426,0.381,"Infrastructure",48,1,0,0.105584017932415,0.619,36142404,2362141.28364303
431922893,7,13.98,0.316,860,1.829,"Retail",3,0,0,0.0235010087490082,0,431922893,0
193209913,5,10.88,0.428,849,1.735,"Infrastructure",43,0,0,0.00852763187140226,0,193209913,0
335709307,6,12.58,0.464,328,0.884,"Manufacturing",19,0,0,0.108288370072842,0.116,335709307,4216995.98610433
11576955,5,13.29,0.646,691,1.975,"Manufacturing",13,0,0,0.0320682190358639,0,11576955,0
298019152,9,13.11,0.224,636,1.869,"Real_Estate",8,1,0,0.0556228943169117,0,298019152,0
138844339,8,15.4,0.794,623,1.182,"Manufacturing",1,2,1,0.650328397750854,0,138844339,0
200164326,10,9.82,0.69,866,0.246,"Retail",26,1,0,0.102491058409214,0.754,200164326,15468350.4351402
73761899,8,13.65,0.338,599,1.203,"Real_Estate",27,0,0,0.0340928621590137,0,73761899,0
412216783,8,17.91,0.384,495,0.273,"Manufacturing",12,0,0,0.33595010638237,0.727,412216783,100678065.817753
71064531,1,15.45,0.375,590,0.167,"IT",16,1,0,0.182077884674072,0.833,71064531,10778419.8067026
454614710,7,15.91,0.162,716,0.745,"Retail",16,0,0,0.0138487666845322,0.255,454614710,1605442.52778729
450062481,2,10.19,0.81,760,0.248,"Manufacturing",3,0,0,0.0726241171360016,0.752,450062481,24579413.5346749
96982278,4,15.84,0.591,489,1.732,"Retail",10,0,0,0.242478147149086,0,96982278,0
266612842,7,9.82,0.208,319,1.863,"Infrastructure",9,0,1,0.229441449046135,0,266612842,0
261540246,3,13.68,0.14,696,0.133,"Infrastructure",42,2,1,0.234703779220581,0.867,261540246,53220347.7619346
81007530,6,11.96,0.122,427,1.704,"Retail",17,0,0,0.0168640986084938,0,81007530,0
260263942,4,13.63,0.44,355,1.923,"IT",40,1,0,0.255190789699554,0,260263942,0
113027251,6,13.41,0.604,889,1.843,"Manufacturing",18,0,0,0.0305453445762396,0,113027251,0
141474483,5,15.51,0.506,460,1.432,"Real_Estate",35,0,0,0.129966661334038,0,141474483,0
252340102,7,11.07,0.177,488,0.347,"Manufacturing",7,0,0,0.131364345550537,0.653,252340102,21645965.5080669
80321364,4,14.68,0.897,814,1.427,"Retail",29,0,0,0.12142226845026,0,80321364,0
460394739,7,11.7,0.411,425,1.618,"Retail",34,0,0,0.0377393737435341,0,460394739,0
250015700,2,15.82,0.656,893,0.415,"IT",32,0,1,0.0480520389974117,0.585,250015700,7028052.03732364
308056694,9,15.58,0.225,767,1.7,"Real_Estate",17,0,0,0.0122434375807643,0,308056694,0
372221508,2,11.28,0.181,501,1.136,"Manufacturing",20,0,0,0.0108711235225201,0,372221508,0
308792287,10,15.71,0.423,673,1.476,"Real_Estate",8,1,0,0.164655193686485,0,308792287,0
465140382,4,16.98,0.617,688,0.47,"Infrastructure",49,1,0,0.0564811900258064,0.53,465140382,13923991.6213416
41108855,10,15.73,0.272,333,0.215,"Retail",40,3,0,0.27920213341713,0.785,41108855,9009978.81439331
15032474,7,8.7,0.469,833,0.847,"Manufacturing",28,1,0,0.0318351127207279,0.153,15032474,73219.757151996
271222706,7,14.37,0.802,695,0.798,"Retail",32,0,0,0.0602515116333961,0.202,271222706,3300998.76121164
121360082,4,17.66,0.57,547,0.747,"Retail",37,3,0,0.372326552867889,0.253,121360082,11431951.9896666
322773923,5,16.74,0.334,508,1.727,"IT",40,0,0,0.123225696384907,0,322773923,0
189490663,5,12.67,0.142,635,1.606,"IT",38,2,0,0.0168333798646927,0,189490663,0
24379990,4,15.3,0.877,434,1.78,"Real_Estate",36,1,1,0.300617009401321,0,24379990,0
25022109,9,13.82,0.863,765,0.693,"Infrastructure",40,1,0,0.0838126912713051,0.307,25022109,643831.281048201
481458504,4,11.87,0.823,737,1.589,"Retail",31,1,0,0.0646099895238876,0,481458504,0
114006908,1,12.77,0.669,305,0.534,"Manufacturing",45,0,1,0.265374779701233,0.466,114006908,14098624.0722321
6685391,10,17.02,0.26,878,0.273,"Real_Estate",10,0,0,0.0913138315081596,0.727,6685391,443810.721156301
110019343,5,10,0.383,741,0.988,"Retail",20,0,0,0.0215922370553017,0.012,110019343,28506.7648166946
28912847,3,11.51,0.106,426,1.43,"Manufacturing",18,1,0,0.0747145637869835,0,28912847,0
118251101,10,11.2,0.117,415,1.454,"Retail",2,1,0,0.169873833656311,0,118251101,0
201945439,9,14.12,0.242,311,0.922,"Real_Estate",50,0,0,0.0284442100673914,0.078,201945439,448045.922147271
8137914,10,17.35,0.624,626,1.604,"Infrastructure",49,0,0,0.0432030707597733,0,8137914,0
181519821,5,12.41,0.57,343,0.482,"Manufacturing",24,0,0,0.309659838676453,0.518,181519821,29116468.4164932
292665370,4,17.81,0.165,524,1.483,"Infrastructure",19,0,0,0.217087715864182,0,292665370,0
303291075,9,8.86,0.621,763,1.306,"IT",42,0,0,0.0215620864182711,0,303291075,0
132595588,4,9.45,0.195,582,1.808,"Retail",21,0,0,0.0204306058585644,0,132595588,0
337899190,3,14.22,0.752,405,1.726,"Manufacturing",4,1,1,0.297336637973785,0,337899190,0
467967302,8,14.39,0.665,793,1.586,"Manufacturing",47,0,0,0.0271147824823856,0,467967302,0
2792112,1,8.59,0.423,889,0.577,"Retail",30,1,0,0.04676478728652,0.423,2792112,55232.1775505392
393698616,9,10.95,0.715,676,0.093,"Retail",34,0,0,0.0595265030860901,0.907,393698616,21256000.2054443
403659640,4,16.85,0.764,604,0.915,"Infrastructure",23,0,0,0.126320943236351,0.085,403659640,4334206.6500559
37446154,5,13.36,0.382,483,1.845,"Manufacturing",7,0,1,0.243350550532341,0,37446154,0
283932653,3,14.89,0.405,376,0.159,"Manufacturing",39,0,0,0.11702773720026,0.841,283932653,27944744.5500975
270056232,4,14.36,0.14,627,1.674,"Manufacturing",31,0,0,0.0235087685286999,0,270056232,0
69699902,2,14.15,0.628,679,0.944,"IT",24,0,0,0.029427582398057,0.056,69699902,114861.578117524
138889992,7,11.02,0.107,789,0.607,"Manufacturing",4,0,0,0.0157369617372751,0.393,138889992,858982.650489218
176569910,3,12.23,0.547,311,0.904,"Real_Estate",6,0,0,0.262603729963303,0.096,176569910,4451320.02866733
406589813,9,14.13,0.165,721,1.818,"Real_Estate",21,0,0,0.0134004428982735,0,406589813,0
86599133,4,10.43,0.802,531,0.422,"Manufacturing",43,0,0,0.210265576839447,0.578,86599133,10524696.0260357
261059884,2,17.52,0.294,343,0.109,"Infrastructure",2,0,1,0.820648074150085,0.891,261059884,190886317.318818
382546798,1,16.96,0.488,565,0.968,"IT",43,0,0,0.0584934465587139,0.032,382546798,716047.381920645
145089068,7,9.4,0.232,301,1.025,"Manufacturing",34,0,0,0.0413196459412575,0,145089068,0
218952380,5,13.08,0.266,687,0.15,"IT",47,0,0,0.0200519282370806,0.85,218952380,3731854.7994333
335055928,3,11.45,0.601,689,1.906,"Infrastructure",4,1,0,0.0527504980564117,0,335055928,0
19424967,2,17.61,0.899,723,1.003,"Manufacturing",12,0,0,0.0769500806927681,0,19424967,0
280762528,3,14.17,0.265,515,1.482,"Retail",7,1,1,0.37246897816658,0,280762528,0
466259235,9,14.29,0.184,608,1.493,"Manufacturing",39,1,0,0.0303819179534912,0,466259235,0
217876623,4,14.46,0.645,694,1.395,"IT",2,3,0,0.235572218894958,0,217876623,0
468180076,4,17.8,0.569,482,1.461,"Infrastructure",5,0,0,0.227130964398384,0,468180076,0
489173011,10,13.27,0.807,674,0.057,"Real_Estate",38,0,0,0.107031874358654,0.943,489173011,49372749.3105757
338704382,1,13.74,0.261,803,0.553,"Retail",10,0,0,0.0254137180745602,0.447,338704382,3847658.74062046
149836179,8,14.36,0.362,492,0.205,"IT",7,0,0,0.184729635715485,0.795,149836179,22004950.2971178
104918444,1,9.71,0.66,412,1.209,"Real_Estate",26,0,0,0.240363001823425,0,104918444,0
160129318,10,12.35,0.17,687,0.384,"Infrastructure",4,0,0,0.0262009855359793,0.616,160129318,2584456.3019994
427333109,7,17.11,0.732,676,0.348,"Real_Estate",13,0,0,0.126946076750755,0.652,427333109,35369866.5979209
31468894,4,13.75,0.194,731,0.568,"Infrastructure",1,3,0,0.0851324051618576,0.432,31468894,1157337.77788953
91841007,3,17.08,0.784,494,0.923,"IT",22,1,0,0.194448634982109,0.077,91841007,1375093.60038299
242434464,10,12.73,0.721,799,1.902,"Real_Estate",45,0,0,0.198175385594368,0,242434464,0
169803504,9,10.76,0.121,575,1.999,"Manufacturing",20,2,0,0.033963430672884,0,169803504,0
406867986,6,16.2,0.148,624,0.888,"Infrastructure",17,0,1,0.0528013817965984,0.112,406867986,2406117.4893951
435345808,2,13.27,0.784,368,1.765,"Real_Estate",19,0,0,0.17694890499115,0,435345808,0
10561478,9,15.61,0.856,415,0.499,"Real_Estate",7,1,0,0.456215769052505,0.501,10561478,2413974.71685866
412549343,4,9.7,0.89,370,1.407,"Retail",24,0,1,0.407709449529648,0,412549343,0
201232979,8,12.92,0.588,553,0.893,"Manufacturing",12,2,0,0.202377289533615,0.107,201232979,4357573.37946305
336357086,1,12.2,0.411,754,1.835,"Retail",23,0,0,0.00865196529775858,0,336357086,0
60217436,7,17.05,0.765,365,1.791,"Retail",3,1,1,0.688719272613525,0,60217436,0
238735745,7,8.46,0.203,842,0.25,"IT",42,3,1,0.327044546604156,0.75,238735745,58557917.6112979
462744642,7,13.68,0.284,633,1.301,"Infrastructure",46,0,0,0.0215212553739548,0,462744642,0
287844832,9,16.42,0.184,860,0.663,"Manufacturing",16,0,0,0.0149359758943319,0.337,287844832,1448845.05008423
456463038,2,15.19,0.309,346,0.714,"Retail",16,0,0,0.111678667366505,0.286,456463038,14579474.5627692
377895660,6,16.25,0.187,621,0.192,"IT",9,0,0,0.111450970172882,0.808,377895660,34030405.0483462
315868962,2,13.9,0.638,890,0.028,"Infrastructure",15,3,0,0.17932716012001,0.972,315868962,55057855.175601
397415905,5,8.67,0.7,832,1.096,"Manufacturing",46,0,0,0.0193254295736551,0,397415905,0
461849685,9,10.7,0.44,318,1.521,"Retail",39,0,0,0.11046140640974,0,461849685,0
83069936,4,12.28,0.602,826,0.484,"IT",46,0,0,0.0328188166022301,0.516,83069936,1406748.60928738
97249088,6,15.69,0.677,571,0.724,"Infrastructure",42,3,1,0.535059750080109,0.276,97249088,14361404.0709404
49723690,1,13.45,0.104,371,1.658,"Infrastructure",36,0,0,0.0115966070443392,0,49723690,0
414725588,10,8.32,0.44,887,1.196,"Manufacturing",39,1,0,0.043072871863842,0,414725588,0
403126115,7,10.99,0.836,390,0.138,"Retail",47,2,1,0.437384814023972,0.862,403126115,151988909.601909
140355723,9,9.66,0.442,383,0.892,"Retail",11,0,1,0.0744855105876923,0.108,140355723,1129082.51068845
225065760,8,12.63,0.7,810,1.044,"Manufacturing",21,0,0,0.023663617670536,0,225065760,0
313313475,6,15.35,0.869,419,0.824,"IT",4,0,0,0.22615772485733,0.176,313313475,12471054.2304734
186089787,6,12.61,0.255,628,0.536,"Manufacturing",16,1,0,0.014091276563704,0.464,186089787,1216720.59159417
191777155,2,16.93,0.651,312,1.347,"Real_Estate",12,0,1,0.59661203622818,0,191777155,0
457325957,1,14.03,0.839,480,1.885,"Manufacturing",29,0,0,0.0951531827449799,0,457325957,0
195758580,8,8.66,0.108,339,1.193,"Manufacturing",22,0,0,0.0270549207925797,0,195758580,0
36076586,1,9.59,0.572,450,1.614,"Manufacturing",44,0,0,0.0380911082029343,0,36076586,0
354045799,2,16.82,0.711,389,1.012,"Infrastructure",19,1,0,0.177998214960098,0,354045799,0
346805410,10,11.52,0.144,321,1.144,"Manufacturing",19,0,0,0.0353574268519878,0,346805410,0
48977498,1,8.91,0.298,334,1.925,"Real_Estate",41,1,0,0.114825449883938,0,48977498,0
19414712,1,10.7,0.336,496,0.003,"Manufacturing",35,0,0,0.0582075901329517,0.997,19414712,1126693.34784936
201069120,1,10.75,0.512,688,0.328,"Manufacturing",37,0,0,0.023981761187315,0.672,201069120,3240378.36728497
6757075,4,11.57,0.466,514,1.913,"Real_Estate",18,0,0,0.13718381524086,0,6757075,0
284377617,6,8.92,0.83,858,1.381,"Manufacturing",17,0,0,0.0414030626416206,0,284377617,0
472530013,3,10.37,0.254,439,0.558,"IT",4,0,0,0.0340921729803085,0.442,472530013,7120432.12417988
172307786,5,12.28,0.864,418,1.285,"Retail",34,0,0,0.16507913172245,0,172307786,0
123004642,2,13.94,0.112,511,1.507,"Manufacturing",43,1,0,0.033697746694088,0,123004642,0
271296812,2,13.2,0.119,378,0.504,"Infrastructure",25,0,0,0.0569290332496166,0.496,271296812,7660553.95450804
59734485,8,9.18,0.232,636,1.583,"Retail",15,0,0,0.00703226681798697,0,59734485,0
188079319,1,14.6,0.151,827,0.1,"Manufacturing",26,1,0,0.0423410050570965,0.9,188079319,7167120.65722284
164428047,9,14.43,0.169,461,0.635,"Manufacturing",8,0,0,0.0362495966255665,0.365,164428047,2175564.38785309
473655670,4,11.36,0.635,342,1.33,"Manufacturing",30,2,1,0.560090363025665,0,473655670,0
455376881,6,15.3,0.502,831,0.945,"Manufacturing",2,0,0,0.0661318451166153,0.055,455376881,1656320.23501887
381459913,9,12.92,0.308,682,1.492,"Infrastructure",48,1,0,0.0367714688181877,0,381459913,0
379279383,10,8.48,0.522,406,1.862,"Manufacturing",37,3,0,0.31904411315918,0,379279383,0
499246926,2,14.19,0.354,768,1.531,"Retail",22,0,0,0.0055828969925642,0,499246926,0
290620301,8,17.29,0.343,490,1.432,"Manufacturing",46,2,0,0.254570364952087,0,290620301,0
107428807,8,9.65,0.812,888,1.188,"Real_Estate",14,0,0,0.0624674744904041,0,107428807,0
67642397,1,16.31,0.808,591,1.995,"Infrastructure",39,0,0,0.0779068395495415,0,67642397,0
396348876,5,10.42,0.358,708,1.288,"Manufacturing",5,1,1,0.0286872740834951,0,396348876,0
490971013,8,17.23,0.387,507,0.565,"IT",39,1,1,0.131394758820534,0.435,490971013,28062292.7608385
491042347,4,17.16,0.197,422,0.972,"IT",25,1,0,0.123074941337109,0.028,491042347,1692180.22542971
63596294,3,13.81,0.702,326,0.57,"Manufacturing",49,0,0,0.107689894735813,0.43,63596294,2944931.62877257
309524287,4,8.02,0.406,847,0.767,"IT",49,0,0,0.0133585911244154,0.233,309524287,963410.355594445
429235215,1,17.88,0.608,465,0.615,"Infrastructure",46,0,0,0.0292558297514915,0.385,429235215,4834688.46375317
70554380,7,16.3,0.723,332,1.54,"Infrastructure",33,0,0,0.150243476033211,0,70554380,0
183923680,5,15.97,0.733,591,1.025,"Manufacturing",26,1,0,0.16302627325058,0,183923680,0
79407983,3,16.55,0.576,725,1.332,"Real_Estate",20,0,0,0.0553564541041851,0,79407983,0
224472077,5,13.96,0.677,707,0.992,"Infrastructure",5,0,0,0.0340082980692387,0.00800000000000001,224472077,61071.3064226968
243451415,5,17.12,0.72,622,1.957,"Infrastructure",44,0,0,0.0926022976636887,0,243451415,0
475151317,10,12.93,0.433,464,0.293,"Manufacturing",46,3,1,0.518399178981781,0.707,475151317,174146863.205813
452472186,9,11.44,0.131,306,0.8,"Manufacturing",4,0,0,0.0201804861426353,0.2,452472186,1826221.73590018
470142186,4,9.43,0.245,343,1.039,"IT",13,0,0,0.0428700260818005,0,470142186,0
386973125,4,16,0.537,584,0.211,"IT",5,0,1,0.544243931770325,0.789,386973125,166169534.506126
47013282,9,15.12,0.494,521,0.223,"Manufacturing",46,0,1,0.231944859027863,0.777,47013282,8472788.00422539
9105471,8,13.85,0.704,693,0.634,"Real_Estate",47,3,0,0.377724140882492,0.366,9105471,1258804.37315479
167421284,10,13.17,0.254,426,1.644,"Retail",34,0,0,0.0257121846079826,0,167421284,0
121684693,5,10.62,0.833,604,1.228,"Retail",23,2,0,0.364405333995819,0,121684693,0
396243288,9,17.42,0.784,810,1.084,"Retail",14,0,0,0.151217237114906,0,396243288,0
248697132,5,15.1,0.102,863,1.545,"Manufacturing",42,2,0,0.0768720433115959,0,248697132,0
257425666,2,15.4,0.655,358,0.287,"IT",5,2,1,0.889821290969849,0.713,257425666,163321803.814061
37128537,3,14.44,0.274,496,1.083,"IT",25,0,0,0.0353416316211224,0,37128537,0
173224411,7,10.19,0.881,492,1.965,"Real_Estate",35,1,0,0.289004802703857,0,173224411,0
378406146,9,11.49,0.732,350,1.316,"Real_Estate",42,1,1,0.549234211444855,0,378406146,0
193174404,4,9.84,0.436,830,1.772,"Manufacturing",46,0,0,0.00762029038742185,0,193174404,0
4453599,6,11.23,0.66,533,1.237,"Manufacturing",50,0,0,0.147649198770523,0,4453599,0
359501176,5,16.8,0.411,841,1.84,"IT",26,3,0,0.111628472805023,0,359501176,0
278927697,8,11.95,0.611,641,1.617,"Manufacturing",45,0,0,0.0222430191934109,0,278927697,0
35971231,9,14.67,0.568,838,1.473,"IT",13,0,0,0.0449998639523983,0,35971231,0
174560449,6,14.92,0.143,305,1.943,"Retail",8,0,0,0.215198919177055,0,174560449,0
207089772,1,11.19,0.422,592,1.562,"Manufacturing",35,1,0,0.0273477397859097,0,207089772,0
156515944,10,12.79,0.399,511,1.77,"Manufacturing",17,0,0,0.139326155185699,0,156515944,0
369046416,3,10.59,0.216,763,1.287,"Retail",24,0,0,0.00305751874111593,0,369046416,0
194781802,6,8.88,0.112,743,1.382,"Real_Estate",11,1,0,0.00852254498749971,0,194781802,0
310092715,2,8.36,0.168,690,1.071,"IT",1,0,0,0.0200567357242107,0,310092715,0
312147093,6,14.21,0.506,578,1.257,"Retail",12,0,0,0.0997682958841324,0,312147093,0
401403753,3,14.71,0.254,661,1.959,"Real_Estate",28,0,0,0.0185180511325598,0,401403753,0
327379901,10,11.57,0.228,734,0.3,"Real_Estate",42,0,0,0.021331574767828,0.7,327379901,4888470.18496594
340047106,1,14.45,0.182,718,0.873,"Manufacturing",4,1,0,0.0233494825661182,0.127,340047106,1008370.34459716
205966657,10,15.77,0.16,863,1.47,"Manufacturing",32,0,0,0.0133915580809116,0,205966657,0
331963318,2,17.38,0.653,811,1.131,"Real_Estate",44,0,0,0.0290047116577625,0,331963318,0
14531771,7,9.13,0.554,320,0.165,"Retail",47,3,1,0.716876327991486,0.835,14531771,8698597.99913379
408148553,8,17.64,0.455,428,0.658,"Retail",18,0,1,0.410551160573959,0.342,408148553,57307524.8452904
38446347,10,8.28,0.873,853,0.619,"Retail",42,0,0,0.138318121433258,0.381,38446347,2026091.89383726
450581681,10,9.14,0.398,708,0.759,"Retail",9,0,1,0.234213247895241,0.241,450581681,25433259.9467349
36342790,3,11.09,0.145,759,1.961,"Real_Estate",16,0,0,0.00700284074991941,0,36342790,0
96370568,9,12.02,0.523,334,0.967,"Infrastructure",16,1,0,0.171059384942055,0.033,96370568,544007.972923684
388687695,5,10.62,0.253,850,0.616,"Manufacturing",34,0,0,0.0041012866422534,0.384,388687695,612141.946180517
102363618,4,9.93,0.622,471,1.647,"Manufacturing",50,0,1,0.0439445152878761,0,102363618,0
202478491,3,15.51,0.438,750,1.398,"Retail",47,0,0,0.010149504058063,0,202478491,0
223644133,9,13.54,0.17,673,1.44,"Manufacturing",20,0,0,0.00719760963693261,0,223644133,0
303541439,2,8.31,0.292,622,1.413,"Infrastructure",28,1,0,0.0340029560029507,0,303541439,0
288646426,5,17.1,0.813,313,1.87,"Manufacturing",30,0,0,0.396964251995087,0,288646426,0
30693876,3,9.43,0.219,883,0.648,"Retail",18,0,0,0.0108804553747177,0.352,30693876,117555.098529482
92149877,6,12.4,0.439,660,0.86,"Infrastructure",46,0,0,0.0277531445026398,0.14,92149877,358042.839319407
148764709,3,12.5,0.683,550,0.528,"Infrastructure",8,0,0,0.244330137968063,0.472,148764709,17156115.2848814
188663464,9,14.59,0.73,513,0.127,"Manufacturing",3,1,1,0.297821998596191,0.873,188663464,49052237.4119194
356834875,1,10.31,0.226,314,1.626,"IT",42,0,0,0.0282665062695742,0,356834875,0
63449144,7,17.98,0.765,317,1.074,"Infrastructure",32,0,0,0.144468933343887,0,63449144,0
215187484,7,12.24,0.449,612,1.936,"IT",45,0,0,0.0326932519674301,0,215187484,0
16158142,4,10.54,0.549,668,0.943,"IT",24,0,0,0.0284887477755547,0.057,16158142,26238.538221697
227630166,2,9.15,0.769,316,1.141,"IT",22,0,0,0.256879061460495,0,227630166,0
397359755,5,12.82,0.556,357,0.769,"Real_Estate",17,0,0,0.17381551861763,0.231,397359755,15954544.427306
236166972,6,10.05,0.613,851,0.391,"Infrastructure",34,0,0,0.0148873720318079,0.609,236166972,2141186.49443784
118958416,5,9.15,0.461,750,1.747,"Retail",37,0,0,0.0226013120263815,0,118958416,0
443630473,6,9.79,0.143,345,0.998,"Real_Estate",37,2,0,0.0966951325535774,0.002,443630473,85793.8147830826
63850440,2,8.65,0.485,488,0.362,"IT",10,0,1,0.408988147974014,0.638,63850440,16660778.7034667
135386388,10,8.41,0.824,831,0.029,"IT",9,0,0,0.263369888067245,0.971,135386388,34622653.6156404
441346615,7,9.36,0.868,378,1.279,"IT",49,0,0,0.187222823500633,0,441346615,0
375509391,6,14.49,0.664,441,0.463,"Retail",47,1,0,0.336413234472275,0.537,375509391,67837238.5661499
49748778,10,17.46,0.139,627,0.433,"Infrastructure",48,1,0,0.0481581687927246,0.567,49748778,1358424.29730433
407967941,6,10.94,0.569,517,1.751,"IT",5,2,1,0.498005509376526,0,407967941,0
429338121,4,9.71,0.829,728,1.939,"IT",50,0,0,0.0442307814955711,0,429338121,0
59461493,9,10.89,0.459,859,0.145,"IT",34,0,0,0.0671149715781212,0.855,59461493,3412096.73284794
69561184,5,16.96,0.251,833,1.325,"Retail",8,0,0,0.0579489544034004,0,69561184,0
274580242,1,16.66,0.255,710,1.063,"Retail",36,0,0,0.0153586780652404,0,274580242,0
30455795,4,15.24,0.336,650,0.721,"Manufacturing",15,0,0,0.0247128736227751,0.279,30455795,209989.409403604
248266122,8,15.48,0.264,351,1.964,"Real_Estate",34,0,0,0.302793890237808,0,248266122,0
4701344,3,14.19,0.17,436,0.661,"IT",26,0,0,0.0239936262369156,0.339,4701344,38239.9765632892
424298318,9,10.44,0.236,558,0.273,"IT",28,0,0,0.0258370991796255,0.727,424298318,7969837.62528568
32310420,10,13.01,0.812,356,1.192,"Infrastructure",28,2,0,0.287858486175537,0,32310420,0
410102699,4,16.11,0.166,522,0.534,"IT",27,0,0,0.113820932805538,0.466,410102699,21752074.633752
270140787,7,13.36,0.746,898,1.535,"Manufacturing",28,2,0,0.10301835089922,0,270140787,0
250011029,10,11.52,0.662,412,0.893,"Real_Estate",12,1,1,0.627881288528442,0.107,250011029,16796565.4327281
12091433,9,15.51,0.469,568,1.419,"Retail",14,0,0,0.0987222567200661,0,12091433,0
277492474,7,11.33,0.17,743,1.74,"Retail",19,0,0,0.00661573419347405,0,277492474,0
360228904,5,14.58,0.185,378,1.02,"Retail",38,0,0,0.0173512976616621,0,360228904,0
118621899,9,13.66,0.63,897,0.622,"IT",22,1,0,0.0500002540647984,0.378,118621899,2241965.28313127
406127961,3,9.08,0.716,780,1.52,"Manufacturing",47,0,0,0.0207507871091366,0,406127961,0
211315475,2,13.56,0.258,381,0.335,"Infrastructure",1,1,0,0.282071709632874,0.665,211315475,39638068.0079133
282890365,1,13.3,0.552,728,1.681,"Real_Estate",16,2,0,0.0879364237189293,0,282890365,0
76693702,5,12.57,0.746,551,0.788,"IT",31,0,0,0.114271655678749,0.212,76693702,1857950.25722659
98201425,6,16.09,0.467,493,1.931,"Manufacturing",46,0,1,0.0755314528942108,0,98201425,0
84224735,3,12.01,0.78,898,0.571,"Retail",30,0,0,0.0384991951286793,0.429,84224735,1391068.75368588
417719677,3,13.36,0.217,746,0.126,"Manufacturing",9,1,0,0.0721003040671349,0.874,417719677,26322883.5449832
56428121,10,14.55,0.507,650,1.264,"Retail",14,1,0,0.0800527632236481,0,56428121,0
134766983,9,14.07,0.367,369,0.975,"Manufacturing",15,2,1,0.400275766849518,0.025,134766983,1348598.93665802
399442004,9,16.4,0.623,519,0.893,"Manufacturing",45,0,0,0.165862053632736,0.107,399442004,7088993.00669587
150165775,5,11.67,0.496,690,1.588,"IT",9,1,0,0.0534176528453827,0,150165775,0
433916807,3,11.47,0.587,599,0.815,"Real_Estate",5,0,0,0.0650353953242302,0.185,433916807,5220690.94999845
20672200,8,17.36,0.249,505,0.16,"Real_Estate",10,0,1,0.0834454596042633,0.84,20672200,1449001.03322625
170571932,7,17.27,0.164,329,0.235,"Manufacturing",23,1,1,0.389969736337662,0.765,170571932,50886186.8817139
155488452,7,8.33,0.516,762,0.452,"Retail",24,1,0,0.0687978118658066,0.548,155488452,5862101.36686482
65597389,1,10.02,0.732,566,1.917,"IT",45,0,0,0.0897569060325623,0,65597389,0
187543408,3,10.45,0.505,636,1.183,"IT",41,1,0,0.0195590388029814,0,187543408,0
233017849,2,17.77,0.725,383,0.351,"Retail",43,1,0,0.191182225942612,0.649,233017849,28912217.3154604
24257486,10,17.3,0.214,705,1.261,"IT",29,2,0,0.0485916398465633,0,24257486,0
493770583,9,15.94,0.246,364,0.068,"Manufacturing",50,0,0,0.0480590052902699,0.932,493770583,22116474.6924574
454317713,9,9.78,0.746,597,0.351,"Infrastructure",38,0,0,0.0863020047545433,0.649,454317713,25446335.5983821
489715683,5,11.59,0.228,652,0.586,"Retail",41,0,0,0.00494330702349544,0.414,489715683,1002217.39976996
86065635,1,16.08,0.634,549,1.066,"Retail",35,1,0,0.0894340202212334,0,86065635,0
22324453,1,8.17,0.613,437,0.304,"Infrastructure",26,0,1,0.142615884542465,0.696,22324453,2215939.8416191
72273350,2,17.71,0.307,339,0.318,"Retail",40,0,0,0.184179216623306,0.682,72273350,9078271.80827607
180929840,7,11.45,0.211,716,1.812,"IT",9,0,0,0.00897994451224804,0,180929840,0
272665854,5,10.03,0.59,744,0.081,"IT",11,0,0,0.0364944972097874,0.919,272665854,9144788.1849187
468760913,8,11.64,0.556,703,0.914,"Manufacturing",47,0,0,0.0288731399923563,0.086,468760913,1163975.55390346
318138884,8,14.04,0.177,843,0.68,"Infrastructure",27,2,0,0.0313419550657272,0.32,318138884,3190750.27423635
242888519,9,17.26,0.69,687,0.421,"Infrastructure",8,0,1,0.243475914001465,0.579,242888519,34240614.9109486
43862218,4,17.34,0.658,885,0.625,"Retail",19,0,0,0.082753136754036,0.375,43862218,1361151.0466835
472511680,7,14.47,0.415,631,1.225,"IT",25,0,0,0.0150967855006456,0,472511680,0
174010172,10,13.61,0.796,839,0.886,"Manufacturing",8,2,0,0.202368453145027,0.114,174010172,4014415.30466197
185303765,1,8.34,0.454,719,1.294,"IT",30,1,0,0.020471503958106,0,185303765,0
312450223,10,15.86,0.183,894,0.291,"Retail",26,1,0,0.0638068094849586,0.709,312450223,14134944.3634181
363975507,4,14.07,0.297,380,1.691,"IT",26,0,0,0.0587623417377472,0,363975507,0
99766126,3,8.15,0.231,895,0.92,"Real_Estate",19,0,0,0.00830462574958801,0.08,99766126,66281.6271132993
294768885,1,9.73,0.402,360,0.556,"Manufacturing",28,0,0,0.104669496417046,0.444,294768885,13698869.9740496
421605686,6,17.87,0.688,630,0.386,"Infrastructure",10,1,1,0.584348022937775,0.614,421605686,151267771.731082
499690137,10,8.44,0.327,429,0.224,"Manufacturing",34,0,0,0.129292741417885,0.776,499690137,50134494.7536338
6707686,5,8.37,0.404,707,1.62,"Manufacturing",31,0,0,0.0155118890106678,0,6707686,0
410844593,8,16.21,0.895,823,1.674,"Manufacturing",28,1,0,0.0724522024393082,0,410844593,0
103606289,9,11.69,0.309,885,1.438,"Real_Estate",2,0,0,0.0854223519563675,0,103606289,0
57788621,2,15.26,0.681,590,1.042,"Manufacturing",16,0,0,0.170683547854424,0,57788621,0
344354746,5,9.16,0.582,652,1.468,"Manufacturing",37,0,1,0.0306887272745371,0,344354746,0
137207698,4,11.45,0.796,561,0.749,"IT",4,0,0,0.213136851787567,0.251,137207698,7340248.21497756
411761770,2,15.43,0.633,338,1.202,"Retail",10,0,0,0.439560234546661,0,411761770,0
322553805,1,17.25,0.355,547,1.251,"IT",25,0,0,0.165318429470062,0,322553805,0
264423238,4,16.84,0.279,640,0.139,"IT",15,0,0,0.0756566524505615,0.861,264423238,17224629.6118248
15296833,7,11.77,0.434,625,0.963,"IT",33,1,0,0.0308581497520208,0.037,15296833,17465.1826474892
144297850,1,17.63,0.124,528,0.065,"Manufacturing",24,0,0,0.083524614572525,0.935,144297850,11269014.8550759
18756181,5,8.46,0.898,720,0.628,"Manufacturing",28,0,0,0.0475656576454639,0.372,18756181,331879.831315836
449036109,8,9.48,0.651,545,0.685,"Manufacturing",8,0,0,0.268910497426987,0.315,449036109,38036414.8816686
66353499,8,16.19,0.263,608,0.604,"Retail",45,3,0,0.0775664523243904,0.396,66353499,2038134.98462903
26670600,4,17.73,0.734,796,1.396,"IT",27,2,1,0.236043125391006,0,26670600,0
182609315,10,10.5,0.308,802,0.839,"IT",46,0,0,0.0178548004478216,0.161,182609315,524932.913557382
348044911,1,14.26,0.578,503,0.95,"Retail",29,0,0,0.0570749267935753,0.05,348044911,993231.890810072
446262257,1,13.55,0.455,838,0.724,"Manufacturing",11,2,0,0.0661179348826408,0.276,446262257,8143639.12229815
122893821,8,10.46,0.205,735,0.203,"IT",49,0,0,0.0175658371299505,0.797,122893821,1720510.07663874
196591232,7,9.78,0.792,815,1.107,"Real_Estate",41,0,0,0.0306089445948601,0,196591232,0
310457299,10,16.15,0.628,809,0.467,"Retail",45,0,0,0.0909470617771149,0.533,310457299,15049350.4876478
282683992,3,8.96,0.101,642,1.692,"Manufacturing",14,0,0,0.00520340632647276,0,282683992,0
21659384,7,16.74,0.591,726,1.64,"Retail",19,0,0,0.0332737118005753,0,21659384,0
237647499,8,14.71,0.884,853,0.352,"Infrastructure",46,1,1,0.347775965929031,0.648,237647499,53555961.3579426
474653412,6,8.89,0.466,452,1.147,"Infrastructure",31,0,0,0.0626038759946823,0,474653412,0
120925341,9,9.84,0.21,638,1.725,"Manufacturing",41,1,0,0.0129329822957516,0,120925341,0
339392709,10,8.86,0.723,729,1.854,"Infrastructure",5,0,0,0.0559092946350574,0,339392709,0
456802660,5,10.94,0.188,652,1.354,"IT",17,0,0,0.0103408377617598,0,456802660,0
23745182,4,13.64,0.746,807,0.992,"Infrastructure",34,0,0,0.0207899138331413,0.00800000000000001,23745182,3949.28230185807
69077138,10,15.65,0.393,630,0.384,"Real_Estate",2,0,0,0.32927793264389,0.616,69077138,14011275.5512556
51076762,3,14.79,0.22,519,1.214,"IT",4,1,0,0.117431215941906,0,51076762,0
205417653,3,8.05,0.696,760,0.731,"IT",47,0,0,0.0136965932324529,0.269,205417653,756837.427658755
485003975,10,11.67,0.116,541,1.781,"IT",45,0,0,0.022068252786994,0,485003975,0
182628341,7,9.74,0.258,458,1.729,"IT",23,3,0,0.0636871680617332,0,182628341,0
362725805,7,10.63,0.15,651,1.101,"IT",7,0,0,0.00938091147691011,0,362725805,0
351638092,8,17.37,0.124,427,1.832,"Real_Estate",15,0,0,0.185624316334724,0,351638092,0
13382485,9,16.81,0.349,594,0.905,"Manufacturing",7,0,0,0.0987774059176445,0.095,13382485,125579.27953802
473053272,1,12.98,0.35,869,1.225,"Retail",14,0,0,0.00471539655700326,0,473053272,0
267212263,3,17.49,0.875,366,0.723,"Infrastructure",8,0,0,0.34382838010788,0.277,267212263,25449419.1904334
348458274,3,8.46,0.603,352,0.851,"Retail",48,1,0,0.146528169512749,0.149,348458274,7607784.00307798
23583494,5,12.39,0.304,653,0.967,"Infrastructure",6,0,1,0.0350134894251823,0.033,23583494,27249.4337866691
458369143,6,12.8,0.745,841,0.064,"Retail",50,0,0,0.0713418275117874,0.936,458369143,30608035.2270874
17389266,3,16.51,0.184,526,1.401,"Manufacturing",45,1,0,0.0461802557110786,0,17389266,0
388871323,7,13.18,0.798,332,0.067,"Retail",36,0,0,0.188101559877396,0.933,388871323,68246433.1838782
263544746,2,10.89,0.678,697,0.625,"Manufacturing",17,0,0,0.042577788233757,0.375,263544746,4207932.14449023
133794820,10,10.19,0.366,879,1.452,"Infrastructure",17,1,0,0.062937431037426,0,133794820,0
252963104,8,11.41,0.744,480,1.72,"Retail",13,0,0,0.232396617531776,0,252963104,0
266715133,7,10.47,0.843,586,1.214,"Manufacturing",44,0,0,0.10177905112505,0,266715133,0
44348248,7,15.6,0.681,575,0.15,"Real_Estate",18,0,0,0.131199523806572,0.85,44348248,4945698.66636739
457885113,6,12.84,0.808,895,1.643,"Infrastructure",37,1,0,0.0575377382338047,0,457885113,0
282440123,10,13.73,0.125,648,1.098,"Real_Estate",35,1,0,0.0311492551118135,0,282440123,0
30556033,7,15.99,0.358,680,1.877,"Manufacturing",39,3,0,0.107101328670979,0,30556033,0
336690121,4,13.22,0.222,619,1.667,"IT",22,1,0,0.0131847178563476,0,336690121,0
314034016,10,10,0.755,463,1.744,"Manufacturing",35,0,1,0.359297782182693,0,314034016,0
37354855,2,9.12,0.592,373,0.611,"IT",44,0,0,0.0571440234780312,0.389,37354855,830362.010632857
219414822,4,15.63,0.784,786,0.673,"IT",26,0,0,0.0294062029570341,0.327,219414822,2109855.26951692
321128832,8,13.48,0.129,724,1.986,"Infrastructure",20,2,0,0.0230708736926317,0,321128832,0
405174774,6,8.31,0.167,663,1.662,"Retail",49,0,0,0.00795538444072008,0,405174774,0
196484733,2,10.39,0.434,533,1.131,"Manufacturing",44,1,0,0.0496362596750259,0,196484733,0
386937980,8,17.77,0.849,756,0.602,"IT",23,0,0,0.0678507834672928,0.398,386937980,10449109.9483082
436824167,10,10.06,0.278,555,1.67,"Real_Estate",4,0,0,0.0307387690991163,0,436824167,0
309538245,8,15.8,0.475,660,1.577,"Real_Estate",45,0,0,0.0212049074470997,0,309538245,0
179509358,2,17.48,0.767,823,1.753,"Manufacturing",15,1,0,0.0870085060596466,0,179509358,0
466196084,7,10.67,0.654,850,1.85,"Manufacturing",27,0,0,0.0173958912491798,0,466196084,0
372619919,1,9.14,0.356,725,0.219,"Infrastructure",8,1,0,0.227110892534256,0.781,372619919,66092939.0988832
32720428,4,12.59,0.472,798,1.044,"Manufacturing",49,0,0,0.0250879395753145,0,32720428,0
54993550,2,10.95,0.204,867,0.137,"Manufacturing",8,0,0,0.0767699703574181,0.863,54993550,3643459.31449035
409570168,2,9.09,0.296,507,1.597,"Manufacturing",6,0,0,0.0961223468184471,0,409570168,0
396745392,7,8.21,0.268,673,0.028,"Real_Estate",43,0,0,0.0181460063904524,0.972,396745392,6997762.77489333
29496411,4,9.75,0.849,656,0.347,"Manufacturing",31,0,0,0.0752896815538406,0.653,29496411,1450166.3304348
453902688,9,9.81,0.428,793,0.086,"IT",23,0,0,0.0598966553807259,0.914,453902688,24849149.1318823
361097668,8,14.17,0.824,870,1.008,"Manufacturing",44,1,0,0.068180076777935,0,361097668,0
451450790,9,10.54,0.602,328,0.762,"Infrastructure",25,2,0,0.285757511854172,0.238,451450790,30703298.16505
268321418,1,8.19,0.214,646,0.387,"Infrastructure",30,1,0,0.0701492056250572,0.613,268321418,11538213.5411569
174921128,3,16.3,0.865,698,0.235,"Real_Estate",49,2,0,0.137339651584625,0.765,174921128,18378059.1823469
416813395,9,15.51,0.495,836,1.129,"Infrastructure",29,0,0,0.0278868563473225,0,416813395,0
395374167,10,11.31,0.447,487,1.816,"Manufacturing",18,0,0,0.127292186021805,0,395374167,0
266173121,7,15.99,0.664,819,0.547,"Manufacturing",25,0,0,0.0629125460982323,0.453,266173121,7585769.82149535
389580767,3,16.81,0.152,600,0.595,"Manufacturing",7,0,0,0.0652050673961639,0.405,389580767,10288069.2682361
30121114,6,13.49,0.13,657,0.726,"Manufacturing",43,0,0,0.00975411012768745,0.274,30121114,80502.4776961482
229597103,2,17.62,0.899,517,1.759,"IT",44,1,0,0.176453605294228,0,229597103,0
12143189,3,10.15,0.361,778,0.632,"Retail",48,0,0,0.0115623120218515,0.368,12143189,51668.4291782601
370204667,4,11.72,0.597,847,0.709,"Manufacturing",27,1,0,0.016047952696681,0.291,370204667,1728838.85237501
353162806,4,15.37,0.647,475,0.755,"Infrastructure",13,0,0,0.0664120391011238,0.245,353162806,5746294.20987798
3847628,1,12.95,0.472,344,1.505,"Manufacturing",20,1,0,0.16210600733757,0,3847628,0
235905857,2,12.19,0.392,588,0.436,"Infrastructure",36,0,0,0.0272015780210495,0.564,235905857,3619194.52819174
298490109,2,11.11,0.893,896,0.82,"Manufacturing",36,0,0,0.0187727492302656,0.18,298490109,1008626.3935149
142712803,4,17.62,0.116,884,0.51,"IT",49,0,0,0.0229411032050848,0.49,142712803,1604254.67973187
28554426,3,16.52,0.628,399,1.731,"Manufacturing",35,0,0,0.0417832247912884,0,28554426,0
189559271,9,14.93,0.155,660,0.797,"Retail",10,2,0,0.0267748236656189,0.203,189559271,1030309.45920728
265581717,9,12.27,0.57,362,1.704,"Retail",49,1,0,0.296063780784607,0,265581717,0
126238057,1,17.69,0.242,837,1.757,"Retail",37,1,0,0.0550598688423634,0,126238057,0
472099160,4,9.47,0.437,570,0.722,"Manufacturing",9,0,1,0.232243984937668,0.278,472099160,30480528.8767469
219306647,4,10.71,0.555,502,1.795,"Manufacturing",32,1,1,0.234726697206497,0,219306647,0
350832337,10,12.34,0.375,718,1.656,"Real_Estate",32,2,0,0.0349913276731968,0,350832337,0
88748098,10,16.76,0.128,305,0.976,"Manufacturing",43,0,0,0.047380905598402,0.024,88748098,100919.166081018
121745437,6,14.66,0.8,752,1.012,"Manufacturing",30,0,0,0.0569658689200878,0,121745437,0
12817908,9,16.34,0.653,410,1.469,"IT",13,0,1,0.182806521654129,0,12817908,0
165056753,7,8.56,0.706,709,1.071,"Infrastructure",4,2,0,0.148545876145363,0,165056753,0
207132621,10,15.38,0.785,544,1.747,"Manufacturing",32,0,0,0.181394070386887,0,207132621,0
55268523,5,15.08,0.682,599,0.918,"IT",29,1,0,0.203547984361649,0.082,55268523,922483.309334223
426174078,6,17.62,0.329,367,0.454,"Manufacturing",7,2,1,0.717044651508331,0.546,426174078,166849870.409801
5520909,9,16.48,0.386,691,0.437,"Retail",45,0,0,0.0489367805421352,0.563,5520909,152108.813326994
484912001,1,16.81,0.762,780,0.789,"Retail",20,0,0,0.0417789295315742,0.211,484912001,4274671.01126546
402518699,8,11.45,0.211,800,0.782,"Manufacturing",5,0,0,0.0115786241367459,0.218,402518699,1016013.57377379
251018820,4,16.64,0.768,598,1.355,"IT",24,0,1,0.412093371152878,0,251018820,0
467155390,5,12.11,0.189,698,1.903,"Retail",7,0,0,0.0100935213267803,0,467155390,0
234458259,5,17.16,0.495,400,1.478,"IT",4,0,1,0.623160421848297,0,234458259,0
255977421,10,9.05,0.696,831,1.57,"Manufacturing",18,3,0,0.295195192098618,0,255977421,0
416278677,10,10.37,0.388,816,0.811,"Retail",46,1,0,0.0513447783887386,0.189,416278677,4039636.18310072
81164149,3,10.68,0.499,898,1.609,"Infrastructure",47,0,0,0.011371492408216,0,81164149,0
261159401,4,15.54,0.44,523,1.21,"Manufacturing",21,0,0,0.162949070334435,0,261159401,0
217349806,5,16.55,0.12,705,0.198,"Infrastructure",38,0,0,0.0159097947180271,0.802,217349806,2773308.61796134
166577224,8,16.98,0.124,374,1.065,"Infrastructure",22,0,0,0.0750163048505783,0,166577224,0
224563852,2,12.88,0.853,762,0.128,"Manufacturing",26,1,1,0.0741147622466087,0.872,224563852,14513128.9481418
21542513,10,8.31,0.67,574,0.64,"Infrastructure",16,0,0,0.166480019688606,0.36,21542513,1291103.27581754
122438661,9,12.47,0.705,854,1.973,"Manufacturing",41,0,0,0.0602498985826969,0,122438661,0
52481658,3,16.94,0.605,637,0.027,"Manufacturing",26,1,0,0.0812478139996529,0.973,52481658,4148891.4479128
182202343,3,8.52,0.373,686,0.508,"IT",6,0,0,0.0558858178555965,0.492,182202343,5009803.26125038
329213274,4,9.41,0.451,895,1.475,"Manufacturing",22,0,0,0.0172089543193579,0,329213274,0
213094789,9,15.83,0.869,839,1.831,"Real_Estate",18,2,1,0.239484071731567,0,213094789,0
37024105,10,8.7,0.103,663,1.509,"Retail",12,0,0,0.0125741818919778,0,37024105,0
343883455,8,13.13,0.576,813,1.493,"Infrastructure",38,2,0,0.0599321201443672,0,343883455,0
426540228,4,12.59,0.592,514,1.601,"Real_Estate",5,2,0,0.259885221719742,0,426540228,0
433741559,5,12.46,0.152,688,1.391,"Retail",39,0,0,0.0070256101898849,0,433741559,0
45451848,8,8.43,0.671,397,0.825,"IT",40,0,0,0.127728655934334,0.175,45451848,1015963.10458504
7506019,3,9.84,0.636,541,0.987,"IT",43,0,0,0.0413051322102547,0.013,7506019,4030.48239317989
212204779,9,10.19,0.253,639,1.917,"Manufacturing",43,3,0,0.0450091771781445,0,212204779,0
486655967,9,8.66,0.342,737,1.05,"Real_Estate",27,0,0,0.0097655113786459,0,486655967,0
250034976,1,16.02,0.775,522,1.602,"Manufacturing",33,0,0,0.236844137310982,0,250034976,0
497331650,9,8.23,0.776,476,0.201,"Manufacturing",2,0,1,0.251064985990524,0.799,497331650,99765188.4281756
247946029,3,13.33,0.674,778,1.786,"IT",41,1,0,0.0799364298582077,0,247946029,0
62394765,7,11.74,0.155,595,1.547,"Real_Estate",30,0,0,0.00986771192401648,0,62394765,0
280632495,8,17.01,0.194,664,1.045,"IT",4,0,0,0.0334006696939468,0,280632495,0
120406971,5,9.35,0.723,458,0.133,"Retail",16,0,0,0.174591213464737,0.867,120406971,18226073.2860284
362900013,6,14.09,0.235,856,0.003,"Manufacturing",13,0,0,0.0244504511356354,0.997,362900013,8846449.82787301
393227670,4,12.89,0.761,825,1.33,"IT",35,1,0,0.0465181991457939,0,393227670,0
225441161,9,8.44,0.43,653,1.684,"Infrastructure",29,0,0,0.011953498236835,0,225441161,0
235070880,1,11.8,0.489,560,1.676,"Manufacturing",8,0,1,0.294007778167725,0,235070880,0
201528152,1,9.25,0.229,349,0.493,"IT",20,0,0,0.0545963123440742,0.507,201528152,5578365.82388705
451285381,5,15.95,0.642,900,1.219,"Manufacturing",10,0,0,0.0361636430025101,0,451285381,0
282280516,10,13.63,0.218,414,0.321,"Infrastructure",13,0,0,0.0499396435916424,0.679,282280516,9571855.09773343
345807342,1,12.86,0.256,782,0.389,"Manufacturing",14,0,0,0.00815574731677771,0.611,345807342,1723213.87130114
166804844,8,11.35,0.83,595,0.674,"Retail",8,0,0,0.351871132850647,0.326,166804844,19134181.8719813
48337189,10,14.86,0.422,800,0.467,"Retail",48,0,0,0.0868435725569725,0.533,48337189,2237413.63800481
469014008,5,16.18,0.199,736,1.929,"Manufacturing",21,0,0,0.00890790950506926,0,469014008,0
335838513,8,8.17,0.463,675,1.865,"Infrastructure",17,1,0,0.0269796680659056,0,335838513,0
8482052,6,13.6,0.582,896,0.026,"IT",25,0,0,0.0742319449782372,0.974,8482052,613268.597715016
57443770,5,13.97,0.783,398,1.723,"Manufacturing",22,1,0,0.203076422214508,0,57443770,0
424047638,5,9.34,0.148,748,0.538,"Manufacturing",6,0,0,0.0170162208378315,0.462,424047638,3333647.9733336
223962901,9,14.82,0.582,742,0.709,"IT",6,3,0,0.193442046642303,0.291,223962901,12607238.0049438
201538314,2,10.92,0.498,733,1.788,"Real_Estate",38,1,0,0.0219889953732491,0,201538314,0
216674887,4,14.87,0.676,315,1.21,"IT",25,0,0,0.282047599554062,0,216674887,0
332138603,3,16.46,0.672,361,0.654,"Manufacturing",16,0,0,0.304361462593079,0.346,332138603,34977206.0834749
92002293,4,13.32,0.29,664,0.192,"Infrastructure",16,0,0,0.026866115629673,0.808,92002293,1997169.34748191
419331041,6,9.72,0.793,684,1.777,"IT",46,0,0,0.0502413511276245,0,419331041,0
458769115,5,8.37,0.309,348,1.039,"Retail",22,1,0,0.10270381718874,0,458769115,0
399352231,4,8.67,0.205,357,1.784,"IT",9,0,0,0.0648650452494621,0,399352231,0
252025085,1,12.19,0.251,589,0.408,"Manufacturing",13,0,0,0.0165834464132786,0.592,252025085,2474231.13920449
127975289,5,15.14,0.282,468,1.95,"Retail",25,1,1,0.350635379552841,0,127975289,0
333955472,10,8.09,0.748,748,1.963,"Infrastructure",22,0,0,0.042634304612875,0,333955472,0
470608588,1,13.72,0.752,784,1.615,"IT",47,0,0,0.0180705711245537,0,470608588,0
490399754,10,10.55,0.523,838,1.455,"IT",44,1,1,0.193168357014656,0,490399754,0
27096340,3,10.13,0.678,798,0.088,"Manufacturing",22,0,1,0.081797830760479,0.912,27096340,2021376.71219614
191819856,8,13.54,0.565,720,0.352,"Infrastructure",28,0,0,0.040364783257246,0.648,191819856,5017312.95889574
403282616,2,12.82,0.409,503,0.046,"Real_Estate",37,0,0,0.0596397332847118,0.954,403282616,22945290.9443972
274395962,4,15.87,0.444,629,1.29,"Retail",41,0,0,0.0197013504803181,0,274395962,0
152927796,5,13.61,0.515,473,0.025,"Real_Estate",8,0,0,0.244278535246849,0.975,152927796,36423053.5552737
201750108,9,14.42,0.249,845,1.939,"Manufacturing",31,0,0,0.0135516216978431,0,201750108,0
14770297,9,10.22,0.35,536,0.233,"Manufacturing",39,0,0,0.0622850395739079,0.767,14770297,705615.864936307
424647850,3,10.51,0.655,756,1.035,"Real_Estate",49,3,0,0.139597177505493,0,424647850,0
16485818,9,14.42,0.71,882,0.031,"Real_Estate",33,0,0,0.096435196697712,0.969,16485818,1540528.89540455
326493624,2,14.31,0.669,526,1.865,"IT",29,1,0,0.193847090005875,0,326493624,0
298823711,2,10.44,0.609,302,0.713,"IT",35,0,0,0.087114728987217,0.287,298823711,7471168.67383248
156992908,4,16.86,0.647,582,0.416,"Retail",19,0,1,0.49292665719986,0.584,156992908,45193417.7772027
493468140,8,11.66,0.47,568,0.201,"Manufacturing",26,1,0,0.169040963053703,0.799,493468140,66649647.3679138
414634543,10,10.5,0.574,551,0.276,"Retail",25,0,0,0.200418397784233,0.724,414634543,60164682.9204178
304251247,4,15.71,0.259,819,0.047,"Infrastructure",7,2,0,0.149593561887741,0.953,304251247,43374868.4433836
69918205,3,12.22,0.688,354,0.779,"Manufacturing",7,3,1,0.6917684674263,0.221,69918205,10689153.3034886
435592654,6,11.88,0.587,561,0.216,"IT",3,0,0,0.178152948617935,0.784,435592654,60840058.713827
288966784,8,13.86,0.598,811,1.78,"Manufacturing",42,0,0,0.0186762120574713,0,288966784,0
399787113,4,8.47,0.409,371,0.589,"Manufacturing",40,0,0,0.0506112277507782,0.411,399787113,8316057.5340542
15069907,9,11.15,0.438,475,1.982,"Retail",38,0,0,0.0858874768018723,0,15069907,0
128922512,2,11.96,0.126,745,0.826,"Retail",46,0,0,0.00575671903789043,0.174,128922512,129137.698188292
378626690,7,11.64,0.244,643,0.831,"IT",9,0,0,0.0154244070872664,0.169,378626690,986975.581912256
415144204,4,8.45,0.236,786,0.194,"Real_Estate",40,0,0,0.0143368011340499,0.806,415144204,4797182.95512936
262332412,2,16.39,0.149,773,1.168,"Infrastructure",44,0,0,0.0111351367086172,0,262332412,0
319330858,9,10.99,0.137,366,1.853,"Retail",26,1,0,0.108518213033676,0,319330858,0
244464897,8,16.67,0.167,469,1.177,"IT",28,1,0,0.150768995285034,0,244464897,0
291337460,8,10.62,0.76,526,0.844,"Infrastructure",7,0,0,0.143752455711365,0.156,291337460,6533354.149251
51084641,5,11.28,0.744,388,0.617,"Real_Estate",29,0,0,0.199213296175003,0.383,51084641,3897691.31181273
420965370,1,17.99,0.848,747,1.627,"Infrastructure",20,3,1,0.371786415576935,0,420965370,0
201844444,1,16.9,0.468,330,0.96,"Manufacturing",9,3,1,0.700169861316681,0.04,201844444,5653015.85452091
386529702,10,14.88,0.893,432,1.51,"Manufacturing",31,0,0,0.251892626285553,0,386529702,0
475777467,7,8.67,0.372,380,1.923,"Manufacturing",27,0,0,0.0639945194125175,0,475777467,0
133469022,6,14.71,0.887,590,1.625,"IT",49,0,0,0.152751311659813,0,133469022,0
414819452,4,9.33,0.703,731,0.31,"Infrastructure",16,2,0,0.149793893098831,0.69,414819452,42874820.2472606
327176886,8,13.79,0.281,543,0.914,"IT",19,0,0,0.0225548092275858,0.086,327176886,634629.45327688
399459026,7,13.37,0.362,712,0.223,"Retail",14,2,0,0.133694380521774,0.777,399459026,41496016.7983483
93889576,5,10.98,0.184,559,1.008,"IT",40,1,0,0.0269027836620808,0,93889576,0
377599080,5,12.23,0.838,745,0.987,"Manufacturing",44,0,0,0.0206229873001575,0.013,377599080,101233.873408085
368224264,5,8.04,0.313,559,0.231,"Manufacturing",30,0,0,0.0817803516983986,0.769,368224264,23157289.0468153
376141089,6,13.66,0.743,485,0.77,"Infrastructure",19,2,0,0.192681446671486,0.23,376141089,16669344.1116549
166974628,3,17.65,0.819,840,1.536,"Retail",7,0,1,0.413022428750992,0,166974628,0
29716763,10,11.5,0.209,680,0.853,"Manufacturing",38,0,0,0.00828474760055542,0.147,29716763,36190.794501197
337533308,1,11.03,0.228,819,0.249,"Manufacturing",35,0,0,0.00965124741196632,0.751,337533308,2446470.71643086
21743516,1,8.64,0.65,624,0.132,"Real_Estate",7,0,0,0.231174230575562,0.868,21743516,4363037.22457483
322137953,10,9.94,0.291,709,1.408,"Infrastructure",12,0,0,0.0197363253682852,0,322137953,0
150502649,1,14.52,0.207,448,0.397,"Manufacturing",9,0,0,0.119783975183964,0.603,150502649,10870766.7604809
197322109,10,10.64,0.282,550,0.761,"IT",40,2,0,0.0367181748151779,0.239,197322109,1731628.53866562
461828627,8,11.96,0.703,631,0.872,"IT",36,2,1,0.185484752058983,0.128,461828627,10964757.5517229
339929679,4,16.59,0.413,329,0.091,"Real_Estate",40,1,1,0.448246270418167,0.909,339929679,138506339.631921
359055608,4,16.85,0.457,370,0.358,"IT",36,0,1,0.451219439506531,0.642,359055608,104012262.664186
358851174,4,15.72,0.696,405,0.585,"IT",28,2,0,0.432798326015472,0.415,358851174,64453727.7692931
114857857,10,17.23,0.29,481,1.803,"Manufacturing",15,0,0,0.126011222600937,0,114857857,0
204978196,8,17.07,0.152,820,1.351,"Retail",26,0,0,0.0190101396292448,0,204978196,0
285985867,2,11.83,0.485,672,1.04,"Real_Estate",20,0,0,0.013633063994348,0,285985867,0
439845624,6,14.1,0.493,411,0.516,"Retail",31,0,1,0.288853675127029,0.484,439845624,61492696.0907757
297744335,1,17.06,0.439,741,0.024,"IT",33,1,0,0.063769206404686,0.976,297744335,18531233.8755344
459154428,9,12.54,0.132,527,1.545,"Manufacturing",43,0,0,0.0202496200799942,0,459154428,0
176340479,3,17.32,0.418,588,1.687,"Retail",24,2,0,0.108201146125793,0,176340479,0
127740215,9,12.01,0.78,818,0.322,"Retail",49,0,0,0.0769667103886604,0.678,127740215,6665922.52209957
357341662,6,8.25,0.869,630,1.935,"Retail",46,1,1,0.332756102085114,0,357341662,0
110016774,1,8.6,0.745,358,0.939,"Manufacturing",10,1,1,0.52803236246109,0.061,110016774,3543637.44221964
222239461,5,15.95,0.167,703,1.074,"Manufacturing",17,0,0,0.00764348963275552,0,222239461,0
348410128,4,14.02,0.584,876,0.096,"Real_Estate",11,0,0,0.0553378164768219,0.904,348410128,17429351.1726247
337078567,2,8.61,0.695,305,1.039,"Manufacturing",28,1,0,0.249947383999825,0,337078567,0
91089048,2,11.68,0.427,573,0.516,"Retail",49,1,0,0.115103252232075,0.484,91089048,5074568.5030814
366140843,4,14.31,0.457,712,0.621,"Retail",41,0,0,0.0143706863746047,0.379,366140843,1994182.48977714
163954928,5,11.51,0.778,305,0.389,"Manufacturing",27,1,1,0.484391361474991,0.611,163954928,48524612.3354115
176859871,4,11.09,0.417,578,0.45,"IT",38,0,0,0.0687698200345039,0.55,176859871,6689441.82499757
394707598,8,16.54,0.685,390,0.565,"IT",17,0,0,0.25474339723587,0.435,394707598,43738882.1767587
182903998,9,12.24,0.652,813,1.608,"Infrastructure",50,0,0,0.017282934859395,0,182903998,0
142297306,4,16.87,0.197,534,0.798,"Real_Estate",38,0,0,0.0376734249293804,0.202,142297306,1082887.0287993
131049178,5,16.12,0.273,436,1.218,"Real_Estate",42,0,0,0.038847666233778,0,131049178,0
14432968,1,17.93,0.895,850,1.239,"Infrastructure",49,1,0,0.049355261027813,0,14432968,0
328490055,7,12.44,0.824,416,1.361,"Manufacturing",31,0,0,0.174217715859413,0,328490055,0
373643172,5,14.79,0.311,814,0.538,"Real_Estate",18,1,0,0.0212908145040274,0.462,373643172,3675287.36917576
315941608,7,8.6,0.582,396,0.766,"Manufacturing",47,0,0,0.0831420049071312,0.234,315941608,6146716.38111248
28204532,4,12.62,0.222,757,1.513,"Manufacturing",35,0,0,0.00924501568078995,0,28204532,0
264115147,3,16.98,0.364,691,1.219,"Retail",13,1,0,0.0501968748867512,0,264115147,0
44798465,5,9.82,0.635,694,0.365,"IT",38,1,0,0.109518431127071,0.635,44798465,3115473.57835015
135873477,4,9.07,0.895,517,0.628,"IT",36,3,1,0.617938578128815,0.372,135873477,31233664.3040009
1634992,10,12.87,0.584,576,1.353,"Retail",23,0,1,0.232676476240158,0,1634992,0
353550660,10,17.28,0.281,463,0.648,"Infrastructure",33,2,0,0.138341084122658,0.352,353550660,17216524.7220318
398743098,1,17.57,0.548,483,0.603,"IT",46,0,0,0.0624851174652576,0.397,398743098,9891457.19884533
68012145,7,15.52,0.381,530,0.32,"Manufacturing",6,1,1,0.498025149106979,0.68,68012145,23032795.8852031
299966109,9,12.07,0.161,381,1.942,"Infrastructure",29,1,0,0.0908346176147461,0,299966109,0
180247631,9,14.3,0.41,447,0.632,"Manufacturing",41,1,0,0.0517137981951237,0.368,180247631,3430234.57820339
339354215,8,17.56,0.529,807,0.94,"Infrastructure",8,0,0,0.0559042729437351,0.06,339354215,1138281.03959802
183599105,1,8.04,0.11,409,1.413,"Infrastructure",9,0,0,0.0507535636425018,0,183599105,0
400642396,5,12.12,0.621,626,1.526,"Manufacturing",39,2,0,0.0762645751237869,0,400642396,0
493528107,1,8.5,0.769,341,1.437,"Manufacturing",14,2,1,0.755483686923981,0,493528107,0
242147091,6,13.83,0.89,802,1.599,"Manufacturing",41,0,0,0.0488266535103321,0,242147091,0
40272041,6,8.36,0.239,526,0.901,"IT",43,1,0,0.052744135260582,0.099,40272041,210287.283794647
68093073,8,17.93,0.274,894,0.617,"Retail",34,0,0,0.0292257312685251,0.383,68093073,762196.753601743
447273463,2,8.24,0.486,828,1.821,"Infrastructure",19,0,0,0.0105531876906753,0,447273463,0
357059745,5,13.11,0.716,701,1.434,"IT",36,0,0,0.0257237385958433,0,357059745,0
437209454,4,8.49,0.632,661,1.912,"Infrastructure",12,0,0,0.0172787718474865,0,437209454,0
451983661,8,8.73,0.256,564,0.38,"Retail",43,0,0,0.0285660233348608,0.62,451983661,8005053.00040312
239172679,3,14.24,0.508,707,0.522,"Real_Estate",39,3,1,0.519682884216309,0.478,239172679,59412506.9759645
34322514,4,10.5,0.595,806,1.744,"Real_Estate",31,1,0,0.0391971468925476,0,34322514,0
360219644,9,12.83,0.726,311,0.007,"Infrastructure",15,1,1,0.202602788805962,0.993,360219644,72470633.925891
136692584,7,9.45,0.235,497,1.614,"Infrastructure",22,1,0,0.0339612625539303,0,136692584,0
163963594,9,9.88,0.712,305,1.029,"Retail",49,0,1,0.444082856178284,0,163963594,0
193139764,1,13.36,0.118,702,0.961,"Manufacturing",2,0,0,0.0200888458639383,0.039,193139764,151318.243018544
166024089,9,16.57,0.68,472,1.301,"Manufacturing",12,1,0,0.339169710874557,0,166024089,0
50191577,8,10.84,0.108,883,0.75,"Manufacturing",37,0,0,0.00661114789545536,0.25,50191577,82955.9846632839
291008209,7,10.17,0.286,321,0.018,"IT",12,0,0,0.0772290304303169,0.982,291008209,22069744.755423
378339850,2,14.47,0.746,462,0.142,"Real_Estate",14,0,0,0.0989701002836227,0.858,378339850,32127237.6245885
258985071,6,11.36,0.667,749,1.273,"IT",8,0,0,0.0520381070673466,0,258985071,0
137988372,2,17.48,0.524,404,1.242,"Retail",30,3,1,0.595331370830536,0,137988372,0
222864270,8,10.94,0.128,810,0.839,"IT",7,0,0,0.0112986527383327,0.161,222864270,405408.625116437
447907533,10,9.64,0.62,386,1.577,"Real_Estate",15,1,0,0.205629408359528,0,447907533,0
460720005,9,8.69,0.235,790,1.837,"Real_Estate",2,0,0,0.0275818668305874,0,460720005,0
261146874,10,9.57,0.116,835,0.295,"Retail",5,0,0,0.0749203264713287,0.705,261146874,13793472.3852181
383165631,10,17.77,0.582,570,1.011,"Manufacturing",2,0,1,0.652751922607422,0,383165631,0
383594039,4,11.99,0.454,735,1.491,"Manufacturing",1,0,0,0.0290450397878885,0,383594039,0
419276620,5,17.5,0.476,301,0.398,"Manufacturing",36,0,0,0.420516759157181,0.602,419276620,106140332.950532
470434095,7,16.11,0.531,839,1.54,"IT",27,0,0,0.0165812075138092,0,470434095,0
211969940,2,8.43,0.317,828,1.22,"Manufacturing",41,0,0,0.00292787584476173,0,211969940,0
302763209,4,14.47,0.861,764,1.931,"IT",45,0,0,0.0307676922529936,0,302763209,0
110878714,2,11.72,0.825,663,1.607,"Manufacturing",50,0,0,0.0486737936735153,0,110878714,0
429740156,3,13.42,0.294,653,0.408,"Manufacturing",25,0,0,0.0197820011526346,0.592,429740156,5032663.19470463
463918693,3,8.25,0.304,460,1.399,"Real_Estate",39,0,0,0.0320345722138882,0,463918693,0
292135813,4,17.42,0.731,657,1.3,"IT",42,3,0,0.390318721532822,0,292135813,0
329763623,8,14.61,0.688,697,1.631,"Manufacturing",32,0,0,0.0217562187463045,0,329763623,0
33588927,3,11.94,0.491,620,0.031,"IT",48,2,0,0.193209201097488,0.969,33588927,6288509.36909871
123029234,4,13.49,0.468,851,0.455,"IT",2,0,0,0.213237091898918,0.545,123029234,14297745.8618078
254959292,10,17.68,0.759,448,1.095,"Infrastructure",11,1,0,0.346416294574738,0,254959292,0
257956641,10,11.02,0.756,829,1.293,"Infrastructure",45,0,0,0.0572061501443386,0,257956641,0
382068009,7,8.65,0.553,630,1.515,"IT",22,0,0,0.0242950227111578,0,382068009,0
134657906,9,8.37,0.27,771,0.696,"Retail",48,1,0,0.0279215723276138,0.304,134657906,1142997.58040666
344182714,1,14.11,0.55,528,1.799,"Manufacturing",15,2,0,0.334796518087387,0,344182714,0
279305046,3,10.38,0.568,639,1.185,"Retail",13,0,0,0.021002734079957,0,279305046,0
216057326,8,16.17,0.448,755,0.261,"Infrastructure",25,1,0,0.0704106539487839,0.739,216057326,11242213.0968092
430596607,10,16.84,0.302,513,0.759,"Manufacturing",33,0,1,0.189103737473488,0.241,430596607,19624010.0822317
56722881,10,16.73,0.528,386,1.413,"Retail",11,0,0,0.165203347802162,0,56722881,0
158836216,5,8.3,0.532,834,1.638,"IT",6,0,0,0.0229544788599014,0,158836216,0
370753662,4,8.73,0.527,376,0.969,"Manufacturing",9,0,0,0.185702264308929,0.031,370753662,2134343.63056105
273759382,8,9.49,0.173,301,1.354,"Retail",16,2,1,0.298739194869995,0,273759382,0
90677227,3,10.66,0.446,865,1.311,"Manufacturing",19,0,0,0.0226012319326401,0,90677227,0
341132481,1,13.36,0.613,385,0.882,"Real_Estate",21,0,0,0.0564649924635887,0.118,341132481,2272921.07031254
53553234,7,8.27,0.453,560,1.723,"Manufacturing",43,1,0,0.052527479827404,0,53553234,0
145002862,9,16.68,0.65,501,1.902,"Manufacturing",14,1,0,0.253784239292145,0,145002862,0
362303000,8,12.06,0.742,843,1.046,"Infrastructure",13,0,0,0.0112847164273262,0,362303000,0
23650188,10,10.61,0.143,638,1.009,"IT",21,0,0,0.00947214756160975,0,23650188,0
55302778,8,11.08,0.441,809,1.908,"Real_Estate",16,2,0,0.073386125266552,0,55302778,0
209396376,8,8.01,0.123,790,0.072,"Retail",14,0,1,0.0102041214704514,0.928,209396376,1982863.22013161
298666327,2,16.38,0.261,426,0.42,"IT",18,2,1,0.582767128944397,0.58,298666327,100950692.380932
99405609,1,17.96,0.49,583,0.683,"Retail",35,1,0,0.122766003012657,0.317,99405609,3868550.48618818
251051863,7,14.61,0.47,405,1.818,"Retail",6,0,1,0.297942191362381,0,251051863,0
412536196,6,9.45,0.505,404,1.25,"Retail",6,1,0,0.303800344467163,0,412536196,0
46935157,9,11.84,0.182,464,1.741,"IT",12,0,0,0.0145261213183403,0,46935157,0
235734106,6,17.28,0.209,307,1.734,"Manufacturing",8,0,1,0.569417595863342,0,235734106,0
440588817,8,17.13,0.866,314,0.104,"Manufacturing",10,2,1,0.635038256645203,0.896,440588817,250692515.803567
218428619,7,9.55,0.152,662,0.692,"IT",27,0,0,0.00583964819088578,0.308,218428619,392868.257252557
139051260,8,12.43,0.895,676,0.738,"Retail",6,1,1,0.326857089996338,0.262,139051260,11907871.2334281
29510162,4,13.76,0.746,774,1.343,"Infrastructure",13,1,0,0.0449309982359409,0,29510162,0
442578134,6,17.06,0.492,479,0.226,"IT",28,0,1,0.469409048557281,0.774,442578134,160798639.933935
74794834,4,10.39,0.361,677,1.227,"IT",46,0,0,0.0125630022957921,0,74794834,0
159373360,1,15.47,0.502,347,1.692,"Manufacturing",20,2,1,0.626926422119141,0,159373360,0
340627376,3,12.74,0.325,829,1.152,"Manufacturing",14,0,0,0.00544624961912632,0,340627376,0
142030545,7,15.46,0.23,418,1.921,"Retail",17,3,1,0.235442712903023,0,142030545,0
212946314,4,12.29,0.77,398,0.796,"IT",15,1,0,0.15943968296051,0.204,212946314,6926226.92952093
244284779,6,16.18,0.597,833,0.002,"Manufacturing",47,0,0,0.0434008128941059,0.998,244284779,10580953.6702845
121466395,4,8.72,0.845,367,1.469,"IT",44,1,1,0.283887267112732,0,121466395,0
180715016,9,10.67,0.769,824,1.971,"Infrastructure",17,0,0,0.023338820785284,0,180715016,0
35508201,4,12.47,0.378,660,1.857,"Infrastructure",11,0,0,0.0201876480132341,0,35508201,0
180986920,1,8.79,0.726,830,1.113,"Infrastructure",16,2,0,0.0595041140913963,0,180986920,0
491506599,5,12.83,0.647,324,0.246,"Manufacturing",13,0,0,0.160417720675468,0.754,491506599,59450161.7046327
95841404,3,15.91,0.498,450,1.109,"Infrastructure",3,0,0,0.267544567584991,0,95841404,0
436074300,4,15.99,0.496,840,0.731,"Manufacturing",35,1,0,0.0305542461574078,0.269,436074300,3584134.88487709
57179706,3,8.97,0.817,863,0.163,"Infrastructure",41,0,0,0.0411086305975914,0.837,57179706,1967434.96753672
97850336,2,10.22,0.272,308,1.337,"IT",49,0,0,0.03819540143013,0,97850336,0
365348134,7,9.83,0.869,415,1.103,"Real_Estate",31,0,0,0.1663808375597,0,365348134,0
135853703,10,17.71,0.42,737,0.548,"Manufacturing",9,0,0,0.214857995510101,0.452,135853703,13193542.9477605
105821340,9,12.13,0.402,746,0.547,"Real_Estate",27,0,0,0.0456198155879974,0.453,105821340,2186880.15728187
291684592,7,15.42,0.588,779,1.715,"Manufacturing",27,1,0,0.0206457860767841,0,291684592,0
43085715,7,15.14,0.632,558,1.686,"Retail",36,0,0,0.0563766248524189,0,43085715,0
236481019,4,9.62,0.877,376,1.17,"Manufacturing",31,0,0,0.196872666478157,0,236481019,0
153584221,6,15.29,0.801,853,0.174,"Retail",35,0,0,0.0905496552586555,0.826,153584221,11487180.566658
445460590,5,9.38,0.167,672,1.466,"Manufacturing",38,0,0,0.00832088757306337,0,445460590,0
106580665,7,8.33,0.41,754,0.294,"Manufacturing",11,3,1,0.514247894287109,0.706,106580665,38695071.0788667
260991793,6,16.33,0.416,877,0.366,"Retail",50,3,1,0.597951769828796,0.634,260991793,98942359.8752793
8066545,2,13.96,0.542,337,1.382,"Real_Estate",47,0,0,0.0945086926221848,0,8066545,0
263881480,2,13.45,0.42,311,0.792,"Manufacturing",45,0,0,0.091753676533699,0.208,263881480,5036115.95950398
193389299,7,8.38,0.207,857,0.928,"IT",16,0,0,0.00385109172202647,0.072,193389299,53622.7148525329
1765391,4,8.76,0.376,421,0.348,"Manufacturing",29,1,1,0.585419476032257,0.652,1765391,673838.266786265
283625354,6,17.88,0.251,520,0.763,"Manufacturing",12,0,0,0.120816439390182,0.237,283625354,8121185.47768123
224465135,6,8.33,0.363,842,0.457,"Retail",46,1,0,0.0555110760033131,0.543,224465135,6765943.53480986
308326890,4,9.73,0.107,445,0.29,"IT",12,1,1,0.225192651152611,0.71,308326890,49297394.344325
26056405,2,15.88,0.244,530,0.378,"IT",36,0,0,0.0384063683450222,0.622,26056405,622455.234446143
326719607,1,17.54,0.296,521,1.336,"Retail",3,0,1,0.691628098487854,0,326719607,0
162183286,1,13.17,0.101,495,0.527,"IT",18,0,0,0.0188224408775568,0.473,162183286,1443920.15260574
80067144,10,11.67,0.339,367,0.572,"IT",37,0,0,0.0626087412238121,0.428,80067144,2145522.5264686
106725267,6,16.6,0.38,837,1.958,"Real_Estate",23,0,0,0.0481542088091373,0,106725267,0
186785389,1,15.33,0.785,487,0.818,"Manufacturing",15,3,0,0.349833816289902,0.182,186785389,11892579.8739136
337170316,7,9.27,0.549,733,1.248,"Infrastructure",11,2,0,0.0810319483280182,0,337170316,0
79165116,8,10.11,0.209,363,1.21,"Retail",36,2,0,0.0677850767970085,0,79165116,0
202479512,6,16.69,0.328,628,0.742,"Retail",2,0,0,0.0985550880432129,0.258,202479512,5148489.62208355
132024189,3,13.46,0.473,857,1.911,"Infrastructure",3,0,0,0.0633198171854019,0,132024189,0
175450070,4,10.45,0.493,608,1.81,"IT",27,0,0,0.0374675840139389,0,175450070,0
57471839,3,15.28,0.371,582,0.993,"Manufacturing",16,0,0,0.0722606107592583,0.00700000000000001,57471839,29070.6513131843
147391566,6,9.85,0.422,816,1.949,"Manufacturing",12,0,0,0.0143163437023759,0,147391566,0
66923801,3,17.37,0.381,306,0.267,"Manufacturing",30,0,0,0.257400810718536,0.733,66923801,12626834.3845505
229641541,10,9.13,0.687,396,1.09,"Manufacturing",22,2,1,0.719047486782074,0,229641541,0
368071302,2,10.65,0.544,365,0.683,"Retail",11,1,0,0.173380494117737,0.317,368071302,20229793.794988
27870729,10,13.57,0.778,656,0.023,"Infrastructure",45,0,0,0.109670251607895,0.977,27870729,2986288.29510117
196912639,2,8.59,0.847,525,0.309,"Manufacturing",42,1,0,0.14605900645256,0.691,196912639,19873757.3075116
420934996,3,9.29,0.412,613,0.248,"Manufacturing",5,0,0,0.208102688193321,0.752,420934996,65873473.5751282
199541569,4,9.1,0.199,302,1.403,"Retail",2,0,0,0.178476616740227,0,199541569,0
228728686,2,16.66,0.581,526,1.598,"IT",44,0,0,0.0526095181703568,0,228728686,0
479114542,3,13.5,0.701,310,0.43,"Real_Estate",20,1,1,0.383739769458771,0.57,479114542,104797523.218112
388171102,4,11.86,0.303,415,1.644,"Infrastructure",48,0,0,0.0195635389536619,0,388171102,0
238882342,1,14.02,0.295,326,0.694,"Retail",30,0,0,0.135126948356628,0.306,238882342,9877509.2185678
492300295,5,14.95,0.244,524,0.48,"Manufacturing",12,0,0,0.0531862862408161,0.52,492300295,13615484.6912803
148510277,6,11.92,0.203,803,1.022,"Retail",7,0,0,0.0148576954379678,0,148510277,0
91488368,8,13.93,0.774,521,0.105,"Infrastructure",42,0,0,0.114562220871449,0.895,91488368,9380594.006676
386504812,10,13.2,0.741,663,0.522,"Manufacturing",12,0,1,0.292168140411377,0.478,386504812,53977859.4630385
435490625,6,10.42,0.586,433,1.837,"Infrastructure",4,2,1,0.519185066223145,0,435490625,0
157205866,2,11.78,0.18,551,0.903,"IT",8,0,0,0.0364320985972881,0.097,157205866,555551.942187854
457218243,6,9.02,0.188,837,1.772,"Retail",45,2,0,0.0431184247136116,0,457218243,0
457639636,8,11.37,0.237,347,0.456,"Manufacturing",29,1,0,0.154291793704033,0.544,457639636,38411861.9278244
403941704,4,11.76,0.143,771,1.615,"Real_Estate",33,3,0,0.0171061102300882,0,403941704,0
177065665,1,17.88,0.775,490,1.171,"Retail",38,0,1,0.145237281918526,0,177065665,0
338110974,10,8.93,0.859,622,1.961,"IT",28,0,0,0.16918770968914,0,338110974,0
135179550,5,13.35,0.466,369,1.918,"IT",10,0,0,0.147866278886795,0,135179550,0
478907432,7,8.86,0.715,754,1.621,"Real_Estate",20,1,0,0.0411697067320347,0,478907432,0
61567705,10,16.89,0.854,627,0.734,"Manufacturing",45,0,0,0.142130121588707,0.266,61567705,2327666.35575831
162164301,2,14.2,0.165,712,0.702,"Retail",42,3,0,0.0361991487443447,0.298,162164301,1749322.47657066
314764329,2,17.96,0.897,724,1.437,"Real_Estate",8,0,0,0.353819191455841,0,314764329,0
121722818,10,11.91,0.67,682,0.883,"IT",33,0,0,0.0807838067412376,0.117,121722818,1150488.21482137
464443948,2,8.93,0.563,553,0.215,"Manufacturing",38,1,1,0.342487841844559,0.785,464443948,124867128.245505
296807939,1,16.67,0.822,839,0.479,"Real_Estate",43,0,0,0.0709073394536972,0.521,296807939,10964893.7285604
181097437,3,12.45,0.721,672,0.866,"Infrastructure",21,0,0,0.0151174822822213,0.134,181097437,366856.797557228
304570786,8,16.36,0.793,481,1.535,"IT",48,1,1,0.315977990627289,0,304570786,0
301963891,8,12.99,0.536,814,0.659,"Manufacturing",34,0,0,0.0162466038018465,0.341,301963891,1672907.70554347
440620604,6,8.57,0.401,806,1.565,"Infrastructure",44,0,0,0.0101868845522404,0,440620604,0
315647928,10,16.86,0.329,608,1.413,"Manufacturing",11,0,1,0.28151923418045,0,315647928,0
433070424,4,16.44,0.156,730,1.191,"IT",24,0,0,0.0104896845296025,0,433070424,0
461334944,5,11.71,0.289,390,1.069,"Manufacturing",38,3,0,0.067490927875042,0,461334944,0
284820617,6,16.94,0.408,303,0.499,"Infrastructure",16,0,0,0.267713069915771,0.501,284820617,38201351.0779395
373561062,5,14.23,0.787,882,1.023,"Retail",36,0,0,0.0324882343411446,0,373561062,0
196589613,6,14.49,0.37,345,1.244,"Infrastructure",11,0,1,0.0700914934277534,0,196589613,0
71602828,9,13.72,0.714,658,1.922,"Retail",36,0,1,0.303898185491562,0,71602828,0
472614227,5,8.95,0.575,506,1.069,"Manufacturing",24,0,0,0.0956647247076035,0,472614227,0
122223135,6,14.46,0.645,489,0.8,"IT",33,0,0,0.0540593974292278,0.2,122223135,1321461.80600223
12100594,3,14.81,0.811,846,1.18,"Real_Estate",13,3,1,0.464562088251114,0,12100594,0
114669360,6,10.6,0.75,565,1.113,"Infrastructure",7,0,0,0.153973177075386,0,114669360,0
118997415,5,17.03,0.7,798,1.721,"Real_Estate",17,0,1,0.183751568198204,0,118997415,0
278589359,6,17.95,0.203,659,1.045,"Manufacturing",30,0,0,0.0369940288364887,0,278589359,0
331690265,9,11.12,0.369,747,1.487,"Manufacturing",19,0,0,0.0172045603394508,0,331690265,0
249714223,7,9.27,0.209,565,0.737,"Manufacturing",29,0,0,0.0498334504663944,0.263,249714223,3272803.91837029
58671081,4,14.44,0.502,465,1.756,"Real_Estate",20,1,0,0.11271695792675,0,58671081,0
322126500,4,11.78,0.549,445,1.629,"Retail",25,0,0,0.159109905362129,0,322126500,0
313948086,5,17.35,0.787,615,1.836,"IT",28,3,0,0.606996059417725,0,313948086,0
128484633,2,14.61,0.665,746,1.568,"Manufacturing",37,1,0,0.0420144386589527,0,128484633,0
118641623,6,16.8,0.724,591,1.271,"IT",2,1,1,0.586120843887329,0,118641623,0
177311469,5,14.67,0.8,578,1.951,"Retail",40,0,1,0.354151010513306,0,177311469,0
154295141,3,12.26,0.721,558,1.913,"IT",43,0,0,0.0682972893118858,0,154295141,0
385610450,10,9.21,0.844,461,1.089,"IT",49,0,0,0.244657352566719,0,385610450,0
114971941,1,17.58,0.164,384,0.911,"Retail",17,0,1,0.0954216718673706,0.089,114971941,976402.519697045
230703803,4,12.4,0.558,319,1.235,"Manufacturing",40,0,0,0.269004911184311,0,230703803,0
419175259,10,12.45,0.469,523,0.705,"Infrastructure",15,0,0,0.117504000663757,0.295,419175259,14530157.1239712
128974803,7,8.81,0.208,473,1.289,"Manufacturing",17,3,0,0.0631934329867363,0,128974803,0
230726815,3,9.53,0.566,386,0.422,"Manufacturing",2,1,1,0.890100121498108,0.578,230726815,118703840.385207
417299124,5,16.21,0.192,687,1.936,"Manufacturing",24,1,0,0.0214394070208073,0,417299124,0
165804625,4,11.47,0.862,803,1.877,"Retail",26,0,0,0.0873926058411598,0,165804625,0
253186657,7,9.79,0.233,745,0.617,"Retail",27,1,0,0.0154519863426685,0.383,253186657,1498386.68142009
386061899,5,15.65,0.836,482,0.439,"Real_Estate",41,1,0,0.253375142812729,0.561,386061899,54876172.2132535
90666939,10,9.3,0.835,361,1.048,"Retail",41,1,0,0.407474517822266,0,90666939,0
496383563,7,16.16,0.244,630,0.948,"Retail",21,2,0,0.0229689031839371,0.052,496383563,592872.072033526
478212791,8,12.98,0.626,861,0.951,"Infrastructure",43,0,0,0.0169508140534163,0.049,478212791,397198.708812105
259124811,4,16.79,0.617,803,0.264,"Real_Estate",22,0,0,0.0613554827868938,0.736,259124811,11701463.7203922
61570124,7,9.05,0.846,386,0.371,"IT",31,0,0,0.280172437429428,0.629,61570124,10850408.3280507
281965000,7,16.74,0.483,747,1.53,"Infrastructure",38,1,0,0.026372330263257,0,281965000,0
19689179,8,13.84,0.298,463,1.102,"Real_Estate",28,0,0,0.067091166973114,0,19689179,0
477083795,6,13.63,0.522,369,1.528,"Manufacturing",36,2,1,0.442288398742676,0,477083795,0
7050572,8,10.89,0.483,642,0.244,"Manufacturing",20,0,0,0.0527312867343426,0.756,7050572,281070.014732484
288740216,8,13.96,0.207,302,1.221,"Infrastructure",3,0,0,0.0796644315123558,0,288740216,0
371516189,10,10.65,0.69,697,0.364,"Infrastructure",4,1,1,0.503284573554993,0.636,371516189,118918241.252772
95144956,9,12.23,0.277,534,0.878,"Infrastructure",50,1,0,0.065271258354187,0.122,95144956,757648.182509198
149240285,5,8.55,0.612,595,1.069,"Retail",23,0,0,0.0534988902509212,0,149240285,0
224046340,6,13.63,0.847,761,1.145,"IT",33,1,0,0.0491620190441608,0,224046340,0
196330189,9,8.07,0.196,466,1.858,"Manufacturing",25,0,0,0.0239498484879732,0,196330189,0
328864648,4,17.57,0.63,568,1.874,"Manufacturing",35,1,0,0.198720395565033,0,328864648,0
307360641,4,16.67,0.155,324,1.487,"Manufacturing",27,0,1,0.383917838335037,0,307360641,0
364675052,10,8.5,0.292,625,1.025,"Manufacturing",27,2,0,0.033778477460146,0,364675052,0
160896832,8,17.61,0.106,387,1.915,"Retail",23,2,0,0.194497793912888,0,160896832,0
72954131,7,17.35,0.131,660,0.542,"Manufacturing",20,0,0,0.0185595229268074,0.458,72954131,620129.191040113
27901589,9,16.96,0.694,663,0.391,"Manufacturing",21,0,0,0.210145741701126,0.609,27901589,3570810.67006239
477592789,2,11.87,0.407,512,0.685,"Real_Estate",32,1,0,0.0441618524491787,0.315,477592789,6643785.41776206
13774869,7,12.68,0.68,683,1.788,"IT",11,0,0,0.05701894313097,0,13774869,0
460460806,5,11.79,0.769,480,0.071,"Retail",23,0,0,0.12261488288641,0.929,460460806,52450734.1075673
183965708,3,13.59,0.498,658,1.905,"Manufacturing",13,1,0,0.0320289805531502,0,183965708,0
349497881,6,16.28,0.736,451,1.616,"IT",15,0,0,0.171975091099739,0,349497881,0
285106821,4,14.39,0.883,583,0.321,"IT",3,0,0,0.2121711820364,0.679,285106821,41073695.3771648
142721557,3,9.67,0.219,615,0.289,"Manufacturing",41,0,0,0.00831692293286324,0.711,142721557,843959.979393773
6673589,10,11.68,0.587,597,0.048,"IT",48,0,0,0.0782144591212273,0.952,6673589,496916.538638818
211264638,3,15.85,0.779,816,1.832,"Manufacturing",32,0,0,0.0185465514659882,0,211264638,0
307531953,8,14.89,0.348,624,0.787,"Real_Estate",34,0,0,0.029466250911355,0.213,307531953,1930166.31604605
3372931,9,13.77,0.39,772,1.843,"Real_Estate",48,0,0,0.048405759036541,0,3372931,0
332136048,8,15.97,0.803,899,1.458,"Infrastructure",13,0,0,0.0247743651270866,0,332136048,0
58710911,2,13.78,0.497,518,1.645,"Manufacturing",20,2,1,0.21979159116745,0,58710911,0
451244995,6,16.28,0.774,601,1.269,"Manufacturing",17,0,0,0.22232873737812,0,451244995,0
51398396,4,11.15,0.368,720,0.289,"Manufacturing",1,3,0,0.634690046310425,0.711,51398396,23194277.7899778
283142313,5,16.78,0.292,392,1.518,"Manufacturing",35,2,0,0.232898443937302,0,283142313,0
126464405,2,15.76,0.637,451,0.28,"Infrastructure",42,0,0,0.0436847433447838,0.72,126464405,3977686.85376657
291016754,10,11.37,0.522,813,0.167,"Retail",34,1,0,0.131985485553741,0.833,291016754,31995519.6549428
476309329,9,16.11,0.126,676,0.45,"Real_Estate",45,1,0,0.030637614428997,0.55,476309329,8026139.86395997
363912123,2,14.31,0.75,857,0.518,"IT",6,1,0,0.109253652393818,0.482,363912123,19163707.1794827
202881753,6,10.82,0.771,352,0.349,"Manufacturing",40,0,0,0.210219219326973,0.651,202881753,27764918.0691074
246689838,7,12.58,0.763,779,1.79,"Infrastructure",34,0,0,0.0239728204905987,0,246689838,0
336398034,1,11.96,0.835,429,1.342,"Infrastructure",43,0,0,0.0483974926173687,0,336398034,0
234647882,7,8.99,0.458,571,1.075,"Infrastructure",21,1,0,0.175317510962486,0,234647882,0
148575269,2,15.78,0.833,744,1,"Retail",28,0,0,0.0619608722627163,0,148575269,0
273537618,7,9.82,0.179,335,0.946,"Retail",13,0,0,0.0604035817086697,0.054,273537618,892223.200399926
367777785,5,15.49,0.139,628,1.798,"Manufacturing",6,0,0,0.0190917775034904,0,367777785,0
386035486,5,11.88,0.861,768,1.224,"Real_Estate",21,2,0,0.0955459251999855,0,386035486,0
407382220,5,8.36,0.178,714,1.524,"Retail",31,3,0,0.0415886715054512,0,407382220,0
167231141,2,14.05,0.543,824,1.699,"Manufacturing",31,0,0,0.0172251630574465,0,167231141,0
445731038,8,13.55,0.355,789,1.665,"Manufacturing",13,0,0,0.00839324295520782,0,445731038,0
155042995,3,16.9,0.357,369,0.033,"IT",45,3,0,0.387361973524094,0.967,155042995,58075854.4269847
349685624,6,8.6,0.583,309,1.943,"Retail",31,0,0,0.15456859767437,0,349685624,0
97543982,7,15.94,0.404,388,0.11,"Retail",4,0,0,0.32979342341423,0.89,97543982,28630733.7439401
488377092,8,15.91,0.486,406,1.261,"Infrastructure",27,1,0,0.117795079946518,0,488377092,0
85377198,8,9.06,0.365,448,1.556,"Manufacturing",10,0,0,0.101010873913765,0,85377198,0
86042931,9,13.42,0.443,894,1.876,"Retail",23,0,0,0.04439427703619,0,86042931,0
314417112,1,15.26,0.135,409,1.929,"Retail",3,0,1,0.423691540956497,0,314417112,0
367363572,4,11.64,0.302,301,0.531,"Manufacturing",27,0,0,0.105522893369198,0.469,367363572,18180910.2398294
469617508,5,9.82,0.446,593,0.911,"Real_Estate",16,3,1,0.160569027066231,0.089,469617508,6711136.34540168
384379809,6,14.15,0.849,493,1.382,"Infrastructure",29,1,0,0.198298156261444,0,384379809,0
83987509,1,16.16,0.771,315,0.608,"Infrastructure",40,0,0,0.0753108412027359,0.392,83987509,2479466.62169844
140867282,8,11.48,0.862,581,0.75,"Infrastructure",27,2,0,0.231322944164276,0.25,140867282,8146458.60216483
213207587,1,9.7,0.891,634,0.973,"Manufacturing",42,0,0,0.022964196279645,0.027,213207587,132195.803656792
418809456,8,15.96,0.185,377,1.241,"Manufacturing",4,0,0,0.0419292189180851,0,418809456,0
76600858,5,9.07,0.337,516,0.468,"IT",45,0,1,0.190923526883125,0.532,76600858,7780449.976909
333261035,9,15.13,0.248,566,0.005,"Manufacturing",10,0,0,0.0932012274861336,0.995,333261035,30905035.8476228
409223778,5,13.32,0.44,844,0.402,"IT",37,0,0,0.0291497241705656,0.598,409223778,7133398.63113659
337135522,9,8.54,0.276,677,0.465,"Infrastructure",14,0,0,0.0166180171072483,0.535,337135522,2997350.27155054
188362987,7,10.08,0.696,387,0.213,"Real_Estate",38,1,0,0.13721176981926,0.787,188362987,20340502.0071785
442283650,5,16.91,0.49,645,0.58,"Manufacturing",6,0,0,0.105824552476406,0.42,442283650,19657877.1181302
285945320,2,16.57,0.447,881,1.354,"Manufacturing",7,0,0,0.0702399536967278,0,285945320,0
235503936,7,16.64,0.119,812,1.105,"Manufacturing",30,2,0,0.0422119684517384,0,235503936,0
318409155,1,9.47,0.337,559,1.097,"IT",15,0,0,0.0395383350551128,0,318409155,0
370558377,6,15.52,0.425,884,0.088,"IT",24,0,0,0.0498429015278816,0.912,370558377,16844370.6819701
73792921,4,14.97,0.396,625,0.312,"IT",45,0,1,0.0812601819634438,0.688,73792921,4125541.21739493
203795237,4,17.26,0.293,535,0.759,"Manufacturing",31,1,0,0.0758035778999329,0.241,203795237,3723066.35777911
229686390,4,16.38,0.571,425,0.861,"Manufacturing",13,1,1,0.463375687599182,0.139,229686390,14793921.3568809
279564260,8,16.13,0.331,608,0.885,"Retail",26,1,0,0.0582842528820038,0.115,279564260,1873832.31306018
205435284,9,11.63,0.11,320,1.362,"Retail",34,0,0,0.0429247356951237,0,205435284,0
499061655,4,10.26,0.538,465,0.158,"Manufacturing",9,0,0,0.271145731210709,0.842,499061655,113938124.260658
375387253,1,14.74,0.308,336,0.411,"Retail",16,0,0,0.262436598539352,0.589,375387253,58025543.3954749
95036029,6,8.72,0.132,698,0.177,"Manufacturing",21,0,0,0.0235984921455383,0.823,95036029,1845747.84774941
55262379,7,10.76,0.541,627,0.264,"IT",18,2,0,0.252589702606201,0.736,55262379,10273608.997414
372163613,7,13.05,0.438,899,1.273,"Infrastructure",5,1,0,0.01807408221066,0,372163613,0
58423491,9,9.28,0.653,594,1.107,"Real_Estate",10,0,1,0.5554119348526,0,58423491,0
498912350,9,17.95,0.23,614,1.695,"Manufacturing",33,0,0,0.0400739386677742,0,498912350,0
389282955,5,8.1,0.231,840,1.389,"Real_Estate",20,0,0,0.00705072982236743,0,389282955,0
204683337,5,14.96,0.165,430,0.955,"IT",9,1,0,0.0878757536411285,0.045,204683337,809401.612349525
139838417,8,9.77,0.32,572,0.348,"Infrastructure",28,1,0,0.130529686808586,0.652,139838417,11900998.2331816
478391240,3,8.7,0.198,656,1.94,"Retail",12,0,0,0.0076142605394125,0,478391240,0
128011470,2,14.54,0.137,840,0.059,"Retail",30,0,0,0.0464926213026047,0.941,128011470,5600445.05807086
60932996,10,12.28,0.133,424,0.943,"Manufacturing",11,0,0,0.0200858097523451,0.057,60932996,69761.6482218951
272950052,2,13.3,0.643,873,1.37,"Retail",31,0,0,0.0211319476366043,0,272950052,0
337090691,6,13.45,0.764,449,0.306,"Infrastructure",14,0,0,0.0723662078380585,0.694,337090691,16929418.6535954
187792177,3,9.45,0.689,664,0.597,"Retail",25,1,1,0.276855528354645,0.403,187792177,20952494.8608342
74410842,4,15.23,0.592,837,0.109,"Retail",22,0,0,0.0941685736179352,0.891,74410842,6243382.10188894
484533992,10,12.69,0.476,803,1.911,"IT",23,0,0,0.0281275641173124,0,484533992,0
35549160,7,11.88,0.551,795,0.791,"Retail",21,0,0,0.0483342744410038,0.209,35549160,359112.756817715
301591310,4,8.08,0.509,507,1.088,"Manufacturing",44,3,0,0.282985836267471,0,301591310,0
98239307,10,17.5,0.522,895,0.7,"Retail",14,0,0,0.0983554497361183,0.3,98239307,2898711.36652488
282522753,7,15.91,0.105,335,1.711,"IT",26,3,0,0.36527019739151,0,282522753,0
74653467,10,14.98,0.66,346,1.528,"IT",3,0,0,0.46844470500946,0,74653467,0
412222203,7,9.92,0.837,552,1.312,"Manufacturing",29,0,0,0.177791282534599,0,412222203,0
165433428,1,13.01,0.798,761,1.911,"Infrastructure",27,0,0,0.0199882704764605,0,165433428,0
238573412,10,12.5,0.405,557,0.935,"Real_Estate",46,1,0,0.257986336946487,0.065,238573412,4000664.24255583
95702007,2,9.25,0.703,449,1.363,"IT",8,2,1,0.78651487827301,0,95702007,0
260198881,4,14.6,0.32,370,1.747,"Retail",14,3,1,0.669798791408539,0,260198881,0
248050666,7,13.79,0.119,362,0.653,"Infrastructure",46,0,1,0.106946773827076,0.347,248050666,9205291.81060207
71690092,3,9.98,0.506,573,1.484,"Retail",10,0,0,0.209433391690254,0,71690092,0
376887109,9,8.05,0.657,624,1.432,"Retail",4,0,0,0.148116856813431,0,376887109,0
6451490,5,17.29,0.681,861,0.961,"IT",44,1,0,0.0784340873360634,0.039,6451490,19734.6524742019
89803015,10,12.33,0.49,605,1.536,"Real_Estate",22,1,0,0.0821888521313667,0,89803015,0
57724446,7,14.21,0.854,501,1.761,"Manufacturing",50,0,0,0.085886038839817,0,57724446,0
268814814,6,9.63,0.408,725,0.11,"IT",27,0,0,0.0699640661478043,0.89,268814814,16738565.9111031
273166815,9,14.66,0.621,879,1.86,"Retail",28,0,0,0.0392413288354874,0,273166815,0
11439879,10,14.59,0.55,537,0.771,"Retail",11,0,0,0.097794882953167,0.229,11439879,256196.412766977
76215492,7,15.91,0.204,396,1.238,"Manufacturing",44,0,0,0.0179072618484497,0,76215492,0
278612424,7,15.52,0.244,752,0.838,"Infrastructure",22,0,0,0.00968504603952169,0.162,278612424,437136.612886884
377509407,9,16.22,0.475,355,1.656,"Manufacturing",12,0,0,0.128390282392502,0,377509407,0
331009639,2,10.54,0.9,470,0.429,"Infrastructure",15,0,0,0.0824163779616356,0.571,331009639,15577231.4600748
383133926,1,15.07,0.534,342,0.385,"Retail",17,2,1,0.868576526641846,0.615,383133926,204660397.830496
72278175,4,9.72,0.621,546,1.207,"IT",39,2,0,0.182534366846085,0,72278175,0
293435941,3,17.91,0.552,683,1.574,"IT",43,2,0,0.0984158962965012,0,293435941,0
353927155,9,14.37,0.73,434,0.738,"Retail",45,0,0,0.175060510635376,0.262,353927155,16233171.1422908
210626177,9,10.73,0.77,537,1.196,"Retail",8,2,1,0.621731579303741,0,210626177,0
495457691,10,10.13,0.286,893,0.497,"Infrastructure",44,0,0,0.0181471277028322,0.503,495457691,4522540.39693348
43923062,8,17.41,0.472,631,1.825,"Manufacturing",9,1,0,0.0916895493865013,0,43923062,0
275008547,8,8.42,0.519,884,0.499,"Manufacturing",15,0,0,0.0255282446742058,0.501,275008547,3517263.22313222
189963561,1,8.88,0.274,800,1.081,"Manufacturing",49,1,0,0.00828979443758726,0,189963561,0
194472544,3,9.63,0.738,431,0.889,"Retail",10,3,0,0.554484903812408,0.111,194472544,11969361.9737934
163329359,6,11.06,0.835,849,1.008,"Manufacturing",4,0,0,0.0680806115269661,0,163329359,0
498231845,4,15.11,0.183,723,1.176,"Real_Estate",5,0,0,0.0130856232717633,0,498231845,0
373457640,5,11.16,0.898,490,0.195,"Infrastructure",41,0,0,0.0479031950235367,0.805,373457640,14401300.4003696
390115190,3,13.89,0.387,584,1.23,"Real_Estate",24,1,0,0.0455606393516064,0,390115190,0
452430363,10,9.85,0.406,870,1.58,"Retail",45,0,0,0.0315331891179085,0,452430363,0
333695772,2,8.01,0.216,753,0.788,"Infrastructure",23,0,0,0.00531334709376097,0.212,333695772,375884.789595583
346222481,7,13.43,0.761,565,1.4,"IT",46,0,0,0.197918131947517,0,346222481,0
473088643,4,9.09,0.648,611,1.035,"Real_Estate",15,0,0,0.0959497094154358,0,473088643,0
65669920,2,15.42,0.788,522,1.068,"Manufacturing",28,1,0,0.212243661284447,0,65669920,0
475332739,1,16.35,0.572,391,1.208,"Manufacturing",4,0,1,0.242687001824379,0,475332739,0
476366809,9,10.06,0.757,353,1.18,"Real_Estate",31,0,0,0.332207053899765,0,476366809,0
44838486,2,14.36,0.161,542,0.126,"IT",43,1,0,0.0321260057389736,0.874,44838486,1258980.79478396
422074616,1,14.4,0.374,389,0.853,"Manufacturing",33,0,0,0.0222894698381424,0.147,422074616,1382949.4551483
378804258,1,9.71,0.329,360,1.189,"Retail",45,0,0,0.0240727178752422,0,378804258,0
294629096,2,15.37,0.697,578,1.002,"Infrastructure",33,2,0,0.273139506578445,0,294629096,0
153196275,1,15.69,0.455,329,1.728,"Manufacturing",47,0,0,0.0861685425043106,0,153196275,0
7823848,3,13.39,0.812,652,1.627,"IT",26,2,0,0.234253063797951,0,7823848,0
162273007,6,13.89,0.195,634,1.856,"Real_Estate",37,0,0,0.0163288880139589,0,162273007,0
85776930,2,10.12,0.899,398,1.652,"Retail",16,2,1,0.62932151556015,0,85776930,0
110161778,5,13.66,0.616,759,1.971,"Retail",3,0,0,0.0956186428666115,0,110161778,0
236859701,5,9.35,0.624,819,0.401,"IT",31,0,0,0.0375671163201332,0.599,236859701,5329983.42747236
5006862,8,8.79,0.432,690,0.261,"Manufacturing",38,0,0,0.0727351978421211,0.739,5006862,269125.397524128
388604640,10,9.97,0.523,839,0.25,"IT",41,0,0,0.0791781023144722,0.75,388604640,23076733.459349
395919199,10,8.27,0.808,777,0.716,"IT",21,0,1,0.159462466835976,0.284,395919199,17930127.6078348
60390560,4,14.98,0.237,316,1.412,"IT",31,1,1,0.359773844480515,0,60390560,0
97619100,2,9.4,0.334,694,1.94,"Real_Estate",15,0,0,0.0174865461885929,0,97619100,0
499670202,4,17.63,0.504,443,0.246,"Manufacturing",27,0,0,0.451007604598999,0.754,499670202,169917715.913713
451712469,2,17.76,0.547,833,0.165,"IT",48,0,0,0.0546545349061489,0.835,451712469,20614592.6452602
3658344,9,10.74,0.708,759,0.961,"Manufacturing",26,0,0,0.0742594748735428,0.039,3658344,10595.0014695243
362171074,2,11.49,0.196,312,0.384,"IT",35,0,0,0.0422127284109592,0.616,362171074,9417549.17800153
203964240,7,17.29,0.698,800,1.277,"Manufacturing",5,0,0,0.075671948492527,0,203964240,0
12436303,3,11.51,0.641,665,1.299,"Infrastructure",17,0,0,0.0161083824932575,0,12436303,0
199402689,8,9.5,0.246,647,1.379,"Manufacturing",41,0,0,0.00561547884717584,0,199402689,0
89590647,7,12.34,0.387,893,1.103,"IT",21,0,0,0.0210512913763523,0,89590647,0
127520350,8,10.84,0.502,573,1.263,"IT",32,2,0,0.22162401676178,0,127520350,0
456908735,5,13.17,0.122,734,1.719,"Manufacturing",45,0,0,0.00716451834887266,0,456908735,0
188058524,2,12.69,0.212,615,1.063,"Manufacturing",34,0,0,0.00380143569782376,0,188058524,0
150582808,1,14,0.506,351,0.772,"Real_Estate",15,0,0,0.121073476970196,0.228,150582808,4156801.18312095
385766937,4,11.34,0.626,704,1.395,"Manufacturing",31,2,0,0.0893274396657944,0,385766937,0
8144017,4,16.51,0.612,322,0.198,"Real_Estate",15,0,0,0.175212353467941,0.802,8144017,1144399.77297284
96298741,8,13.71,0.529,645,1.752,"Manufacturing",28,0,0,0.0333374477922916,0,96298741,0
499653732,8,15.62,0.706,830,1.697,"Real_Estate",38,1,0,0.0440604239702225,0,499653732,0
10298414,5,15.98,0.81,900,1.091,"IT",38,1,0,0.0822803154587746,0,10298414,0
359222730,5,17.92,0.648,631,1.297,"IT",28,0,0,0.0768842175602913,0,359222730,0
269139263,9,16.52,0.548,436,1.34,"Manufacturing",41,0,0,0.173238784074783,0,269139263,0
196341671,6,17.77,0.487,803,0.208,"Manufacturing",38,1,0,0.0931494608521461,0.792,196341671,14484983.6707959
250137723,8,15.77,0.774,449,1.178,"Retail",1,1,1,0.808401942253113,0,250137723,0
494973263,7,16.74,0.815,563,1.199,"Retail",27,1,0,0.186648458242416,0,494973263,0
247892099,6,8.66,0.678,750,1.806,"Retail",37,0,0,0.0358444564044476,0,247892099,0
488362661,10,8.22,0.858,321,1.824,"Infrastructure",45,0,0,0.193429067730904,0,488362661,0
374213583,1,10.77,0.258,821,1.841,"Retail",44,0,0,0.00525916321203113,0,374213583,0
342567946,10,17.45,0.172,887,1.673,"IT",18,0,0,0.037733893841505,0,342567946,0
247878754,4,11.62,0.154,624,0.485,"Manufacturing",17,2,0,0.10076754540205,0.515,247878754,12863738.8029178
28204132,4,14.01,0.639,480,0.555,"Retail",41,1,0,0.0634288340806961,0.445,28204132,796085.068013033
390788556,2,15.56,0.487,617,1.952,"Real_Estate",40,0,0,0.0208788830786943,0,390788556,0
173798666,8,15.95,0.56,818,0.987,"IT",21,3,0,0.158872425556183,0.013,173798666,358953.603136036
12066178,8,8.59,0.889,567,1.69,"Manufacturing",47,1,0,0.226335361599922,0,12066178,0
311764497,7,10.35,0.106,373,0.957,"Manufacturing",7,2,0,0.203180000185966,0.043,311764497,2723805.35401283
65681305,6,10.49,0.722,836,0.838,"Retail",46,0,0,0.0864411517977715,0.162,65681305,919765.960236478
90744260,2,15.7,0.671,341,1.578,"Manufacturing",5,0,1,0.678482532501221,0,90744260,0
318553677,8,15.47,0.66,508,0.274,"Manufacturing",4,0,0,0.292648255825043,0.726,318553677,67680753.1994711
85197448,2,17.58,0.391,353,1.387,"IT",2,1,1,0.809854626655579,0,85197448,0
181679055,8,16.3,0.691,528,1.21,"Manufacturing",1,0,0,0.38996821641922,0,181679055,0
111241328,4,13.81,0.594,766,0.059,"Real_Estate",36,0,0,0.0757546722888947,0.941,111241328,7929854.37711178
413978898,3,14.14,0.821,827,1.951,"Retail",28,0,0,0.0440469011664391,0,413978898,0
2817727,7,11.21,0.481,549,0.431,"Retail",44,0,0,0.0775609165430069,0.569,2817727,124352.383063459
79600423,10,17.54,0.863,830,1.236,"IT",35,0,0,0.0973330289125443,0,79600423,0
468664929,5,15.25,0.522,786,0.634,"Manufacturing",30,0,0,0.0259990803897381,0.366,468664929,4459657.72236141
382953199,9,8.08,0.766,525,0.544,"Manufacturing",34,1,1,0.54443633556366,0.456,382953199,95073098.1783091
410994958,1,14.67,0.153,333,0.092,"Manufacturing",12,1,0,0.306852102279663,0.908,410994958,114512117.534887
126648746,2,13.91,0.821,516,1.324,"Retail",40,1,1,0.259949415922165,0,126648746,0
59660306,3,12.81,0.179,367,0.198,"Manufacturing",29,0,0,0.0503706112504005,0.802,59660306,2410111.11664596
67289945,7,12.73,0.78,862,0.569,"Real_Estate",5,3,0,0.322080552577972,0.431,67289945,9340969.33014133
210260652,5,8.25,0.243,644,0.673,"Infrastructure",47,0,0,0.00511537166312337,0.327,210260652,351708.57162318
183570383,5,9.58,0.836,846,0.647,"Retail",16,0,0,0.0279426164925098,0.353,183570383,1810691.19447791
73241946,8,14.69,0.4,809,1.774,"Infrastructure",50,0,0,0.026487885043025,0,73241946,0
260405588,10,10.88,0.801,827,0.77,"Manufacturing",39,1,0,0.146833449602127,0.23,260405588,8794337.67979336
373149398,6,13.09,0.705,769,1.399,"Infrastructure",39,1,0,0.0363811701536179,0,373149398,0
55781814,10,13.95,0.144,443,1.818,"IT",11,0,0,0.0220044944435358,0,55781814,0
185431636,8,14.25,0.375,830,0.567,"Manufacturing",4,0,0,0.0282862819731236,0.433,185431636,2271159.27796035
111993497,10,16.88,0.281,352,0.408,"Manufacturing",43,0,0,0.104908183217049,0.592,111993497,6955428.30701724
448590011,3,15.14,0.676,793,1.369,"Infrastructure",21,0,0,0.027863934636116,0,448590011,0
54068042,3,14,0.424,798,0.48,"Manufacturing",33,1,0,0.0655436664819717,0.52,54068042,1842785.21033425
419660794,6,13.75,0.272,782,1.891,"Retail",45,0,0,0.0157253555953503,0,419660794,0
422839390,7,15.43,0.493,633,1.96,"Manufacturing",49,0,0,0.027651347219944,0,422839390,0
14431344,2,15.68,0.849,479,1.077,"Real_Estate",3,0,1,0.657315731048584,0,14431344,0
382908755,4,9.76,0.88,839,1.186,"Manufacturing",30,1,0,0.0571896433830261,0,382908755,0
138137794,8,13.53,0.497,608,1.305,"Manufacturing",9,0,0,0.114504024386406,0,138137794,0
76305401,4,11.28,0.621,359,1.177,"IT",26,0,0,0.177621409296989,0,76305401,0
50250188,4,15.47,0.405,487,1.643,"Retail",11,1,0,0.103344582021236,0,50250188,0
355965884,6,12.84,0.786,881,0.548,"IT",36,1,0,0.0650459378957748,0.452,355965884,10465668.9222227
228652598,5,8.1,0.784,469,1.547,"Manufacturing",29,2,1,0.468244314193726,0,228652598,0
200169379,5,13.57,0.414,523,0.629,"Infrastructure",4,0,0,0.0583756230771542,0.371,200169379,4335139.53365414
308360568,9,16.06,0.341,609,1.887,"Manufacturing",12,0,0,0.0867974907159805,0,308360568,0
67252285,9,15.02,0.559,565,0.304,"Real_Estate",42,0,0,0.202301695942879,0.696,67252285,9469254.91282754
41240162,7,12.73,0.637,585,1.219,"IT",35,1,1,0.118527457118034,0,41240162,0
331934076,2,12.26,0.443,662,1.607,"Manufacturing",38,0,0,0.0061093233525753,0,331934076,0
396976909,4,16.86,0.133,798,0.157,"Manufacturing",23,0,0,0.049418818205595,0.843,396976909,16538083.3351527
187309851,9,15.78,0.45,454,1.746,"Infrastructure",49,1,0,0.0619277767837048,0,187309851,0
399644688,10,8.06,0.24,468,0.772,"IT",31,0,0,0.0323277190327644,0.228,399644688,2945669.07054498
405498914,6,14.04,0.871,645,1.128,"Manufacturing",48,0,0,0.0818296372890472,0,405498914,0
432443536,4,17.86,0.116,320,0.379,"Real_Estate",30,1,1,0.516615152359009,0.621,432443536,138735674.490369
211952183,7,8.88,0.597,456,1.75,"IT",29,1,0,0.0965687111020088,0,211952183,0
48840218,7,13.12,0.334,490,1.373,"IT",13,2,0,0.178972452878952,0,48840218,0
441414469,5,14.4,0.614,653,1.274,"Manufacturing",34,0,0,0.019762085750699,0,441414469,0
145046238,4,17.47,0.605,822,0.257,"IT",47,2,0,0.186243176460266,0.743,145046238,20071306.9693577
153249003,2,8.44,0.487,413,0.792,"Retail",14,1,0,0.157257094979286,0.208,153249003,5012694.5482124
408236482,6,14.75,0.402,586,1.474,"Manufacturing",11,0,0,0.0758460164070129,0,408236482,0
293857315,9,10.62,0.32,428,0.211,"Real_Estate",47,0,0,0.0894979164004326,0.789,293857315,20750398.1376937
331706160,6,16,0.283,812,0.871,"Retail",28,0,0,0.0163350403308868,0.129,331706160,698977.921706865
322564799,8,14.14,0.436,774,1.788,"IT",27,1,0,0.0177091136574745,0,322564799,0
114906610,9,16.76,0.761,665,0.961,"Infrastructure",33,0,0,0.0619281008839607,0.039,114906610,277521.977316244
305349670,4,8.96,0.19,892,0.32,"Retail",8,0,0,0.0575474239885807,0.68,305349670,11949019.108499
243685480,4,9.75,0.263,690,1.812,"Retail",17,0,0,0.0158845894038677,0,243685480,0
290429549,5,12.55,0.494,533,1.496,"Manufacturing",44,0,1,0.203622683882713,0,290429549,0
406523333,8,15.4,0.713,751,0.694,"Manufacturing",32,3,0,0.127870738506317,0.306,406523333,15906626.2760924
247912826,3,12.63,0.28,445,0.899,"IT",43,0,0,0.0411344543099403,0.101,247912826,1029973.64020846
41934583,4,13.73,0.672,694,0.729,"Manufacturing",9,0,0,0.156837642192841,0.271,41934583,1782345.62462025
232436162,1,12.51,0.806,798,0.783,"Real_Estate",41,2,1,0.305217683315277,0.217,232436162,15394767.0339006
299587518,9,10,0.246,514,0.1,"Manufacturing",43,1,0,0.130104944109917,0.9,299587518,35080035.5568768
457025326,10,9.89,0.848,537,0.385,"Manufacturing",42,2,1,0.67527824640274,0.615,457025326,189800845.332296
24964361,1,8.12,0.559,408,0.907,"Manufacturing",8,0,1,0.330071955919266,0.093,24964361,766323.298109651
409229597,5,15.26,0.197,752,0.3,"Retail",39,0,0,0.0225076787173748,0.7,409229597,6447565.80364174
44734769,5,15.13,0.229,611,0.2,"Manufacturing",15,0,0,0.0273016635328531,0.8,44734769,977066.889166327
136213004,10,15.63,0.178,331,0.755,"Infrastructure",43,2,0,0.152827560901642,0.245,136213004,5100189.78527937
423858644,10,15.05,0.771,320,1.291,"IT",11,0,0,0.382946491241455,0,423858644,0
459435576,7,11.48,0.351,717,0.641,"Real_Estate",30,0,0,0.01044269092381,0.359,459435576,1722389.99532585
41938693,7,13.95,0.761,866,0.048,"Manufacturing",20,0,0,0.06028051674366,0.952,41938693,2406737.95348522
279224918,5,14.66,0.481,890,1.387,"Manufacturing",48,1,0,0.0482148192822933,0,279224918,0
22321856,3,11,0.371,536,1.023,"Retail",46,1,0,0.0715892687439919,0,22321856,0
131183664,5,10.01,0.541,656,1.595,"Manufacturing",33,0,0,0.0144982375204563,0,131183664,0
94794159,2,12.35,0.888,779,1.661,"Manufacturing",5,1,0,0.136943891644478,0,94794159,0
284141171,2,13.09,0.73,838,0.938,"Manufacturing",44,2,0,0.11517072468996,0.062,284141171,2028934.16385609
33775068,3,13.03,0.555,309,0.41,"Retail",30,0,0,0.177599340677261,0.59,33775068,3539073.5867965
219336725,5,15.76,0.224,625,1.965,"IT",14,2,0,0.0517825894057751,0,219336725,0
276998163,8,14.68,0.667,514,1.942,"Retail",24,0,1,0.490472495555878,0,276998163,0
270560196,3,13.97,0.578,802,0.521,"Real_Estate",4,2,1,0.633683204650879,0.479,270560196,82124287.5330277
127991872,7,17.31,0.618,874,1.086,"Infrastructure",46,2,1,0.214290991425514,0,127991872,0
83424183,9,13.56,0.309,512,0.376,"Retail",34,0,0,0.0767870768904686,0.624,83424183,3997281.07243641
364162758,2,14.65,0.739,705,1.823,"Infrastructure",48,1,0,0.034695453941822,0,364162758,0
103872772,10,17.1,0.319,503,1.161,"Infrastructure",12,0,0,0.117042675614357,0,103872772,0
293646298,5,15.48,0.144,425,0.058,"Manufacturing",15,0,0,0.122414797544479,0.942,293646298,33861746.2964332
456859443,4,10.27,0.667,698,1.685,"IT",1,0,0,0.052746769040823,0,456859443,0
104276334,10,15.91,0.616,627,0.085,"Retail",7,0,0,0.247674480080605,0.915,104276334,23631326.9294677
416076762,3,15.81,0.54,712,0.389,"IT",33,0,0,0.0332735665142536,0.611,416076762,8458902.62523523
155145464,9,11.46,0.161,723,1.828,"Manufacturing",28,0,0,0.0087509248405695,0,155145464,0
95022818,2,13.9,0.709,837,1.45,"Infrastructure",39,0,0,0.0270671732723713,0,95022818,0
259953414,5,11.87,0.676,755,0.266,"Retail",49,1,0,0.0929963141679764,0.734,259953414,17744236.6683184
92833775,9,10.31,0.264,797,1.315,"Infrastructure",43,0,0,0.013895901851356,0,92833775,0
112914776,2,15.85,0.456,395,1.787,"Manufacturing",40,0,0,0.0521853901445866,0,112914776,0
478835339,2,12.72,0.528,438,0.465,"Manufacturing",10,0,0,0.188999071717262,0.535,478835339,48417197.498385
97364053,5,15.16,0.839,362,0.354,"Retail",24,2,1,0.81831306219101,0.646,97364053,51469582.5271115
485963965,6,11.53,0.443,530,1.664,"Real_Estate",20,0,0,0.0564206503331661,0,485963965,0
465430371,10,11.2,0.778,660,1.822,"IT",42,0,1,0.229383111000061,0,465430371,0
110050331,6,15.46,0.778,552,0.53,"IT",48,0,1,0.209634527564049,0.47,110050331,10843064.0993025
180266676,3,14.74,0.778,623,0.676,"Retail",16,1,0,0.178999066352844,0.324,180266676,10454691.6103239
49106605,9,14.59,0.491,745,0.883,"Real_Estate",36,0,0,0.0471008457243443,0.117,49106605,270616.627259704
433786473,5,16.96,0.613,331,0.193,"Infrastructure",33,1,0,0.290033847093582,0.807,433786473,101530896.982146
497828534,10,8.33,0.27,347,1.249,"Real_Estate",19,0,0,0.0354226864874363,0,497828534,0
286484963,9,13.94,0.279,507,0.359,"IT",9,0,0,0.150702223181725,0.641,286484963,27674483.2534621
295814156,9,17.5,0.711,804,1.947,"Manufacturing",47,3,0,0.249955847859383,0,295814156,0
350465528,7,13.53,0.593,683,0.046,"Infrastructure",26,0,0,0.0295838098973036,0.954,350465528,9891172.70033826
287461746,10,8.16,0.66,609,0.156,"Real_Estate",31,0,0,0.132603600621223,0.844,287461746,32171982.4010313
82477444,6,15.94,0.897,627,1.055,"Manufacturing",44,0,0,0.081910066306591,0,82477444,0
265642058,2,15.54,0.734,630,0.256,"IT",12,0,0,0.0852151736617088,0.744,265642058,16841730.1736169
250102733,5,16.92,0.51,455,0.76,"Retail",38,0,0,0.158675730228424,0.24,250102733,9524456.1098159
460064317,2,10.27,0.554,764,0.118,"Retail",10,2,1,0.47816875576973,0.882,460064317,194029752.953936
226810406,2,11.19,0.709,693,0.383,"Manufacturing",31,0,0,0.0351304560899734,0.617,226810406,4916227.00638768
212565969,7,16.57,0.261,585,0.327,"IT",29,0,0,0.0512119568884373,0.673,212565969,7326223.64877365
39445988,7,16.89,0.458,732,1.317,"Manufacturing",26,0,0,0.0335938408970833,0,39445988,0
463957927,10,14.54,0.155,445,0.908,"Infrastructure",41,0,0,0.0223513655364513,0.092,463957927,954048.576231831
157231683,5,15.87,0.835,628,0.136,"IT",23,0,0,0.0908543094992638,0.864,157231683,12342392.0556815
206927500,2,17.17,0.792,442,0.388,"Retail",37,1,1,0.180283144116402,0.612,206927500,22830990.6661378
197998147,3,15.45,0.45,746,0.788,"Manufacturing",48,0,0,0.00790361501276493,0.212,197998147,331759.038951314
346942636,5,12.29,0.76,474,0.449,"Manufacturing",37,1,0,0.227661922574043,0.551,346942636,43521080.7716012
296504219,8,16.97,0.32,443,1.948,"Retail",23,0,0,0.2345370054245,0,296504219,0
76192158,3,8.08,0.512,667,1.843,"IT",9,0,0,0.0625192746520042,0,76192158,0
171869669,5,12.98,0.858,602,1.58,"Retail",35,0,1,0.264510780572891,0,171869669,0
284272870,1,12.08,0.107,346,0.759,"Manufacturing",36,0,0,0.037837591022253,0.241,284272870,2592244.34310149
380209734,6,10.78,0.665,818,1.46,"Real_Estate",33,2,0,0.0956899970769882,0,380209734,0
442644952,10,13.42,0.469,362,1.124,"Retail",40,0,0,0.083721786737442,0,442644952,0
369613666,5,14.12,0.844,685,1.28,"Infrastructure",1,0,0,0.048696506768465,0,369613666,0
218114613,9,16.88,0.735,786,1.301,"Real_Estate",4,0,0,0.126890942454338,0,218114613,0
11213508,2,12.63,0.436,513,0.493,"IT",47,1,0,0.139298513531685,0.507,11213508,791946.672908958
450180899,10,9.21,0.349,435,0.108,"Manufacturing",49,2,0,0.409400254487991,0.892,450180899,164399323.75768
63394099,2,15.2,0.615,548,0.138,"IT",44,1,0,0.0982004255056381,0.862,63394099,5366232.30185072
498406319,7,11.95,0.598,500,0.005,"Retail",37,0,0,0.0582055114209652,0.995,498406319,28864944.7193715
33246804,1,15.17,0.848,545,0.564,"Retail",39,0,0,0.0748267844319344,0.436,33246804,1084659.62607803
413615257,10,11.25,0.22,892,1.543,"Infrastructure",33,0,0,0.0101002026349306,0,413615257,0
178645179,3,8.15,0.239,808,1.03,"Manufacturing",16,0,0,0.00286589912138879,0,178645179,0
201513006,3,17.34,0.657,505,0.087,"IT",20,0,0,0.157803148031235,0.913,201513006,29032840.0717419
483576329,6,9.37,0.554,345,1.008,"Manufacturing",31,0,1,0.360632836818695,0,483576329,0
269676502,6,8.52,0.173,511,1.45,"Retail",17,0,0,0.0561009012162685,0,269676502,0
315600055,1,13.29,0.107,827,0.536,"Manufacturing",22,0,0,0.00587325403466821,0.464,315600055,860070.0735158
166752480,5,16.55,0.332,721,1.174,"Manufacturing",9,0,0,0.0619083270430565,0,166752480,0
52357885,8,8.05,0.548,815,0.25,"Retail",33,3,0,0.356513410806656,0.75,52357885,13999716.1229795
492675589,4,16.76,0.813,779,1.046,"Retail",19,0,0,0.0631755441427231,0,492675589,0
335034532,3,12.03,0.22,529,0.2,"Real_Estate",26,1,0,0.0828036591410637,0.8,335034532,22193668.150571
1770604,8,12.55,0.43,772,0.891,"Real_Estate",31,0,1,0.0613132938742638,0.109,1770604,11833.2104091772
183577675,7,8.61,0.338,737,0.074,"Manufacturing",26,2,0,0.100193366408348,0.926,183577675,17032163.6267482
266585057,8,16.04,0.838,898,1.837,"Retail",13,1,0,0.184584140777588,0,266585057,0
278106061,6,15.17,0.139,521,0.396,"Real_Estate",23,0,0,0.122968062758446,0.604,278106061,20655690.7917815
272381126,9,14.95,0.614,888,0.787,"Retail",16,0,0,0.0379249751567841,0.213,272381126,2200300.10402282
275331957,7,15.05,0.615,778,0.539,"Infrastructure",5,2,0,0.169628024101257,0.461,275331957,21530551.3012453
292671167,10,10.37,0.813,836,1.321,"IT",5,0,0,0.107935786247253,0,292671167,0
32284165,2,8.3,0.763,398,0.497,"Real_Estate",28,0,0,0.248851999640465,0.503,32284165,4041091.44553727
30759364,3,10.44,0.479,360,0.926,"IT",11,0,0,0.077813632786274,0.074,30759364,177118.841272615
448779058,1,14.24,0.615,891,1.647,"Retail",14,0,0,0.0128440707921982,0,448779058,0
293208697,6,8.22,0.702,533,1.444,"Real_Estate",41,0,0,0.217289581894875,0,293208697,0
412645502,5,10.73,0.527,565,1.294,"Infrastructure",16,1,1,0.280659526586533,0,412645502,0
287640520,3,17.43,0.662,311,0.725,"Real_Estate",3,0,1,0.761638700962067,0.275,287640520,60246491.7991347
168345922,6,17.99,0.155,338,0.312,"Real_Estate",47,0,0,0.137864962220192,0.688,168345922,15967794.8733999
448062372,4,17.03,0.381,349,0.499,"Manufacturing",26,0,0,0.421607673168182,0.501,448062372,94642173.5806614
35357357,10,9.49,0.174,487,1.914,"Manufacturing",24,1,0,0.0371823273599148,0,35357357,0
350146813,2,16.98,0.856,657,1.887,"Infrastructure",16,0,0,0.107900969684124,0,350146813,0
28291432,9,13.1,0.607,349,0.418,"Manufacturing",28,0,0,0.179944679141045,0.582,28291432,2962899.52444216
433968377,8,12.94,0.751,707,1.496,"IT",26,0,0,0.0465673953294754,0,433968377,0
411630730,8,14.21,0.89,836,0.301,"Infrastructure",13,0,0,0.0467781350016594,0.699,411630730,13459467.1832814
85409297,7,10.8,0.264,387,0.176,"IT",42,0,0,0.0374285951256752,0.824,85409297,2634121.99784239
408147346,3,8.99,0.396,302,1.179,"Manufacturing",26,2,1,0.439417064189911,0,408147346,0
225798044,2,8.49,0.806,506,0.296,"IT",19,1,0,0.217988923192024,0.704,225798044,34651916.6191794
126743129,1,14.12,0.887,478,1.527,"Manufacturing",7,2,0,0.429098427295685,0,126743129,0
288437081,1,10.83,0.353,864,1.056,"Infrastructure",21,0,0,0.00518213585019112,0,288437081,0
342133022,4,8.25,0.351,453,0.779,"Manufacturing",32,0,0,0.0368675515055656,0.221,342133022,2787607.1050851
304028982,1,9.82,0.104,605,0.418,"Infrastructure",18,0,0,0.0127923730760813,0.582,304028982,2263544.75926479
336710084,1,14.43,0.428,384,1.699,"Real_Estate",26,3,0,0.253403156995773,0,336710084,0
122705743,10,8.86,0.43,831,0.779,"Manufacturing",15,0,0,0.0799827203154564,0.221,122705743,2168968.94628671
476509117,8,17.53,0.546,724,0.8,"Manufacturing",16,1,0,0.0657042190432549,0.2,476509117,6261731.87989519
465295952,1,14.21,0.242,715,1.764,"Real_Estate",36,3,0,0.0444769337773323,0,465295952,0
350080532,2,16.14,0.768,673,0.669,"Manufacturing",29,2,0,0.0919475108385086,0.331,350080532,10654570.0919493
135902630,6,11.18,0.373,526,0.664,"Real_Estate",25,0,1,0.228081166744232,0.336,135902630,10414935.0191073
486703291,3,16.01,0.888,413,1.952,"IT",31,0,0,0.0988277643918991,0,486703291,0
27561820,1,14.72,0.319,431,0.795,"IT",19,0,0,0.0583731345832348,0.205,27561820,329818.314784873
299757167,10,9.25,0.72,355,0.934,"Real_Estate",33,0,1,0.49447751045227,0.066,299757167,9782729.72677344
328512819,4,10.19,0.106,711,1.146,"Manufacturing",22,2,0,0.0164018925279379,0,328512819,0
386559886,8,14.1,0.35,487,1.167,"IT",35,3,0,0.137901678681374,0,386559886,0
373669446,4,17.8,0.346,457,0.161,"Real_Estate",26,0,1,0.451191484928131,0.839,373669446,141452440.186717
420961379,10,8.04,0.317,523,0.644,"Real_Estate",15,0,0,0.0912025272846222,0.356,420961379,13667816.028831
413896375,8,17.95,0.766,580,0.522,"Manufacturing",46,0,0,0.344558417797089,0.478,413896375,68168287.4887323
234960616,9,12.99,0.67,887,0.696,"Retail",32,0,0,0.0745078846812248,0.304,234960616,5321951.2183935
86831885,7,17.33,0.137,674,1.328,"Real_Estate",5,1,0,0.0441260375082493,0,86831885,0
491497281,1,11.4,0.236,643,0.479,"Manufacturing",36,0,0,0.00576187949627638,0.521,491497281,1475444.963158
201575853,5,12.6,0.841,584,0.648,"Retail",28,0,0,0.12614206969738,0.352,201575853,8950372.74504906
383314611,4,12.97,0.331,769,1.255,"Retail",40,0,0,0.0051630949601531,0,383314611,0
46916470,1,15.41,0.85,401,0.627,"Manufacturing",12,0,0,0.116213910281658,0.373,46916470,2033725.22037142
447807874,5,11.13,0.51,696,1.612,"IT",6,0,0,0.0321127101778984,0,447807874,0
400638431,8,8.8,0.237,383,0.442,"Manufacturing",27,2,0,0.205900847911835,0.558,400638431,46030420.2981236
315039481,6,8.7,0.176,470,0.082,"Real_Estate",2,1,1,0.459345608949661,0.918,315039481,132845618.059194
318347046,2,8.91,0.891,674,0.305,"Infrastructure",30,1,0,0.0822473540902138,0.695,318347046,18197325.5400752
451008445,5,13.45,0.814,614,0.445,"Real_Estate",21,0,1,0.218062549829483,0.555,451008445,54583168.5887882
409970018,4,11.28,0.209,743,1.124,"Retail",41,0,0,0.00425694324076176,0,409970018,0
249968247,7,13.1,0.572,319,0.486,"Manufacturing",18,0,1,0.467320680618286,0.514,249968247,60043080.2989939
364520153,8,17.55,0.546,673,1.145,"Retail",20,0,0,0.0631419345736504,0,364520153,0
390696959,6,12.94,0.196,551,0.488,"IT",39,0,0,0.0187995713204145,0.512,390696959,3760606.89683946
136600082,4,12.12,0.377,717,1.291,"IT",12,0,0,0.0151857901364565,0,136600082,0
357575891,10,12.6,0.277,797,0.422,"Manufacturing",7,0,0,0.031738854944706,0.578,357575891,6559750.51630799
286073457,5,16.22,0.817,381,1.623,"Retail",43,1,0,0.202177122235298,0,286073457,0
445856856,3,13.7,0.399,302,1.301,"Infrastructure",39,0,0,0.0424896478652954,0,445856856,0
15056411,9,12.8,0.184,535,0.653,"Manufacturing",5,0,0,0.0218843650072813,0.347,15056411,114336.497926205
339819951,7,9.38,0.422,500,1.41,"Manufacturing",5,0,0,0.151076301932335,0,339819951,0
346556988,3,11.64,0.358,764,0.051,"Manufacturing",49,0,0,0.0133352829143405,0.949,346556988,4385742.2713947
285949024,4,8.69,0.661,493,0.861,"Real_Estate",4,1,0,0.425709962844849,0.139,285949024,16920657.4251759
417017421,2,13.79,0.155,852,1.424,"Infrastructure",5,0,0,0.0229989159852266,0,417017421,0
148109495,3,10.93,0.679,610,1.629,"Infrastructure",44,0,0,0.0390478260815144,0,148109495,0
96102653,2,12.47,0.739,407,1.12,"Infrastructure",42,1,0,0.0844052881002426,0,96102653,0
85378664,2,12.44,0.526,403,0.946,"Retail",8,0,0,0.204656943678856,0.054,85378664,943560.167199695
9153016,3,17.27,0.673,329,0.784,"Retail",47,0,0,0.135468184947968,0.216,9153016,267827.572293056
58217192,8,16.18,0.205,391,0.909,"Manufacturing",2,0,0,0.0994504392147064,0.091,58217192,526865.003596467
32886562,9,8.93,0.459,627,1.685,"Manufacturing",3,0,0,0.0408966429531574,0,32886562,0
402916801,1,13.92,0.592,833,1.16,"Real_Estate",19,0,0,0.0144720645621419,0,402916801,0
67281589,1,13.43,0.269,685,0.167,"Infrastructure",3,0,0,0.0883847549557686,0.833,67281589,4953573.40841418
46024475,7,8.41,0.32,837,1.903,"Manufacturing",43,0,0,0.0176457110792398,0,46024475,0
446454381,1,12.9,0.232,790,1.193,"Manufacturing",46,0,0,0.00417376682162285,0,446454381,0
367188814,5,11.48,0.32,871,0.02,"IT",42,1,0,0.0442224554717541,0.98,367188814,15913231.1573044
251193157,8,12.46,0.529,856,1.341,"Infrastructure",13,1,0,0.0402341522276402,0,251193157,0
139027593,10,10.86,0.223,303,0.106,"IT",4,1,1,0.187583163380623,0.894,139027593,23314836.7087676
54840161,8,10.61,0.165,587,1.838,"Manufacturing",31,0,0,0.00975656043738127,0,54840161,0
423666115,10,16.18,0.844,844,0.508,"Real_Estate",2,1,1,0.632975399494171,0.492,423666115,131939752.36998
355685068,1,15.63,0.884,354,1.986,"Infrastructure",50,0,0,0.0657869726419449,0,355685068,0
402820545,10,12.61,0.337,550,1.539,"IT",32,0,0,0.0463266372680664,0,402820545,0
8241691,7,8.7,0.208,333,1.817,"IT",23,1,0,0.0859861820936203,0,8241691,0
127559475,2,16.27,0.867,552,0.944,"Manufacturing",6,0,1,0.528281152248383,0.056,127559475,3773686.92025913
201819879,6,15.75,0.476,329,1.027,"Retail",28,0,0,0.263003528118134,0,201819879,0
166471107,9,15.35,0.106,635,0.864,"Retail",11,0,0,0.0162775218486786,0.136,166471107,368524.243065805
433690417,3,8.14,0.319,592,1.439,"Retail",4,0,0,0.0471127554774284,0,433690417,0
88315553,5,8.67,0.582,408,0.669,"IT",46,1,0,0.143515691161156,0.331,88315553,4195314.98522372
183782909,1,17.4,0.418,694,1.922,"Real_Estate",35,0,1,0.0206737164407969,0,183782909,0
14868426,1,17.25,0.733,627,1.249,"Retail",22,1,0,0.266641765832901,0,14868426,0
452159963,5,15.59,0.474,456,0.599,"Real_Estate",4,0,0,0.122876159846783,0.401,452159963,22279431.6358512
420696927,7,11.46,0.669,320,1.709,"IT",45,2,1,0.410336762666702,0,420696927,0
481885773,3,13.21,0.665,844,0.78,"Real_Estate",39,0,0,0.0208356641232967,0.22,481885773,2208890.22464511
308365471,9,16.91,0.555,423,0.83,"Real_Estate",47,1,0,0.173357531428337,0.17,308365471,9087771.0611504
61596870,1,8.08,0.263,729,0.2,"Real_Estate",3,0,0,0.092525839805603,0.8,61596870,4559441.70091724
462756759,6,14.69,0.106,878,1.245,"Real_Estate",28,0,0,0.0092465840280056,0,462756759,0
63176123,2,12.66,0.233,544,0.222,"Manufacturing",7,1,0,0.139326184988022,0.778,63176123,6848024.61954089
278483688,5,15.27,0.552,579,0.535,"Infrastructure",20,1,1,0.466260135173798,0.465,278483688,60378316.5349186
90939149,4,10.3,0.728,752,0.425,"Manufacturing",11,0,0,0.0643585622310638,0.575,90939149,3365309.90608998
494156239,6,14.61,0.742,533,1.451,"Retail",27,0,1,0.344195634126663,0,494156239,0
351049967,3,16.79,0.882,705,0.152,"Real_Estate",39,2,0,0.183104768395424,0.848,351049967,54508526.6215373
128091854,9,9.26,0.771,670,1.878,"Manufacturing",45,1,0,0.230431899428368,0,128091854,0
399283518,4,8.51,0.711,518,1.153,"IT",46,2,0,0.373302519321442,0,399283518,0
187772975,2,15.57,0.288,584,0.93,"Manufacturing",5,1,0,0.108662866055965,0.07,187772975,1428276.47419486
443460752,2,8.53,0.637,709,1.856,"Real_Estate",43,0,0,0.0125158149749041,0,443460752,0
69131791,8,15.81,0.556,550,0.33,"Retail",9,2,1,0.723804831504822,0.67,69131791,33525409.3053756
451651436,10,12.11,0.56,842,0.251,"IT",4,2,0,0.400989681482315,0.749,451651436,135649566.53154
451271723,1,9.53,0.243,586,1.546,"Real_Estate",24,3,0,0.0400056056678295,0,451271723,0
429629274,5,12.78,0.525,775,0.032,"Manufacturing",19,0,0,0.0529005452990532,0.968,429629274,22000338.9391632
266416977,2,9.5,0.446,839,0.221,"Manufacturing",16,0,1,0.0599829293787479,0.779,266416977,12448786.6883019
413343748,1,10.65,0.122,738,1.297,"Real_Estate",14,0,0,0.00427734758704901,0,413343748,0
467614109,3,16.78,0.376,773,0.206,"Infrastructure",23,0,0,0.0289676319807768,0.794,467614109,10755264.6943135
282879255,8,12.27,0.673,484,0.352,"Infrastructure",5,0,0,0.160913392901421,0.648,282879255,29496351.3358525
197862401,6,15.91,0.341,573,0.504,"Manufacturing",24,2,0,0.142283126711845,0.496,197862401,13963630.6122045
94429320,9,11.96,0.346,641,0.174,"Manufacturing",25,0,0,0.0538373403251171,0.826,94429320,4199238.15938275
441866281,5,17.57,0.652,828,1.085,"Manufacturing",41,1,0,0.0330331549048424,0,441866281,0
117701150,4,11,0.594,388,0.859,"Retail",40,0,0,0.06329595297575,0.141,117701150,1050450.91023843
472219082,7,13.92,0.705,673,0.79,"Manufacturing",36,0,0,0.0359874218702316,0.21,472219082,3568728.93701258
329449397,4,10.5,0.847,682,1.62,"Retail",32,0,0,0.0590302869677544,0,329449397,0
80606652,7,17.76,0.598,585,0.087,"Infrastructure",30,0,0,0.0669710636138916,0.913,80606652,4928659.96875967
476978308,7,12.38,0.456,503,0.23,"IT",47,3,1,0.640361607074738,0.77,476978308,235187718.805015
78498822,6,10.06,0.381,454,0.515,"Retail",18,0,0,0.124586164951324,0.485,78498822,4743235.58529568
478041048,4,16.34,0.676,422,0.67,"Manufacturing",25,0,0,0.154029339551926,0.33,478041048,24298674.4777096
326520779,1,17.42,0.624,761,1.549,"Retail",9,0,0,0.148391887545586,0,326520779,0
14493849,10,17.69,0.291,409,1.177,"Manufacturing",18,0,0,0.080199584364891,0,14493849,0
212017601,2,11.92,0.347,738,1.604,"Real_Estate",2,0,0,0.0242911465466022,0,212017601,0
101868383,10,16.46,0.836,614,1.233,"IT",29,0,0,0.165647283196449,0,101868383,0
310403726,10,11.32,0.862,781,1.363,"Manufacturing",34,1,0,0.219320431351662,0,310403726,0
461112835,2,13.18,0.839,546,0.457,"IT",17,0,0,0.137931630015373,0.543,461112835,34535910.40924
288832439,8,11.32,0.466,350,1.291,"Manufacturing",40,1,1,0.416967004537582,0,288832439,0
72676110,8,9.15,0.724,416,0.741,"Manufacturing",29,0,1,0.245211184024811,0.259,72676110,4615637.7007051
183177308,9,9.49,0.315,723,1.216,"Infrastructure",9,0,0,0.0183273814618587,0,183177308,0
27601467,5,16.18,0.73,618,1.39,"Manufacturing",21,0,0,0.127940833568573,0,27601467,0
58667415,2,11.32,0.249,337,0.728,"Manufacturing",12,0,0,0.0410057418048382,0.272,58667415,654350.637142463
363116282,6,17.28,0.593,875,1.583,"Retail",28,0,0,0.0206240117549896,0,363116282,0
84905155,4,11.5,0.517,412,1.577,"Infrastructure",4,2,0,0.326123476028442,0,84905155,0
479266068,6,12.27,0.618,876,0.471,"IT",11,3,0,0.188442081212997,0.529,479266068,47776050.618297
31169237,6,12.02,0.614,639,1.435,"Infrastructure",35,3,0,0.241127893328667,0,31169237,0
486763745,2,12.25,0.653,439,0.381,"Infrastructure",30,0,0,0.0945390909910202,0.619,486763745,28485267.0254249
246602365,1,10.95,0.674,493,1.522,"Real_Estate",15,0,0,0.27923995256424,0,246602365,0
351757632,4,16.93,0.446,452,0.74,"Retail",45,2,0,0.167005509138107,0.26,351757632,15273820.2305975
362191754,6,14.62,0.523,655,0.504,"Retail",8,0,0,0.148856744170189,0.496,362191754,26741683.8918021
382303160,1,13.74,0.333,616,0.405,"Manufacturing",2,0,0,0.148304730653763,0.595,382303160,33734933.46727
439834081,3,17.34,0.247,428,0.998,"IT",8,0,0,0.16536657512188,0.002,439834081,145467.711193699
356433774,4,17.88,0.405,520,1.967,"Retail",11,0,0,0.320702970027924,0,356433774,0
123258988,9,9.13,0.565,301,0.068,"Manufacturing",12,0,1,0.307287305593491,0.932,123258988,35300359.5954368
246899589,5,12.79,0.661,878,1.998,"Retail",26,3,1,0.404471933841705,0,246899589,0
379066729,6,14.73,0.715,719,0.032,"IT",31,1,0,0.107171803712845,0.968,379066729,39325256.5920755
1186366,8,8.53,0.38,714,0.926,"Retail",9,2,0,0.220711603760719,0.074,1186366,19376.510945532
42832913,5,12.4,0.667,811,0.904,"Manufacturing",12,0,0,0.0445045530796051,0.096,42832913,183000.92641561
388514832,3,16.55,0.122,729,0.177,"Retail",41,1,0,0.0259598046541214,0.823,388514832,8300588.00546986
147467800,8,14.47,0.632,885,0.384,"Infrastructure",35,1,0,0.0709730237722397,0.616,147467800,6447201.17582457
174559575,5,14.41,0.716,729,1.629,"Retail",22,3,0,0.155134662985802,0,174559575,0
324909698,6,9.54,0.616,892,0.505,"Manufacturing",40,0,0,0.0154397217556834,0.495,324909698,2483175.08975735
422020617,6,11.95,0.575,531,0.651,"Manufacturing",34,0,0,0.0951674357056618,0.349,422020617,14016754.3572491
35468274,4,8.41,0.25,631,0.755,"Real_Estate",10,0,0,0.020667253062129,0.245,35468274,179592.789636558
133403869,2,9.05,0.3,779,0.379,"Real_Estate",27,0,0,0.0365823470056057,0.621,133403869,3030620.73576963
355449827,10,14.71,0.724,361,1.472,"IT",7,3,0,0.534779012203217,0,355449827,0
26483350,3,16.1,0.426,351,0.292,"Manufacturing",2,1,0,0.826843202114105,0.708,26483350,15503485.1650297
168404932,1,10.38,0.337,596,1.329,"Manufacturing",22,0,0,0.0198022834956646,0,168404932,0
446845881,2,15.23,0.626,599,1.559,"Manufacturing",4,2,0,0.277845114469528,0,446845881,0
114786893,2,15.46,0.899,745,1.759,"Retail",30,1,1,0.152880400419235,0,114786893,0
286410208,4,14.07,0.86,845,0.184,"Retail",31,0,1,0.094079814851284,0.816,286410208,21987462.1815687
96331575,10,8.32,0.19,437,0.087,"Real_Estate",12,0,0,0.0348836295306683,0.913,96331575,3068040.61163248
499881856,6,17.4,0.786,322,0.08,"Infrastructure",23,0,0,0.193601012229919,0.92,499881856,89035422.6516132
251422972,5,15.43,0.316,753,1.355,"Real_Estate",23,0,0,0.0221179556101561,0,251422972,0
410209696,10,9.44,0.318,390,0.649,"Retail",41,2,0,0.137259259819984,0.351,410209696,19763082.8146232
318912079,8,11.84,0.674,395,1.684,"Real_Estate",13,2,1,0.648045778274536,0,318912079,0
426545876,6,13.82,0.895,379,1.049,"Infrastructure",41,1,0,0.121400617063046,0,426545876,0
343865781,7,17.92,0.47,454,1.736,"Manufacturing",28,0,0,0.190200805664062,0,343865781,0
388979595,7,12.02,0.822,761,1.559,"Retail",3,0,0,0.0575105138123035,0,388979595,0
74178462,6,9.95,0.301,840,1.72,"Infrastructure",31,1,0,0.0287937950342894,0,74178462,0
137289628,2,14.97,0.65,595,1.871,"Retail",23,0,0,0.252926617860794,0,137289628,0
130950128,1,17.33,0.773,863,0.683,"Manufacturing",12,2,0,0.184440046548843,0.317,130950128,7656325.92213535
178410062,5,14.71,0.618,540,1.133,"Manufacturing",36,0,0,0.0710255354642868,0,178410062,0
131204415,1,16.53,0.797,817,1.282,"Manufacturing",12,0,0,0.0651839822530746,0,131204415,0
427838662,3,12.53,0.348,761,0.168,"Retail",38,0,0,0.0146502740681171,0.832,427838662,5214937.4411568
367694766,7,10.73,0.87,351,1.119,"Manufacturing",29,0,1,0.301568180322647,0,367694766,0
427301993,6,8.67,0.665,321,1.296,"Manufacturing",39,0,0,0.176870241761208,0,427301993,0
367418463,3,12.33,0.308,801,1.914,"Manufacturing",43,1,0,0.0105628753080964,0,367418463,0
360301944,6,13.19,0.698,794,1.709,"Retail",35,0,0,0.0299903191626072,0,360301944,0
491686298,8,10.79,0.109,411,1.582,"Manufacturing",18,2,1,0.0637083202600479,0,491686298,0
81801755,4,17.31,0.461,488,0.432,"Manufacturing",49,1,0,0.141210943460464,0.568,81801755,6561140.10415437
383323759,5,13.45,0.745,749,0.394,"IT",15,1,0,0.0739730969071388,0.606,383323759,17183521.2162173
477030642,2,8.25,0.642,688,0.378,"IT",5,1,0,0.222400471568108,0.622,477030642,65989124.3140735
133687687,1,13.63,0.642,420,1.27,"Manufacturing",45,0,0,0.036957923322916,0,133687687,0
43832947,9,10.95,0.255,806,0.985,"Real_Estate",5,0,0,0.0211947076022625,0.015,43832947,13935.397425157
115233950,9,9.61,0.78,483,0.375,"Retail",11,1,1,0.404861956834793,0.625,115233950,29158651.5567517
166882332,1,14.92,0.804,454,1.876,"Manufacturing",8,0,0,0.520201027393341,0,166882332,0
475947705,8,15,0.651,645,1.423,"Infrastructure",13,2,1,0.425940632820129,0,475947705,0
